Name,Price,Image URL,Number of Colors,Product Link,category
,,No image available,,,enfant
,,No image available,,,enfant
,,No image available,,,enfant
,,No image available,,,enfant
,,No image available,,,enfant
,,No image available,,,enfant
BLOUSE,25.90 TND,https://images.zen.com.tn/medias/folder_15_07_2024/8_U2_A8297_b54d678f42.webp,1 Couleurs,/fr/produit/3475-blouse,enfant
BLOUSE,25.90 TND,https://images.zen.com.tn/medias/folder_15_07_2024/8_U2_A8297_b54d678f42.webp,1 Couleurs,/fr/produit/3475-blouse,enfant
BLOUSE,25.90 TND,https://images.zen.com.tn/medias/folder_07_10_2024/8_U2_A5699_8a5653f7e3.webp,3 Couleurs,/fr/produit/3818-blouse,enfant
BLOUSE,25.90 TND,https://images.zen.com.tn/medias/folder_07_10_2024/8_U2_A5680_539a09439d.webp,1 Couleurs,/fr/produit/3817-blouse,enfant
ENSEMBLE,55.90 TND,https://images.zen.com.tn/medias/folder_06_08_2024/8_U2_A3895_004fb00fc3.webp,2 Couleurs,/fr/produit/3529-ensemble,enfant
ROBE,39.90 TND,https://images.zen.com.tn/uploads/8_U2_A3686_10a18d0d8e.JPG,2 Couleurs,/fr/produit/3888-robe,enfant
ROBE,49.90 TND,https://images.zen.com.tn/medias/folder_20_07_2024/8_U2_A8822_713bb4e414.webp,2 Couleurs,/fr/produit/3485-robe,enfant
ROBE,59.90 TND,https://images.zen.com.tn/medias/folder_10_09_2024/8_U2_A0055_4bb11eb66f.webp,1 Couleurs,/fr/produit/3576-robe,enfant
T SHIRT,25.90 TND,https://images.zen.com.tn/uploads/8_U2_A1173_a16a81d3ed.JPG,1 Couleurs,/fr/produit/5040-t-shirt,enfant
CHEMISE,39.90 TND,https://images.zen.com.tn/medias/folder_02_07_2024/8_U2_A5713_a95cf12468.webp,1 Couleurs,/fr/produit/3388-chemise,enfant
CHEMISE,27.93 TND  39.90 TND,https://images.zen.com.tn/uploads/8_U2_A0388_cfcb522e89.JPG,1 Couleurs,/fr/produit/4221-chemise,enfant
JUPE,27.93 TND  39.90 TND,https://images.zen.com.tn/uploads/8_U2_A1605_cebd592ad2.JPG,1 Couleurs,/fr/produit/4660-jupe,enfant
ROBE,69.90 TND,https://images.zen.com.tn/uploads/8_U2_A1190_23f00213fe.JPG,1 Couleurs,/fr/produit/5128-robe,enfant
SANDALE,79.90 TND,https://images.zen.com.tn/uploads/8_U2_A8155_2af414e2d7.JPG,2 Couleurs,/fr/produit/4970-sandale,enfant
T-SHIRT,25.90 TND,https://images.zen.com.tn/uploads/8_U2_A1166_d545d59649.JPG,1 Couleurs,/fr/produit/5075-t-shirt,enfant
T-SHIRT,25.90 TND,https://images.zen.com.tn/uploads/8_U2_A1155_3a8fa9c2fa.JPG,2 Couleurs,/fr/produit/5074-t-shirt,enfant
JUPE,39.90 TND,https://images.zen.com.tn/uploads/8_U2_A1360_cb492f73fc.JPG,3 Couleurs,/fr/produit/5022-jupe,enfant
SANDALE,79.90 TND,https://images.zen.com.tn/uploads/8_U2_A8373_6960d3efcc.JPG,2 Couleurs,/fr/produit/4975-sandale,enfant
SHORT,29.90 TND,https://images.zen.com.tn/uploads/8_U2_A1222_c0a53784e9.JPG,8 Couleurs,/fr/produit/4766-short,enfant
T SHIRT MANCHES LONGUES,27.93 TND  39.90 TND,https://images.zen.com.tn/uploads/8_U2_A8550_39d1679954.jpg,2 Couleurs,/fr/produit/4767-t-shirt-manches-longues,enfant
SHORT,25.90 TND,https://images.zen.com.tn/uploads/8_U2_A1231_c86bb6ebaf.JPG,7 Couleurs,/fr/produit/4740-short,enfant
CHEMISE,35.90 TND,https://images.zen.com.tn/medias/folder_06_08_2024/8_U2_A3869_f595c995aa.webp,3 Couleurs,/fr/produit/3544-chemise,enfant
POLO,35.90 TND,https://images.zen.com.tn/medias/folder_06_08_2024/8_U2_A3734_42461b6c00.webp,2 Couleurs,/fr/produit/3536-polo,enfant
POLO,29.90 TND,https://images.zen.com.tn/medias/folder_06_08_2024/8_U2_A3728_bdd9b94ed6.webp,1 Couleurs,/fr/produit/3556-polo,enfant
POLO,25.90 TND,https://images.zen.com.tn/medias/images/8U2A9956.webp,3 Couleurs,/fr/produit/3631-polo,enfant
ROBE,49.90 TND,https://images.zen.com.tn/medias/folder_10_09_2024/8_U2_A0029_f1d0d61355.webp,2 Couleurs,/fr/produit/3596-robe,enfant
SHORT,45.90 TND,https://images.zen.com.tn/medias/folder_07_10_2024/8_U2_A5627_e4e73fe5ab.webp,2 Couleurs,/fr/produit/3819-short,enfant
SHORT,45.90 TND,https://images.zen.com.tn/medias/images/8U2A0146.webp,3 Couleurs,/fr/produit/3621-short,enfant
SANDALE,79.90 TND,https://images.zen.com.tn/uploads/8_U2_A8464_36293675da.JPG,3 Couleurs,/fr/produit/4971-sandale,enfant
MOCASSIN,41.94 TND  69.90 TND,https://images.zen.com.tn/medias/folder_13_01_2024/8_U2_A8169_141c8aaaab.webp,1 Couleurs,/fr/produit/2203-mocassin,enfant
T SHIRT,25.90 TND,https://images.zen.com.tn/uploads/8_U2_A9801_e47f95675f.JPG,1 Couleurs,/fr/produit/4760-t-shirt,enfant
T SHIRT,25.90 TND,https://images.zen.com.tn/uploads/8_U2_A0089_2d7d0a68db.JPG,3 Couleurs,/fr/produit/4871-t-shirt,enfant
T SHIRT,29.90 TND,https://images.zen.com.tn/uploads/8_U2_A0413_8b76396804.JPG,3 Couleurs,/fr/produit/4867-t-shirt,enfant
T-SHIRT,29.90 TND,https://images.zen.com.tn/uploads/8_U2_A9064_da76d424ac.JPG,3 Couleurs,/fr/produit/4992-t-shirt,enfant
T-SHIRT,29.90 TND,https://images.zen.com.tn/uploads/8_U2_A9161_0f877f8c3d.JPG,3 Couleurs,/fr/produit/4962-t-shirt,enfant
T SHIRT MANCHES LONGUES,25.13 TND  35.90 TND,https://images.zen.com.tn/uploads/8_U2_A9987_451e6b419e.JPG,2 Couleurs,/fr/produit/4669-t-shirt-manches-longues,enfant
T SHIRT MANCHES LONGUES,27.93 TND,https://images.zen.com.tn/uploads/8_U2_A0260_a00787e8eb.JPG,3 Couleurs,/fr/produit/4862-t-shirt-manches-longues,enfant
SWEAT SHIRT,34.93 TND  49.90 TND,https://images.zen.com.tn/uploads/8_U2_A4408_3a83e0f5b0.JPG,2 Couleurs,/fr/produit/4589-sweat-shirt,enfant
ROBE,46.13 TND  65.90 TND,https://images.zen.com.tn/uploads/8_U2_A9570_ab6f41efef.JPG,1 Couleurs,/fr/produit/4723-robe,enfant
PULL OVER,34.93 TND,https://images.zen.com.tn/uploads/8_U2_A9594_7828ebdfce.JPG,2 Couleurs,/fr/produit/4686-pull-over,enfant
JEAN WIDE LEG,65.90 TND,https://images.zen.com.tn/uploads/8_U2_A1348_e3451951d3.JPG,2 Couleurs,/fr/produit/4861-jean-wide-leg,enfant
PANTALON,48.93 TND  69.90 TND,https://images.zen.com.tn/uploads/8_U2_A9365_51442f2d39.JPG,2 Couleurs,/fr/produit/4320-pantalon,enfant
LEGGING,27.93 TND,https://images.zen.com.tn/uploads/8_U2_A9564_6b16e1c680.JPG,1 Couleurs,/fr/produit/4298-legging,enfant
JUPE,27.93 TND  39.90 TND,https://images.zen.com.tn/uploads/8_U2_A1612_4dab475306.JPG,1 Couleurs,/fr/produit/4606-jupe,enfant
JUPE,32.13 TND  45.90 TND,https://images.zen.com.tn/uploads/8_U2_A3824_bfd4659deb.JPG,1 Couleurs,/fr/produit/4523-jupe,enfant
JUPE,27.93 TND,https://images.zen.com.tn/uploads/8_U2_A5010_2467969517.JPG,1 Couleurs,/fr/produit/4927-jupe,enfant
JUPE,27.93 TND  39.90 TND,https://images.zen.com.tn/uploads/8_U2_A0426_f4e016a3c6.JPG,1 Couleurs,/fr/produit/4394-jupe,enfant
JUPE,32.13 TND  45.90 TND,https://images.zen.com.tn/uploads/8_U2_A1656_75328191ed.JPG,1 Couleurs,/fr/produit/4728-jupe,enfant
GILET,41.93 TND,https://images.zen.com.tn/uploads/8_U2_A4368_38a4b46b4c.JPG,2 Couleurs,/fr/produit/4542-gilet,enfant
DEBARDEUR,34.93 TND  49.90 TND,https://images.zen.com.tn/uploads/8_U2_A2448_926a14bc11.JPG,2 Couleurs,/fr/produit/4492-debardeur,enfant
DEBARDEUR,34.93 TND  49.90 TND,https://images.zen.com.tn/uploads/8_U2_A2406_9067739c96.JPG,3 Couleurs,/fr/produit/4463-debardeur,enfant
CHEMISE,39.13 TND,https://images.zen.com.tn/uploads/8_U2_A9468_7a9166fee0.JPG,1 Couleurs,/fr/produit/4684-chemise,enfant
CHEMISE,32.13 TND  45.90 TND,https://images.zen.com.tn/uploads/8_U2_A5564_21ca010e76.JPG,1 Couleurs,/fr/produit/4239-chemise,enfant
CHEMISE,34.93 TND  49.90 TND,https://images.zen.com.tn/uploads/8_U2_A9951_6844491c68.JPG,1 Couleurs,/fr/produit/4827-chemise,enfant
CHEMISE,32.13 TND,https://images.zen.com.tn/uploads/8_U2_A9477_9d3b26fe5c.JPG,2 Couleurs,/fr/produit/4746-chemise,enfant
BLOUSE,49.90 TND,https://images.zen.com.tn/uploads/8_U2_A9142_a508916032.JPG,2 Couleurs,/fr/produit/4953-blouse,enfant
BLOUSE,32.13 TND  45.90 TND,https://images.zen.com.tn/uploads/8_U2_A5499_50318fd1a4.JPG,1 Couleurs,/fr/produit/4909-blouse,enfant
VESTE,48.93 TND,https://images.zen.com.tn/uploads/8_U2_A9770_1d6a9c082b.JPG,2 Couleurs,/fr/produit/4772-veste,enfant
T SHIRT,27.93 TND  39.90 TND,https://images.zen.com.tn/uploads/8_U2_A2373_da986b9836.JPG,2 Couleurs,/fr/produit/4519-t-shirt,enfant
T SHIRT MANCHES LONGUES,27.93 TND  39.90 TND,https://images.zen.com.tn/uploads/8_U2_A5377_ef7913f062.JPG,3 Couleurs,/fr/produit/4743-t-shirt-manches-longues,enfant
SWEAT SHIRT,39.13 TND,https://images.zen.com.tn/uploads/8_U2_A5575_33f1b3fafc.JPG,2 Couleurs,/fr/produit/4326-sweat-shirt,enfant
PANTALON,46.13 TND  65.90 TND,https://images.zen.com.tn/uploads/8_U2_A1400_2b63c604cd.JPG,2 Couleurs,/fr/produit/4646-pantalon,enfant
JACKET,48.93 TND  69.90 TND,https://images.zen.com.tn/uploads/8_U2_A9079_4433f0840e.JPG,1 Couleurs,/fr/produit/4987-jacket,enfant
VESTE,34.93 TND,https://images.zen.com.tn/uploads/8_U2_A1840_5cb21c7dc8.JPG,1 Couleurs,/fr/produit/4783-veste,enfant
SALOPETTE,25.13 TND  35.90 TND,https://images.zen.com.tn/uploads/8_U2_A9430_e58994f513.JPG,2 Couleurs,/fr/produit/4302-salopette,enfant
JEAN,49.90 TND,https://images.zen.com.tn/uploads/JEAN_STONE_2_515a18b4c6.JPG,2 Couleurs,/fr/produit/4284-jean,enfant
JEAN,49.90 TND,https://images.zen.com.tn/uploads/8_U2_A6112_7a02f1be49.JPG,2 Couleurs,/fr/produit/4373-jean,enfant
JUPE,25.13 TND  35.90 TND,https://images.zen.com.tn/uploads/8_U2_A8997_abd7104619.JPG,2 Couleurs,/fr/produit/4996-jupe,enfant
JUPE,25.13 TND  35.90 TND,https://images.zen.com.tn/uploads/8_U2_A1281_403cbfa79d.JPG,3 Couleurs,/fr/produit/4781-jupe,enfant
ENSEMBLE,46.13 TND,https://images.zen.com.tn/uploads/8_U2_A1667_0995be262c.JPG,2 Couleurs,/fr/produit/4674-ensemble,enfant
CHEMISE,27.93 TND  39.90 TND,https://images.zen.com.tn/uploads/8_U2_A5582_7ed81dee0d.JPG,1 Couleurs,/fr/produit/4241-chemise,enfant
T SHIRT MANCHES  LONGUES,20.93 TND  29.90 TND,https://images.zen.com.tn/uploads/8_U2_A5581_d46c9b2c61.JPG,3 Couleurs,/fr/produit/4893-t-shirt-manches--longues,enfant
SWEAT SHIRT,39.13 TND,https://images.zen.com.tn/uploads/8_U2_A9411_4c7a7adbf7.JPG,2 Couleurs,/fr/produit/4612-sweat-shirt,enfant
JUPE SHORT,25.13 TND  35.90 TND,https://images.zen.com.tn/uploads/8_U2_A1639_bac015b4c0.JPG,2 Couleurs,/fr/produit/4717-jupe-short,enfant
T SHIRT MANCHE,25.13 TND  35.90 TND,https://images.zen.com.tn/uploads/8_U2_A0194_9161d8c995.JPG,1 Couleurs,/fr/produit/4583-t-shirt-manche,enfant
CHEMISE,39.13 TND,https://images.zen.com.tn/uploads/8_U2_A9497_67d6631df6.JPG,2 Couleurs,/fr/produit/4649-chemise,enfant
JACKET,46.13 TND  65.90 TND,https://images.zen.com.tn/uploads/8_U2_A5692_0f47e2d2e8.JPG,1 Couleurs,/fr/produit/4890-jacket,enfant
PANTALON,48.93 TND  69.90 TND,https://images.zen.com.tn/uploads/8_U2_A9034_2f4506bade.JPG,1 Couleurs,/fr/produit/5003-pantalon,enfant
PANTALON,65.90 TND,https://images.zen.com.tn/uploads/8_U2_A9082_0d69d117c1.JPG,2 Couleurs,/fr/produit/5004-pantalon,enfant
PANTALON,48.93 TND  69.90 TND,https://images.zen.com.tn/uploads/8_U2_A9017_333c9d35f2.JPG,2 Couleurs,/fr/produit/5005-pantalon,enfant
SALOPETTE,27.93 TND  39.90 TND,https://images.zen.com.tn/uploads/8_U2_A8970_4c3deca6de.JPG,1 Couleurs,/fr/produit/5012-salopette,enfant
SAC,55.90 TND,https://images.zen.com.tn/uploads/8_U2_A9858_ae1efdc03c.JPG,2 Couleurs,/fr/produit/5014-sac,enfant
SWEAT SHIRT,34.93 TND  49.90 TND,https://images.zen.com.tn/uploads/8_U2_A9378_984ccbdf1d.JPG,2 Couleurs,/fr/produit/4696-sweat-shirt,enfant
SALOPETTE,27.93 TND  39.90 TND,https://images.zen.com.tn/uploads/8_U2_A8957_f2f6c8e711.JPG,1 Couleurs,/fr/produit/4685-salopette,enfant
ROBE,41.93 TND,https://images.zen.com.tn/uploads/8_U2_A9449_cb6f305c19.JPG,1 Couleurs,/fr/produit/4718-robe,enfant
PANTALON,32.13 TND  45.90 TND,https://images.zen.com.tn/uploads/8_U2_A9061_0f39186a9f.JPG,3 Couleurs,/fr/produit/4995-pantalon,enfant
ROBE,25.13 TND  35.90 TND,https://images.zen.com.tn/uploads/8_U2_A8987_6488d742c9.JPG,1 Couleurs,/fr/produit/4609-robe,enfant
T-SHIRT,25.13 TND,https://images.zen.com.tn/uploads/8_U2_A9019_1f1c9a6773.JPG,2 Couleurs,/fr/produit/4969-t-shirt,enfant
CEINTURE,29.90 TND,https://images.zen.com.tn/uploads/8_U2_A8615_1bd9911b71.JPG,3 Couleurs,/fr/produit/4966-ceinture,enfant
LEGGING,35.90 TND,https://images.zen.com.tn/uploads/8_U2_A8669_d2a04ebc0e.JPG,3 Couleurs,/fr/produit/4960-legging,enfant
T SHIRT MANCHES LONGUES,27.93 TND,https://images.zen.com.tn/uploads/8_U2_A9026_ca824fcdb7.JPG,2 Couleurs,/fr/produit/4985-t-shirt-manches-longues,enfant
CHEMISE,32.13 TND  45.90 TND,https://images.zen.com.tn/uploads/8_U2_A9458_d2bbdbcd3c.JPG,2 Couleurs,/fr/produit/4661-chemise,enfant
BLOUSE,32.13 TND  45.90 TND,https://images.zen.com.tn/uploads/8_U2_A9441_5429152aae.JPG,1 Couleurs,/fr/produit/4720-blouse,enfant
ROBE,34.93 TND,https://images.zen.com.tn/uploads/8_U2_A9433_ac44fe4cb8.JPG,1 Couleurs,/fr/produit/4676-robe,enfant
ROBE,32.13 TND  45.90 TND,https://images.zen.com.tn/uploads/8_U2_A9425_6b30eea050.JPG,1 Couleurs,/fr/produit/4672-robe,enfant
T SHIRT,29.90 TND,https://images.zen.com.tn/uploads/8_U2_A9048_b9eb20e712.JPG,2 Couleurs,/fr/produit/4982-t-shirt,enfant
T SHIRT,39.90 TND,https://images.zen.com.tn/uploads/8_U2_A8996_e33abd8b0b.JPG,1 Couleurs,/fr/produit/4983-t-shirt,enfant
ROBE,69.90 TND,https://images.zen.com.tn/uploads/8_U2_A9005_4ad8b2c38e.JPG,2 Couleurs,/fr/produit/4993-robe,enfant
ROBE,41.93 TND  59.90 TND,https://images.zen.com.tn/uploads/8_U2_A9275_1168add56e.JPG,1 Couleurs,/fr/produit/4946-robe,enfant
JEAN,48.93 TND,https://images.zen.com.tn/uploads/8_U2_A8694_b649572ebc.JPG,1 Couleurs,/fr/produit/4990-jean,enfant
JEAN FLARE,69.90 TND,https://images.zen.com.tn/uploads/8_U2_A8728_146db3e0ef.JPG,2 Couleurs,/fr/produit/4965-jean-flare,enfant
CHEMISE,34.93 TND  49.90 TND,https://images.zen.com.tn/uploads/8_U2_A9103_52e0959c97.JPG,2 Couleurs,/fr/produit/4959-chemise,enfant
T-SHIRT ML,27.93 TND,https://images.zen.com.tn/uploads/8_U2_A2291_35a376b8b5.JPG,3 Couleurs,/fr/produit/4454-t-shirt-ml,enfant
JUPE JEANS,59.90 TND,https://images.zen.com.tn/uploads/8_U2_A8706_fb8ffd5eac.JPG,1 Couleurs,/fr/produit/4981-jupe-jeans,enfant
JUPE,27.93 TND  39.90 TND,https://images.zen.com.tn/uploads/8_U2_A4945_5e69becfbf.JPG,3 Couleurs,/fr/produit/4931-jupe,enfant
PANTALON,34.93 TND,https://images.zen.com.tn/uploads/8_U2_A5178_6c4ce7d7b7.JPG,1 Couleurs,/fr/produit/4882-pantalon,enfant
POLO,25.13 TND  35.90 TND,https://images.zen.com.tn/uploads/8_U2_A5685_2d76f2ce18.JPG,1 Couleurs,/fr/produit/4915-polo,enfant
T SHIRT,29.90 TND,https://images.zen.com.tn/uploads/8_U2_A9276_b9b5b3399b.JPG,1 Couleurs,/fr/produit/4759-t-shirt,enfant
VESTE,48.93 TND,https://images.zen.com.tn/uploads/8_U2_A5407_2b38f7a13a.JPG,2 Couleurs,/fr/produit/4916-veste,enfant
BLOUSE,41.93 TND  59.90 TND,https://images.zen.com.tn/uploads/8_U2_A9924_494317bc2e.JPG,1 Couleurs,/fr/produit/4833-blouse,enfant
SAC À BANDOULIÉRE,55.90 TND,https://images.zen.com.tn/uploads/8_U2_A3169_f75a2c86ac.JPG,1 Couleurs,/fr/produit/4474-sac-a-bandouliere,enfant
ROBE,39.13 TND,https://images.zen.com.tn/uploads/8_U2_A0139_f44a2f4893.JPG,1 Couleurs,/fr/produit/4859-robe,enfant
JEAN WIDE LEG,59.90 TND,https://images.zen.com.tn/uploads/STONE_2_274c26c6db.JPG,2 Couleurs,/fr/produit/4926-jean-wide-leg,enfant
PULL OVER,34.93 TND  49.90 TND,https://images.zen.com.tn/uploads/8_U2_A1815_6668303398.JPG,2 Couleurs,/fr/produit/4722-pull-over,enfant
CHEMISE,27.93 TND,https://images.zen.com.tn/uploads/8_U2_A9313_53ca6c6adf.JPG,1 Couleurs,/fr/produit/4787-chemise,enfant
JUPE,25.13 TND  35.90 TND,https://images.zen.com.tn/uploads/8_U2_A4995_2c8c61d669.JPG,2 Couleurs,/fr/produit/4928-jupe,enfant
PANTALON,34.93 TND  49.90 TND,https://images.zen.com.tn/uploads/8_U2_A0408_20b0cdfb8a.JPG,1 Couleurs,/fr/produit/4426-pantalon,enfant
SOUS PULL,20.93 TND,https://images.zen.com.tn/uploads/8_U2_A5779_1987c924e8.JPG,3 Couleurs,/fr/produit/4929-sous-pull,enfant
BALLERINE,39.13 TND  55.90 TND,https://images.zen.com.tn/uploads/8_U2_A4227_261d3d6f24.JPG,3 Couleurs,/fr/produit/4588-ballerine,enfant
SAC Ã BANDOULIERE,55.90 TND,https://images.zen.com.tn/uploads/8_U2_A3053_7903a88a32.JPG,2 Couleurs,/fr/produit/4476-sac-a-bandouliere,enfant
BASKET,99.90 TND,https://images.zen.com.tn/uploads/8_U2_A4169_366a5c3e72.JPG,2 Couleurs,/fr/produit/4934-basket,enfant
T SHIRT,35.90 TND,https://images.zen.com.tn/uploads/8_U2_A0242_6648f31ddd.JPG,2 Couleurs,/fr/produit/4807-t-shirt,enfant
PULL OVER,41.93 TND  59.90 TND,https://images.zen.com.tn/uploads/8_U2_A2253_ed66e2b926.JPG,2 Couleurs,/fr/produit/4493-pull-over,enfant
PANTALON,69.90 TND,https://images.zen.com.tn/uploads/8_U2_A1424_2381ad394b.JPG,2 Couleurs,/fr/produit/4756-pantalon,enfant
PANTALON,69.90 TND,https://images.zen.com.tn/uploads/8_U2_A1415_42d2928085.JPG,2 Couleurs,/fr/produit/4755-pantalon,enfant
BLOUSE,32.13 TND  45.90 TND,https://images.zen.com.tn/uploads/8_U2_A5617_339646720b.JPG,2 Couleurs,/fr/produit/4887-blouse,enfant
PULL,20.93 TND,https://images.zen.com.tn/uploads/8_U2_A5758_77754c29c6.JPG,3 Couleurs,/fr/produit/4690-pull,enfant
T SHIRT MANCHE,25.13 TND  35.90 TND,https://images.zen.com.tn/uploads/8_U2_A5730_a2f1e7a5c7.JPG,2 Couleurs,/fr/produit/4714-t-shirt-manche,enfant
ENSEMBLE,41.93 TND  59.90 TND,https://images.zen.com.tn/uploads/8_U2_A5200_02043d507f.JPG,2 Couleurs,/fr/produit/4910-ensemble,enfant
PANTALON,59.90 TND,https://images.zen.com.tn/uploads/8_U2_A5120_8cf2057a90.JPG,2 Couleurs,/fr/produit/4906-pantalon,enfant
ROBE,27.93 TND  39.90 TND,https://images.zen.com.tn/uploads/8_U2_A1598_a0aeae6b21.JPG,1 Couleurs,/fr/produit/4782-robe,enfant
PANTALON,34.93 TND  49.90 TND,https://images.zen.com.tn/uploads/8_U2_A5096_7252dc4af2.JPG,2 Couleurs,/fr/produit/4891-pantalon,enfant
PANTALON,65.90 TND,https://images.zen.com.tn/uploads/8_U2_A1454_e7e263f4a5.JPG,2 Couleurs,/fr/produit/4792-pantalon,enfant
T SHIRT MANCHES LONGUES,25.13 TND  35.90 TND,https://images.zen.com.tn/uploads/8_U2_A5329_d9215017d9.JPG,2 Couleurs,/fr/produit/4883-t-shirt-manches-longues,enfant
ROBE,32.13 TND  45.90 TND,https://images.zen.com.tn/uploads/8_U2_A5170_f3632c0b89.JPG,1 Couleurs,/fr/produit/4896-robe,enfant
JUPE,25.13 TND,https://images.zen.com.tn/uploads/8_U2_A4960_2128e10d9c.JPG,1 Couleurs,/fr/produit/4905-jupe,enfant
SWEAT SHIRT,34.93 TND  49.90 TND,https://images.zen.com.tn/uploads/8_U2_A5400_c1e82e7973.JPG,1 Couleurs,/fr/produit/4666-sweat-shirt,enfant
PANTALON,46.13 TND  65.90 TND,https://images.zen.com.tn/uploads/8_U2_A1524_de648e2909.JPG,1 Couleurs,/fr/produit/4707-pantalon,enfant
T SHIRT,29.90 TND,https://images.zen.com.tn/uploads/8_U2_A9675_fc4e1f5a12.JPG,3 Couleurs,/fr/produit/4614-t-shirt,enfant
CARDIGANS,34.93 TND  49.90 TND,https://images.zen.com.tn/uploads/8_U2_A5265_b7b8b37e87.JPG,1 Couleurs,/fr/produit/4453-cardigans,enfant
T SHIRT,29.90 TND,https://images.zen.com.tn/uploads/8_U2_A9729_f4ce96856f.JPG,2 Couleurs,/fr/produit/4613-t-shirt,enfant
ENSEMBLE,41.93 TND,https://images.zen.com.tn/uploads/8_U2_A1717_1274d130e6.JPG,1 Couleurs,/fr/produit/4857-ensemble,enfant
JACKET,27.93 TND  39.90 TND,https://images.zen.com.tn/uploads/8_U2_A1568_0030b1e581.JPG,1 Couleurs,/fr/produit/4650-jacket,enfant
ROBE,34.93 TND  49.90 TND,https://images.zen.com.tn/uploads/8_U2_A0003_6e0a66ffb9.JPG,1 Couleurs,/fr/produit/4768-robe,enfant
ROBE,34.93 TND,https://images.zen.com.tn/uploads/8_U2_A0149_656da4a38f.JPG,1 Couleurs,/fr/produit/4797-robe,enfant
CHEMISE,27.93 TND  39.90 TND,https://images.zen.com.tn/uploads/8_U2_A0132_07bac9879e.JPG,1 Couleurs,/fr/produit/4798-chemise,enfant
BASKET,129.90 TND,https://images.zen.com.tn/uploads/8_U2_A4290_78eb8f8e43.JPG,2 Couleurs,/fr/produit/4938-basket,enfant
T SHIRT MANCHES LONGUES,27.93 TND,https://images.zen.com.tn/uploads/8_U2_A5574_a110575a01.JPG,3 Couleurs,/fr/produit/4914-t-shirt-manches-longues,enfant
PANTALON,59.90 TND,https://images.zen.com.tn/uploads/8_U2_A1316_2fe0011ea8.JPG,2 Couleurs,/fr/produit/4868-pantalon,enfant
PANTALON,65.90 TND,https://images.zen.com.tn/uploads/8_U2_A1470_e5190aaf32.JPG,2 Couleurs,/fr/produit/4791-pantalon,enfant
JUPE,27.93 TND,https://images.zen.com.tn/uploads/8_U2_A1302_942d90c3fd.JPG,1 Couleurs,/fr/produit/4799-jupe,enfant
CARDIGANS,32.13 TND  45.90 TND,https://images.zen.com.tn/uploads/8_U2_A5600_a1e9b605bf.JPG,3 Couleurs,/fr/produit/4754-cardigans,enfant
PANTALON,46.13 TND  65.90 TND,https://images.zen.com.tn/uploads/8_U2_A2493_0546824d9f.JPG,3 Couleurs,/fr/produit/4514-pantalon,enfant
CHEMISE,45.90 TND,https://images.zen.com.tn/uploads/8_U2_A5521_3c9eb820c4.JPG,2 Couleurs,/fr/produit/4898-chemise,enfant
ROBE,39.13 TND  55.90 TND,https://images.zen.com.tn/uploads/8_U2_A5259_357f50cfd7.JPG,1 Couleurs,/fr/produit/4877-robe,enfant
T SHIRT MANCHES LONGUES,27.93 TND  39.90 TND,https://images.zen.com.tn/uploads/8_U2_A0216_3fb56b4356.JPG,1 Couleurs,/fr/produit/4863-t-shirt-manches-longues,enfant
BLOUSE,32.13 TND,https://images.zen.com.tn/uploads/8_U2_A5268_99b872cde8.JPG,1 Couleurs,/fr/produit/4912-blouse,enfant
ROBE,39.13 TND  55.90 TND,https://images.zen.com.tn/uploads/8_U2_A5278_adc7221f2e.JPG,1 Couleurs,/fr/produit/4897-robe,enfant
T SHIRT MANCHES LONGUES,20.93 TND  29.90 TND,https://images.zen.com.tn/uploads/8_U2_A0117_1494b3a129.JPG,2 Couleurs,/fr/produit/4794-t-shirt-manches-longues,enfant
CHEMISE,27.93 TND,https://images.zen.com.tn/uploads/8_U2_A5506_412a7f29a9.JPG,1 Couleurs,/fr/produit/4889-chemise,enfant
CHEMISE,32.13 TND  45.90 TND,https://images.zen.com.tn/uploads/8_U2_A5424_05c3c2b7f5.JPG,2 Couleurs,/fr/produit/4878-chemise,enfant
ROBE,41.93 TND  59.90 TND,https://images.zen.com.tn/uploads/8_U2_A5282_f8d7ca1c56.JPG,2 Couleurs,/fr/produit/4911-robe,enfant
CHEMISE,27.93 TND,https://images.zen.com.tn/uploads/8_U2_A9871_7c99f5d3e6.JPG,3 Couleurs,/fr/produit/4828-chemise,enfant
ROBE,41.93 TND  59.90 TND,https://images.zen.com.tn/uploads/8_U2_A5482_ab4e4301dc.JPG,1 Couleurs,/fr/produit/4875-robe,enfant
POLO,32.13 TND  45.90 TND,https://images.zen.com.tn/uploads/8_U2_A5647_fb0654e2e6.JPG,5 Couleurs,/fr/produit/4892-polo,enfant
BASKET,119.90 TND,https://images.zen.com.tn/uploads/8_U2_A4737_2120480dab.JPG,2 Couleurs,/fr/produit/4935-basket,enfant
BASKET,119.90 TND,https://images.zen.com.tn/uploads/8_U2_A4692_7baed9eeac.JPG,2 Couleurs,/fr/produit/4943-basket,enfant
BASKET,129.90 TND,https://images.zen.com.tn/uploads/8_U2_A4270_b0f28ca5ef.JPG,1 Couleurs,/fr/produit/4944-basket,enfant
BASKET,129.90 TND,https://images.zen.com.tn/uploads/8_U2_A4527_dc0c0bc405.JPG,2 Couleurs,/fr/produit/4933-basket,enfant
BASKET,99.90 TND,https://images.zen.com.tn/uploads/8_U2_A4411_cafed2b772.JPG,1 Couleurs,/fr/produit/4941-basket,enfant
PULL,20.93 TND  29.90 TND,https://images.zen.com.tn/uploads/8_U2_A5355_4ae926d41a.JPG,2 Couleurs,/fr/produit/4713-pull,enfant
MOCASSIN,62.93 TND,https://images.zen.com.tn/uploads/8_U2_A4136_29b37595b9.JPG,2 Couleurs,/fr/produit/4576-mocassin,enfant
BALLERINE,39.13 TND  55.90 TND,https://images.zen.com.tn/uploads/8_U2_A3845_293e1142ad.JPG,4 Couleurs,/fr/produit/4578-ballerine,enfant
BALLERINE,41.93 TND  59.90 TND,https://images.zen.com.tn/uploads/8_U2_A4053_1c94edcf1c.JPG,1 Couleurs,/fr/produit/4581-ballerine,enfant
BALLERINE,41.93 TND,https://images.zen.com.tn/uploads/8_U2_A4075_32c4bd52f3.JPG,1 Couleurs,/fr/produit/4582-ballerine,enfant
BALLERINE,39.13 TND  55.90 TND,https://images.zen.com.tn/uploads/8_U2_A4229_185cc98723.JPG,2 Couleurs,/fr/produit/4579-ballerine,enfant
BALLERINE,32.13 TND  45.90 TND,https://images.zen.com.tn/uploads/8_U2_A3950_8954422bfd.JPG,7 Couleurs,/fr/produit/4580-ballerine,enfant
SAC,55.90 TND,https://images.zen.com.tn/uploads/8_U2_A3011_0e8e1b6f81.JPG,2 Couleurs,/fr/produit/4475-sac,enfant
VESTE,41.93 TND  59.90 TND,https://images.zen.com.tn/uploads/8_U2_A8731_7a306d0cd1.jpg,2 Couleurs,/fr/produit/4775-veste,enfant
T SHIRT MANCHES LONGUES,20.93 TND  29.90 TND,https://images.zen.com.tn/uploads/8_U2_A5456_cb6ac24ff3.JPG,3 Couleurs,/fr/produit/4699-t-shirt-manches-longues,enfant
BASKETS,83.93 TND,https://images.zen.com.tn/uploads/8_U2_A1029_be2480d9d7.JPG,2 Couleurs,/fr/produit/4800-baskets,enfant
BLOUSE,27.93 TND  39.90 TND,https://images.zen.com.tn/uploads/8_U2_A0075_d75d8a6c63.JPG,2 Couleurs,/fr/produit/4858-blouse,enfant
VESTE,39.13 TND  55.90 TND,https://images.zen.com.tn/uploads/8_U2_A9962_7f5e06474f.JPG,1 Couleurs,/fr/produit/4864-veste,enfant
ENSEMBLE MAILLE,67.13 TND,https://images.zen.com.tn/uploads/8_U2_A2659_4753fbde10.JPG,2 Couleurs,/fr/produit/4510-ensemble-maille,enfant
JACKET,41.93 TND  59.90 TND,https://images.zen.com.tn/uploads/8_U2_A1574_e64f80c276.JPG,1 Couleurs,/fr/produit/4749-jacket,enfant
SWEAT SHIRT,32.13 TND  45.90 TND,https://images.zen.com.tn/uploads/8_U2_A9901_ad9729aa20.JPG,3 Couleurs,/fr/produit/4865-sweat-shirt,enfant
VESTE,48.93 TND,https://images.zen.com.tn/uploads/8_U2_A9387_a50686481b.JPG,2 Couleurs,/fr/produit/4793-veste,enfant
T-SHIRT MANCHES LONGUES,20.93 TND  29.90 TND,https://images.zen.com.tn/uploads/8_U2_A0178_9e36b8d71a.JPG,2 Couleurs,/fr/produit/4836-t-shirt-manches-longues,enfant
TSHIRT MANCHES LONGUES,20.93 TND  29.90 TND,https://images.zen.com.tn/uploads/8_U2_A9831_a754dc4c75.JPG,1 Couleurs,/fr/produit/4698-tshirt-manches-longues,enfant
PANTALON,34.93 TND,https://images.zen.com.tn/uploads/8_U2_A1486_0c391e0cb7.JPG,1 Couleurs,/fr/produit/4487-pantalon,enfant
LEGGING,34.93 TND  49.90 TND,https://images.zen.com.tn/uploads/8_U2_A1493_7bafac2a52.JPG,3 Couleurs,/fr/produit/4657-legging,enfant
SALOPETTE,32.13 TND  45.90 TND,https://images.zen.com.tn/uploads/8_U2_A1590_d86aedea0e.JPG,1 Couleurs,/fr/produit/4738-salopette,enfant
T SHIRT MANCHES LONGUES,27.93 TND,https://images.zen.com.tn/uploads/8_U2_A9524_fae9d11273.JPG,1 Couleurs,/fr/produit/4778-t-shirt-manches-longues,enfant
PANTALON  JEANS,59.90 TND,https://images.zen.com.tn/uploads/8_U2_A1546_1b8536d36f.JPG,1 Couleurs,/fr/produit/4724-pantalon--jeans,enfant
JEAN BAGGY,41.93 TND  59.90 TND,https://images.zen.com.tn/uploads/8_U2_A1560_2d36569dc4.JPG,2 Couleurs,/fr/produit/4641-jean-baggy,enfant
VESTE,55.93 TND,https://images.zen.com.tn/uploads/8_U2_A9514_27e622bc0e.JPG,1 Couleurs,/fr/produit/4747-veste,enfant
T SHIRT MANCHE,20.93 TND  29.90 TND,https://images.zen.com.tn/uploads/8_U2_A9972_330894c8b2.JPG,3 Couleurs,/fr/produit/4447-t-shirt-manche,enfant
SALOPETTE,27.93 TND  39.90 TND,https://images.zen.com.tn/uploads/8_U2_A7483_152079fc60.JPG,2 Couleurs,/fr/produit/4378-salopette,enfant
SAC À BANDOULIERE,55.90 TND,https://images.zen.com.tn/uploads/8_U2_A4523_3618fddeee.JPG,1 Couleurs,/fr/produit/4471-sac-a-bandouliere,enfant
ROBE,41.93 TND  59.90 TND,https://images.zen.com.tn/uploads/8_U2_A5543_a2d99b2efa.JPG,2 Couleurs,/fr/produit/4324-robe,enfant
ROBE,41.93 TND  59.90 TND,https://images.zen.com.tn/uploads/8_U2_A9577_6d73465848.JPG,2 Couleurs,/fr/produit/4719-robe,enfant
ROBE,39.13 TND,https://images.zen.com.tn/uploads/8_U2_A0199_38382bd353.JPG,2 Couleurs,/fr/produit/4795-robe,enfant
ROBE,39.13 TND  55.90 TND,https://images.zen.com.tn/uploads/8_U2_A3533_024488b507.JPG,1 Couleurs,/fr/produit/4543-robe,enfant
ROBE,39.13 TND  55.90 TND,https://images.zen.com.tn/uploads/8_U2_A5529_86aa9671d8.JPG,1 Couleurs,/fr/produit/4321-robe,enfant
PULL,20.93 TND,https://images.zen.com.tn/uploads/8_U2_A2245_48f7c66dc3.JPG,2 Couleurs,/fr/produit/4458-pull,enfant
PANTALON,20.93 TND  29.90 TND,https://images.zen.com.tn/uploads/8_U2_A2616_e8484fbc5c.JPG,2 Couleurs,/fr/produit/4457-pantalon,enfant
PANTALON,20.93 TND  29.90 TND,https://images.zen.com.tn/uploads/8_U2_A0509_a8749200d6_a02b3ccafc.jpg,3 Couleurs,/fr/produit/4448-pantalon,enfant
JACKET,32.13 TND,https://images.zen.com.tn/uploads/8_U2_A1273_fbdff0c030.JPG,1 Couleurs,/fr/produit/4739-jacket,enfant
JACKET,32.13 TND  45.90 TND,https://images.zen.com.tn/uploads/8_U2_A9448_ac7b2de67f.JPG,2 Couleurs,/fr/produit/4202-jacket,enfant
BOLERO,32.13 TND  45.90 TND,https://images.zen.com.tn/uploads/8_U2_A3561_c449685322.JPG,3 Couleurs,/fr/produit/4541-bolero,enfant
BLOUSE,39.90 TND,https://images.zen.com.tn/uploads/8_U2_A5536_ae005ba133.JPG,1 Couleurs,/fr/produit/4323-blouse,enfant
T SHIRT,35.90 TND,https://images.zen.com.tn/uploads/8_U2_A2367_9d81a05d39.JPG,2 Couleurs,/fr/produit/4518-t-shirt,enfant
JOGGER,34.93 TND  49.90 TND,https://images.zen.com.tn/uploads/8_U2_A3817_b03a755d46.JPG,3 Couleurs,/fr/produit/4566-jogger,enfant
GILET,27.93 TND,https://images.zen.com.tn/uploads/8_U2_A0481_3436eb34b5.JPG,1 Couleurs,/fr/produit/4217-gilet,enfant
CHEMISE,41.93 TND  59.90 TND,https://images.zen.com.tn/uploads/8_U2_A9289_b74de090f8.JPG,1 Couleurs,/fr/produit/4242-chemise,enfant
CHEMISE,59.90 TND,https://images.zen.com.tn/medias/folder_04_10_2024/8_U2_A5492_c2a6831187.webp,3 Couleurs,/fr/produit/3636-chemise,enfant
T SHIRT MANCHES LONGUES,20.93 TND,https://images.zen.com.tn/uploads/8_U2_A9378_e8cae19760.JPG,3 Couleurs,/fr/produit/4741-t-shirt-manches-longues,enfant
ROBE,32.13 TND  45.90 TND,https://images.zen.com.tn/uploads/8_U2_A0068_97b7743853.JPG,1 Couleurs,/fr/produit/4730-robe,enfant
ROBE,27.93 TND  39.90 TND,https://images.zen.com.tn/uploads/8_U2_A5924_fa77eaeef2.JPG,1 Couleurs,/fr/produit/4363-robe,enfant
ROBE,34.93 TND,https://images.zen.com.tn/uploads/8_U2_A3496_d115c16aab.JPG,1 Couleurs,/fr/produit/4525-robe,enfant
ROBE,34.93 TND  49.90 TND,https://images.zen.com.tn/uploads/8_U2_A5954_09a572d9b1.JPG,1 Couleurs,/fr/produit/4353-robe,enfant
ROBE,32.13 TND  45.90 TND,https://images.zen.com.tn/uploads/8_U2_A0036_d67456df5d.JPG,1 Couleurs,/fr/produit/4675-robe,enfant
ROBE,34.93 TND,https://images.zen.com.tn/uploads/8_U2_A9979_bd1e842a1a.JPG,1 Couleurs,/fr/produit/4435-robe,enfant
JUPE SHORT,25.13 TND  35.90 TND,https://images.zen.com.tn/uploads/8_U2_A0363_8a5a7ee753.JPG,1 Couleurs,/fr/produit/4399-jupe-short,enfant
CHEMISE,32.13 TND  45.90 TND,https://images.zen.com.tn/uploads/8_U2_A9505_6ef8a987b0.JPG,1 Couleurs,/fr/produit/4748-chemise,enfant
CHEMISE,39.13 TND,https://images.zen.com.tn/uploads/8_U2_A9347_2575d12f19.JPG,1 Couleurs,/fr/produit/4309-chemise,enfant
SUR CHEMISE,39.13 TND  55.90 TND,https://images.zen.com.tn/uploads/8_U2_A5946_f12b03351b.JPG,1 Couleurs,/fr/produit/4365-sur-chemise,enfant
CHEMISE,32.13 TND  45.90 TND,https://images.zen.com.tn/medias/folder_28_10_2024/8_U2_A3041_440368fe91.webp,2 Couleurs,/fr/produit/3965-chemise,enfant
CHEMISE,32.13 TND,https://images.zen.com.tn/medias/folder_27_03_2024/8_U2_A4318_ea07dff235.webp,1 Couleurs,/fr/produit/2718-chemise,enfant
POLO,27.93 TND  39.90 TND,https://images.zen.com.tn/uploads/8_U2_A4416_de0f07eed6.JPG,2 Couleurs,/fr/produit/4564-polo,enfant
PANTALON,65.90 TND,https://images.zen.com.tn/uploads/8_U2_A4401_94abe6a2d8.JPG,2 Couleurs,/fr/produit/4146-pantalon,enfant
T-SHIRT,25.13 TND,https://images.zen.com.tn/medias/folder_01_11_2024/8_U2_A4564_8de81e4867.webp,1 Couleurs,/fr/produit/3980-t-shirt,enfant
JUPE,25.13 TND  35.90 TND,https://images.zen.com.tn/uploads/8_U2_A5270_4a9e609230.JPG,2 Couleurs,/fr/produit/4240-jupe,enfant
JUPE,27.93 TND  39.90 TND,https://images.zen.com.tn/uploads/8_U2_A0373_b1620f6d35.JPG,1 Couleurs,/fr/produit/4395-jupe,enfant
POLO,32.13 TND,https://images.zen.com.tn/uploads/8_U2_A4339_687a006111.JPG,1 Couleurs,/fr/produit/4575-polo,enfant
CHEMISE,34.93 TND  49.90 TND,https://images.zen.com.tn/uploads/8_U2_A9455_5af14d58c0.JPG,2 Couleurs,/fr/produit/4679-chemise,enfant
CHEMISE,34.93 TND  49.90 TND,https://images.zen.com.tn/medias/folder_31_10_2024/8_U2_A4590_e00ac5b475.webp,2 Couleurs,/fr/produit/3978-chemise,enfant
CHEMISE,27.93 TND,https://images.zen.com.tn/uploads/8_U2_A9994_2184680d42.JPG,1 Couleurs,/fr/produit/4764-chemise,enfant
T SHIRT MANCHE,32.13 TND  45.90 TND,https://images.zen.com.tn/uploads/8_U2_A3515_dfdc84c4d1.JPG,2 Couleurs,/fr/produit/4570-t-shirt-manche,enfant
SWEAT SHIRT,32.13 TND  45.90 TND,https://images.zen.com.tn/uploads/8_U2_A0018_ad5d2104d7.JPG,1 Couleurs,/fr/produit/4712-sweat-shirt,enfant
LEGGING,39.13 TND,https://images.zen.com.tn/uploads/8_U2_A2523_daf685282c.JPG,2 Couleurs,/fr/produit/4522-legging,enfant
GILET,39.13 TND  55.90 TND,https://images.zen.com.tn/uploads/8_U2_A4680_f9417f3732.JPG,2 Couleurs,/fr/produit/4524-gilet,enfant
GILET,32.13 TND  45.90 TND,https://images.zen.com.tn/uploads/8_U2_A9608_ab8ab62899.JPG,3 Couleurs,/fr/produit/4734-gilet,enfant
BLOUSE,27.93 TND,https://images.zen.com.tn/uploads/8_U2_A9683_a5f2ae4cab.JPG,1 Couleurs,/fr/produit/4677-blouse,enfant
CHEMISE,27.93 TND  39.90 TND,https://images.zen.com.tn/uploads/8_U2_A5930_3e1693d902.JPG,2 Couleurs,/fr/produit/4366-chemise,enfant
MOCASSIN,48.93 TND  69.90 TND,https://images.zen.com.tn/uploads/8_U2_A4489_e64677584e.JPG,1 Couleurs,/fr/produit/4440-mocassin,enfant
PULL,20.93 TND,https://images.zen.com.tn/uploads/8_U2_A9288_9bbcc38552.JPG,3 Couleurs,/fr/produit/4700-pull,enfant
ENSEMBLE,69.93 TND  99.90 TND,https://images.zen.com.tn/uploads/8_U2_A2696_0ff978b0d8.JPG,1 Couleurs,/fr/produit/4488-ensemble,enfant
ROBE,32.13 TND  45.90 TND,https://images.zen.com.tn/uploads/8_U2_A0415_0ff0e00705.JPG,1 Couleurs,/fr/produit/4396-robe,enfant
MOCASSIN,62.93 TND,https://images.zen.com.tn/uploads/8_U2_A4098_139bc60bfb.JPG,2 Couleurs,/fr/produit/4577-mocassin,enfant
LEGGING,27.93 TND  39.90 TND,https://images.zen.com.tn/uploads/8_U2_A6205_5764a318bb.JPG,1 Couleurs,/fr/produit/4349-legging,enfant
JUPE,27.93 TND  39.90 TND,https://images.zen.com.tn/uploads/8_U2_A3835_d236002927.JPG,1 Couleurs,/fr/produit/4552-jupe,enfant
ENSEMBLE,55.93 TND,https://images.zen.com.tn/uploads/8_U2_A4213_5d23667697.JPG,2 Couleurs,/fr/produit/4554-ensemble,enfant
DEBARDEUR,32.13 TND  45.90 TND,https://images.zen.com.tn/uploads/8_U2_A2440_89297c77c1.JPG,2 Couleurs,/fr/produit/4465-debardeur,enfant
T SHIRT MANCHES LONGUES,25.13 TND  35.90 TND,https://images.zen.com.tn/uploads/8_U2_A9762_50d2a57719.JPG,2 Couleurs,/fr/produit/4702-t-shirt-manches-longues,enfant
T SHIRT MANCHE,27.93 TND,https://images.zen.com.tn/uploads/8_U2_A9545_068bf071eb.JPG,2 Couleurs,/fr/produit/4701-t-shirt-manche,enfant
ROBE,27.93 TND  39.90 TND,https://images.zen.com.tn/uploads/8_U2_A6097_00d7c6b9ac.JPG,1 Couleurs,/fr/produit/4364-robe,enfant
ROBE,34.93 TND  49.90 TND,https://images.zen.com.tn/uploads/8_U2_A5478_91ca0940e2.JPG,1 Couleurs,/fr/produit/4377-robe,enfant
LEGGING,25.13 TND,https://images.zen.com.tn/uploads/8_U2_A6215_220772aae8.JPG,1 Couleurs,/fr/produit/4350-legging,enfant
ROBE,39.13 TND  55.90 TND,https://images.zen.com.tn/uploads/8_U2_A5660_50be4bd564.JPG,2 Couleurs,/fr/produit/4322-robe,enfant
CHEMISE,32.13 TND  45.90 TND,https://images.zen.com.tn/uploads/8_U2_A5590_bf5fb0a298.JPG,1 Couleurs,/fr/produit/4272-chemise,enfant
DEBARDEUR,27.93 TND,https://images.zen.com.tn/uploads/8_U2_A2472_176e2d3bf3.JPG,2 Couleurs,/fr/produit/4464-debardeur,enfant
BLOUSE,25.13 TND  35.90 TND,https://images.zen.com.tn/uploads/8_U2_A7862_b167fe0af1.JPG,1 Couleurs,/fr/produit/4406-blouse,enfant
BLOUSE,27.93 TND  39.90 TND,https://images.zen.com.tn/uploads/8_U2_A2298_8801f80a9d.JPG,1 Couleurs,/fr/produit/4449-blouse,enfant
ROBE,39.13 TND,https://images.zen.com.tn/uploads/8_U2_A9587_a13fa8aa64.JPG,1 Couleurs,/fr/produit/4529-robe,enfant
CARDIGAN,32.13 TND  45.90 TND,https://images.zen.com.tn/uploads/8_U2_A9786_e0d25ca79a.JPG,2 Couleurs,/fr/produit/4560-cardigan,enfant
ROBE,49.90 TND,https://images.zen.com.tn/uploads/8_U2_A5705_3c98b390f1.JPG,2 Couleurs,/fr/produit/4308-robe,enfant
T-SHIRT ML,25.13 TND,https://images.zen.com.tn/uploads/8_U2_A9706_8c3f021381.JPG,4 Couleurs,/fr/produit/4694-t-shirt-ml,enfant
CHEMISE,27.93 TND  39.90 TND,https://images.zen.com.tn/medias/folder_13_04_2024/8_U2_A9835_523fef8ec4.webp,1 Couleurs,/fr/produit/2853-chemise,enfant
MOCASSIN,48.93 TND  69.90 TND,https://images.zen.com.tn/uploads/8_U2_A4575_4e4601d03b.JPG,2 Couleurs,/fr/produit/4616-mocassin,enfant
POLO,27.93 TND,https://images.zen.com.tn/uploads/8_U2_A3639_916bfee025.JPG,3 Couleurs,/fr/produit/4557-polo,enfant
T SHIRT MANCHES LONGUES,27.93 TND  39.90 TND,https://images.zen.com.tn/uploads/8_U2_A4433_e97f6f278b.JPG,2 Couleurs,/fr/produit/4590-t-shirt-manches-longues,enfant
CEINTURE,29.90 TND,https://images.zen.com.tn/uploads/8_U2_A3771_550d4139df.JPG,2 Couleurs,/fr/produit/4460-ceinture,enfant
BASKET,76.93 TND,https://images.zen.com.tn/medias/folder_23_09_2024/8_U2_A1504_6c4e7c2376.webp,1 Couleurs,/fr/produit/3783-basket,enfant
BASKET,69.93 TND  99.90 TND,https://images.zen.com.tn/medias/folder_23_09_2024/8_U2_A1018_cc0fd711cb.webp,2 Couleurs,/fr/produit/3795-basket,enfant
T SHIRT MANCHE,27.93 TND  39.90 TND,https://images.zen.com.tn/uploads/8_U2_A3468_29e92af8f0.JPG,1 Couleurs,/fr/produit/4533-t-shirt-manche,enfant
ROBE,34.93 TND,https://images.zen.com.tn/uploads/8_U2_A4377_4af57f6f24.JPG,2 Couleurs,/fr/produit/4572-robe,enfant
CARDIGANS,34.93 TND  49.90 TND,https://images.zen.com.tn/uploads/8_U2_A0013_fedfcc6dc0.JPG,2 Couleurs,/fr/produit/4438-cardigans,enfant
T SHIRT,29.90 TND,https://images.zen.com.tn/uploads/8_U2_A7940_95525fa1ab.JPG,2 Couleurs,/fr/produit/4389-t-shirt,enfant
BASKET,99.90 TND,https://images.zen.com.tn/medias/folder_23_09_2024/8_U2_A1379_6e8999eb82.webp,2 Couleurs,/fr/produit/3779-basket,enfant
BASKET,99.90 TND,https://images.zen.com.tn/medias/folder_23_09_2024/8_U2_A0925_fe423a3a0e.webp,2 Couleurs,/fr/produit/3781-basket,enfant
T-SHIRT MANCHES LONGUES,25.13 TND  35.90 TND,https://images.zen.com.tn/uploads/8_U2_A7828_9b2b3954a5.JPG,2 Couleurs,/fr/produit/4414-t-shirt-manches-longues,enfant
JEAN FLARE,41.93 TND,https://images.zen.com.tn/uploads/8_U2_A9391_cf5ee2ca9a.JPG,2 Couleurs,/fr/produit/4307-jean-flare,enfant
JACKET,27.93 TND  39.90 TND,https://images.zen.com.tn/uploads/8_U2_A3669_fcc9fb23b7.JPG,2 Couleurs,/fr/produit/4109-jacket,enfant
CHEMISE,32.13 TND  45.90 TND,https://images.zen.com.tn/uploads/8_U2_A3454_690aa1ee2f.JPG,1 Couleurs,/fr/produit/4526-chemise,enfant
BOLERO,27.93 TND,https://images.zen.com.tn/uploads/8_U2_A9987_7672c6a8dd.JPG,4 Couleurs,/fr/produit/4439-bolero,enfant
PULL,20.93 TND  29.90 TND,https://images.zen.com.tn/uploads/8_U2_A7848_79d5bb62fa.JPG,3 Couleurs,/fr/produit/4415-pull,enfant
SWEAT SHIRT,27.93 TND  39.90 TND,https://images.zen.com.tn/uploads/8_U2_A5961_394d218570.JPG,1 Couleurs,/fr/produit/4305-sweat-shirt,enfant
VESTE,46.13 TND,https://images.zen.com.tn/uploads/8_U2_A3475_71fd917fea.JPG,2 Couleurs,/fr/produit/4539-veste,enfant
PULL,27.93 TND  39.90 TND,https://images.zen.com.tn/uploads/8_U2_A2273_5edf9f7d7b.JPG,3 Couleurs,/fr/produit/4480-pull,enfant
PANTALON CARGO,55.93 TND  79.90 TND,https://images.zen.com.tn/uploads/8_U2_A4451_95754ad70e.JPG,1 Couleurs,/fr/produit/4147-pantalon-cargo,enfant
T-SHIRT ML,27.93 TND,https://images.zen.com.tn/uploads/8_U2_A7912_fab583b0ff.JPG,3 Couleurs,/fr/produit/4413-t-shirt-ml,enfant
CARDIGAN,32.13 TND  45.90 TND,https://images.zen.com.tn/uploads/8_U2_A0339_8e050e16dd.JPG,3 Couleurs,/fr/produit/4216-cardigan,enfant
CHEMISE,39.13 TND  55.90 TND,https://images.zen.com.tn/uploads/8_U2_A2351_9c2717415d.JPG,1 Couleurs,/fr/produit/4462-chemise,enfant
VESTE,48.93 TND,https://images.zen.com.tn/uploads/8_U2_A0375_7f7b31d8f3.JPG,2 Couleurs,/fr/produit/4215-veste,enfant
SUR CHEMISE,46.13 TND  65.90 TND,https://images.zen.com.tn/uploads/8_U2_A9326_bce494b57d.JPG,2 Couleurs,/fr/produit/4289-sur-chemise,enfant
SWEAT SHIRT,32.13 TND  45.90 TND,https://images.zen.com.tn/uploads/8_U2_A5685_c23d460c57.JPG,2 Couleurs,/fr/produit/4347-sweat-shirt,enfant
PANTALON,48.93 TND,https://images.zen.com.tn/uploads/8_U2_A0384_7c61e6e9db.JPG,1 Couleurs,/fr/produit/4429-pantalon,enfant
SWEAT SHIRT,32.13 TND  45.90 TND,https://images.zen.com.tn/uploads/8_U2_A6020_73f8f05d4c.JPG,2 Couleurs,/fr/produit/4372-sweat-shirt,enfant
VESTE,48.93 TND  69.90 TND,https://images.zen.com.tn/uploads/8_U2_A9859_a978e691f8.JPG,3 Couleurs,/fr/produit/4185-veste,enfant
JEAN WIDE LEG,41.93 TND,https://images.zen.com.tn/uploads/8_U2_A9408_5f90114e98.JPG,2 Couleurs,/fr/produit/4306-jean-wide-leg,enfant
JOGGER,34.93 TND  49.90 TND,https://images.zen.com.tn/uploads/8_U2_A0460_15c6ccefdd.JPG,3 Couleurs,/fr/produit/4428-jogger,enfant
T SHIRT MANCHE,25.13 TND  35.90 TND,https://images.zen.com.tn/uploads/8_U2_A2337_be0a9f3a65.JPG,3 Couleurs,/fr/produit/4385-t-shirt-manche,enfant
PANTALON,46.13 TND,https://images.zen.com.tn/uploads/8_U2_A0392_4a0d392d31.JPG,2 Couleurs,/fr/produit/4430-pantalon,enfant
JEANS PANT,48.93 TND  69.90 TND,https://images.zen.com.tn/uploads/8_U2_A0491_63352a8e36.JPG,1 Couleurs,/fr/produit/4391-jeans-pant,enfant
T SHIRT MANCHE,27.93 TND  39.90 TND,https://images.zen.com.tn/uploads/8_U2_A7439_511f95f584.JPG,1 Couleurs,/fr/produit/4425-t-shirt-manche,enfant
JEAN,46.13 TND,https://images.zen.com.tn/uploads/8_U2_A5305_49d6495aae.JPG,1 Couleurs,/fr/produit/4257-jean,enfant
JOGGER,27.93 TND  39.90 TND,https://images.zen.com.tn/uploads/8_U2_A6140_85b854afe3.JPG,1 Couleurs,/fr/produit/4327-jogger,enfant
JOGGER,27.93 TND  39.90 TND,https://images.zen.com.tn/uploads/8_U2_A9525_231249df8e.JPG,3 Couleurs,/fr/produit/4294-jogger,enfant
JOGGER,25.13 TND,https://images.zen.com.tn/uploads/8_U2_A9557_66009b3dbe.JPG,1 Couleurs,/fr/produit/4295-jogger,enfant
SWEAT SHIRT,34.93 TND  49.90 TND,https://images.zen.com.tn/uploads/8_U2_A9273_a21e5329c0.JPG,3 Couleurs,/fr/produit/4293-sweat-shirt,enfant
SWEAT SHIRT,39.13 TND  55.90 TND,https://images.zen.com.tn/uploads/8_U2_A9337_2b3214c84d.JPG,1 Couleurs,/fr/produit/4282-sweat-shirt,enfant
JOGGER,27.93 TND,https://images.zen.com.tn/uploads/8_U2_A8415_1ad47966eb.JPG,2 Couleurs,/fr/produit/4285-jogger,enfant
JOGGER,27.93 TND  39.90 TND,https://images.zen.com.tn/uploads/8_U2_A5444_6aafa57ef5.JPG,3 Couleurs,/fr/produit/4276-jogger,enfant
JOGGER,25.13 TND  35.90 TND,https://images.zen.com.tn/uploads/8_U2_A5481_7bbff0f229.JPG,2 Couleurs,/fr/produit/4275-jogger,enfant
JOGGER,27.93 TND,https://images.zen.com.tn/uploads/8_U2_A5406_fa07960394.JPG,1 Couleurs,/fr/produit/4266-jogger,enfant
JOGGER,34.93 TND  49.90 TND,https://images.zen.com.tn/uploads/8_U2_A5372_b103968ee3.JPG,3 Couleurs,/fr/produit/4270-jogger,enfant
SWEAT SHIRT,34.93 TND  49.90 TND,https://images.zen.com.tn/uploads/8_U2_A3500_74333ee68f.JPG,3 Couleurs,/fr/produit/4115-sweat-shirt,enfant
SWEAT SHIRT,32.13 TND,https://images.zen.com.tn/uploads/8_U2_A0362_e4fd901d80.JPG,3 Couleurs,/fr/produit/4227-sweat-shirt,enfant
JOGGER,27.93 TND  39.90 TND,https://images.zen.com.tn/uploads/8_U2_A5338_4ef0b073d5.JPG,2 Couleurs,/fr/produit/4268-jogger,enfant
SWEAT SHIRT,25.13 TND  35.90 TND,https://images.zen.com.tn/uploads/8_U2_A5509_b474878659.JPG,2 Couleurs,/fr/produit/4269-sweat-shirt,enfant
JOGGER,34.93 TND,https://images.zen.com.tn/uploads/8_U2_A0506_cb3fb2fe2d.JPG,3 Couleurs,/fr/produit/4226-jogger,enfant
JEAN,48.93 TND  69.90 TND,https://images.zen.com.tn/medias/folder_18_03_2024/8_U2_A0504_1b202f24d3.webp,2 Couleurs,/fr/produit/2688-jean,enfant
JOGGER,27.93 TND  39.90 TND,https://images.zen.com.tn/medias/folder_04_10_2024/8_U2_A5555_9feb18705d.webp,2 Couleurs,/fr/produit/3845-jogger,enfant
JOGGER,34.93 TND,https://images.zen.com.tn/uploads/8_U2_A8946_27349938c5.JPG,4 Couleurs,/fr/produit/4177-jogger,enfant
SWEAT SHIRT,25.13 TND  35.90 TND,https://images.zen.com.tn/uploads/8_U2_A8408_1f00825774.JPG,2 Couleurs,/fr/produit/4160-sweat-shirt,enfant
SWEAT SHIRT,32.13 TND  45.90 TND,https://images.zen.com.tn/uploads/8_U2_A9852_93fedc0e10.JPG,2 Couleurs,/fr/produit/4200-sweat-shirt,enfant
SWEAT SHIRT,25.13 TND,https://images.zen.com.tn/uploads/8_U2_A0266_5f6db1fb29.JPG,2 Couleurs,/fr/produit/4229-sweat-shirt,enfant
JOGGER,27.93 TND  39.90 TND,https://images.zen.com.tn/uploads/8_U2_A9400_d6d6b7602c.jpg,1 Couleurs,/fr/produit/4204-jogger,enfant
SWEAT SHIRT,32.13 TND  45.90 TND,https://images.zen.com.tn/uploads/8_U2_A0305_289000cea1.JPG,1 Couleurs,/fr/produit/4224-sweat-shirt,enfant
JOGGER,34.93 TND,https://images.zen.com.tn/uploads/8_U2_A0512_0b1603b3c7.JPG,1 Couleurs,/fr/produit/4212-jogger,enfant
JOGGER,25.13 TND  35.90 TND,https://images.zen.com.tn/uploads/8_U2_A9393_24e8944a1b.JPG,2 Couleurs,/fr/produit/4201-jogger,enfant
SWEAT SHIRT,25.13 TND  35.90 TND,https://images.zen.com.tn/uploads/8_U2_A9832_f419aecfe0.JPG,2 Couleurs,/fr/produit/4205-sweat-shirt,enfant
JOGGER,34.93 TND,https://images.zen.com.tn/uploads/8_U2_A3604_f531da0538.JPG,3 Couleurs,/fr/produit/4117-jogger,enfant
SWET,27.93 TND  39.90 TND,https://images.zen.com.tn/uploads/8_U2_A8444_2c968dbc7a.JPG,2 Couleurs,/fr/produit/4178-swet,enfant
SOUS PULL,20.93 TND  29.90 TND,https://images.zen.com.tn/uploads/8_U2_A3448_b549cc2548.JPG,3 Couleurs,/fr/produit/4106-sous-pull,enfant
SWEAT SHIRT,25.13 TND,https://images.zen.com.tn/uploads/8_U2_A8460_20732d36f0.JPG,2 Couleurs,/fr/produit/4179-sweat-shirt,enfant
CALEÇON,18.13 TND  25.90 TND,https://images.zen.com.tn/uploads/8_U2_A8773_cd6af3fe75.JPG,1 Couleurs,/fr/produit/4191-calecon,enfant
JOGGER,32.13 TND  45.90 TND,https://images.zen.com.tn/uploads/8_U2_A8809_3dd01d595f.JPG,3 Couleurs,/fr/produit/4158-jogger,enfant
JOGGER,25.13 TND,https://images.zen.com.tn/uploads/8_U2_A8790_b132d73d9a.JPG,2 Couleurs,/fr/produit/4171-jogger,enfant
SWEAT SHIRT,25.13 TND  35.90 TND,https://images.zen.com.tn/uploads/8_U2_A8431_2ffceff11f.JPG,2 Couleurs,/fr/produit/4180-sweat-shirt,enfant
CARDIGANS,41.93 TND  59.90 TND,https://images.zen.com.tn/uploads/8_U2_A8396_f5cc568b86.JPG,1 Couleurs,/fr/produit/4173-cardigans,enfant
JOGGER,27.93 TND,https://images.zen.com.tn/uploads/8_U2_A4381_31bfe4c1ce.JPG,2 Couleurs,/fr/produit/4139-jogger,enfant
CHEMISE,39.13 TND  55.90 TND,https://images.zen.com.tn/uploads/8_U2_A4646_4c3f2c2a2d.JPG,1 Couleurs,/fr/produit/4126-chemise,enfant
PANTALON,48.93 TND  69.90 TND,https://images.zen.com.tn/medias/folder_14_11_2024/8_U2_A0269_fa505e1d98.webp,3 Couleurs,/fr/produit/4008-pantalon,enfant
SOUS PULL,20.93 TND,https://images.zen.com.tn/uploads/8_U2_A8528_dab4763045.JPG,3 Couleurs,/fr/produit/4169-sous-pull,enfant
SWEAT SHIRT,27.93 TND  39.90 TND,https://images.zen.com.tn/uploads/8_U2_A3559_8098e512bd.JPG,3 Couleurs,/fr/produit/4118-sweat-shirt,enfant
JOGGER,34.93 TND  49.90 TND,https://images.zen.com.tn/uploads/8_U2_A3617_6714af7013.JPG,4 Couleurs,/fr/produit/4116-jogger,enfant
PANTALON,46.13 TND,https://images.zen.com.tn/uploads/8_U2_A4483_f48d66fd74.JPG,3 Couleurs,/fr/produit/4134-pantalon,enfant
SWEAT SHIRT,32.13 TND  45.90 TND,https://images.zen.com.tn/uploads/8_U2_A4600_806f8a3eca.JPG,2 Couleurs,/fr/produit/4124-sweat-shirt,enfant
JOGGER,25.13 TND  35.90 TND,https://images.zen.com.tn/uploads/8_U2_A4425_0a04ab24c2.JPG,2 Couleurs,/fr/produit/4131-jogger,enfant
LOT DE 3 CHAUSSETTES,15.90 TND,https://images.zen.com.tn/uploads/8_U2_A3879_0151a5731e.JPG,1 Couleurs,/fr/produit/4112-lot-de-3-chaussettes,enfant
SURCHEMISE,39.13 TND  55.90 TND,https://images.zen.com.tn/medias/folder_13_11_2024/8_U2_A0441_50a45cc011.webp,1 Couleurs,/fr/produit/4004-surchemise,enfant
CHEMISE,39.13 TND  55.90 TND,https://images.zen.com.tn/medias/folder_16_11_2024/8_U2_A0362_56c3bececb.webp,1 Couleurs,/fr/produit/4087-chemise,enfant
SUR CHEMISE,41.93 TND,https://images.zen.com.tn/medias/folder_15_11_2024/8_U2_A0409_d9bc5733d4.webp,1 Couleurs,/fr/produit/4085-sur-chemise,enfant
CHEMISE,46.13 TND  65.90 TND,https://images.zen.com.tn/uploads/8_U2_A0420_aa1ae31a65.JPG,1 Couleurs,/fr/produit/4078-chemise,enfant
JOGGER,34.93 TND  49.90 TND,https://images.zen.com.tn/medias/folder_14_11_2024/8_U2_A0169_d9d7fca3bb.webp,2 Couleurs,/fr/produit/4095-jogger,enfant
JEAN CARGO,55.93 TND,https://images.zen.com.tn/uploads/8_U2_A0149_fc14b0ac91.JPG,1 Couleurs,/fr/produit/4097-jean-cargo,enfant
VESTE,39.13 TND  55.90 TND,https://images.zen.com.tn/uploads/8_U2_A3527_1e6d1811a1.JPG,1 Couleurs,/fr/produit/4114-veste,enfant
VESTE,60.13 TND  85.90 TND,https://images.zen.com.tn/uploads/8_U2_A3426_1588a8aad6.JPG,3 Couleurs,/fr/produit/4107-veste,enfant
PANTALON,48.93 TND,https://images.zen.com.tn/medias/folder_23_10_2024/8_U2_A2303_6aa37bd9a5.webp,1 Couleurs,/fr/produit/3950-pantalon,enfant
PANTALON,48.93 TND  69.90 TND,https://images.zen.com.tn/medias/folder_04_11_2024/8_U2_A4899_49d4710ecc.webp,3 Couleurs,/fr/produit/3986-pantalon,enfant
PANTALON WIDE LEG,48.93 TND  69.90 TND,https://images.zen.com.tn/uploads/8_U2_A0200_9b2e671593.JPG,3 Couleurs,/fr/produit/4098-pantalon-wide-leg,enfant
CHEMISE,55.93 TND,https://images.zen.com.tn/medias/folder_16_09_2023/8_U2_A4528_d9230f68da.webp,2 Couleurs,/fr/produit/1470-chemise,enfant
CHEMISE,48.93 TND  69.90 TND,https://images.zen.com.tn/medias/folder_09_12_2023/8_U2_A1730_143230fc9f.webp,1 Couleurs,/fr/produit/1946-chemise,enfant
VESTE,48.93 TND  69.90 TND,https://images.zen.com.tn/medias/folder_26_03_2024/8_U2_A2197_389a75992e.webp,2 Couleurs,/fr/produit/2725-veste,enfant
LEGGING,20.93 TND,https://images.zen.com.tn/medias/folder_01_10_2024/8_U2_A4455_29a969e072.webp,2 Couleurs,/fr/produit/3823-legging,enfant
VESTE,53.13 TND  75.90 TND,https://images.zen.com.tn/medias/folder_04_09_2024/8_U2_A9139_170f85fece.webp,2 Couleurs,/fr/produit/3641-veste,enfant
VESTE,46.13 TND  65.90 TND,https://images.zen.com.tn/medias/folder_06_10_2023/8_U2_A2667_6726c2445b.webp,1 Couleurs,/fr/produit/1566-veste,enfant
JOGGER,20.93 TND,https://images.zen.com.tn/medias/folder_11_12_2023/8_U2_A1958_468c955545.webp,1 Couleurs,/fr/produit/1965-jogger,enfant
SWEAT,32.13 TND  45.90 TND,https://images.zen.com.tn/medias/folder_04_11_2024/8_U2_A5118_bd5d8545fb.webp,1 Couleurs,/fr/produit/3989-sweat,enfant
PARKA,90.93 TND  129.90 TND,https://images.zen.com.tn/medias/folder_16_10_2024/8_U2_A8381_e81e37c27d.webp,2 Couleurs,/fr/produit/3920-parka,enfant
VESTE,62.93 TND,https://images.zen.com.tn/medias/folder_03_04_2024/8_U2_A6811_6f1ad9444c.webp,2 Couleurs,/fr/produit/2824-veste,enfant
PULL -OVER,34.93 TND  49.90 TND,https://images.zen.com.tn/uploads/8_U2_A3461_f35e7e5685.JPG,2 Couleurs,/fr/produit/4102-pull--over,enfant
JOGGER,18.13 TND  25.90 TND,https://images.zen.com.tn/medias/fx_folder_20_11_2024/8_U2_A0301_38c7be18c3.webp,2 Couleurs,/fr/produit/4074-jogger,enfant
PANTALON,46.13 TND,https://images.zen.com.tn/medias/folder_13_11_2024/8_U2_A0146_75a402ea89.webp,1 Couleurs,/fr/produit/4011-pantalon,enfant
PULLOVER,34.93 TND  49.90 TND,https://images.zen.com.tn/medias/folder_13_11_2024/8_U2_A0426_f6905b4389.webp,2 Couleurs,/fr/produit/4007-pullover,enfant
CARDIGANS,34.93 TND  49.90 TND,https://images.zen.com.tn/medias/folder_15_11_2024/8_U2_A0376_6f70670f55.webp,2 Couleurs,/fr/produit/4068-cardigans,enfant
JOGGER,32.13 TND,https://images.zen.com.tn/medias/folder_13_11_2024/8_U2_A0108_509c07a752.webp,2 Couleurs,/fr/produit/4041-jogger,enfant
PANTALON,32.13 TND  45.90 TND,https://images.zen.com.tn/medias/folder_14_11_2024/8_U2_A0254_14ea417d0a.webp,3 Couleurs,/fr/produit/4086-pantalon,enfant
PULL OVER,32.13 TND  45.90 TND,https://images.zen.com.tn/medias/folder_14_11_2024/8_U2_A0391_9c1744e2ac.webp,3 Couleurs,/fr/produit/4076-pull-over,enfant
CARDIGANS,41.93 TND,https://images.zen.com.tn/medias/folder_23_09_2024/8_U2_A9934_bea18da610.webp,3 Couleurs,/fr/produit/3732-cardigans,enfant
JOGGER,25.13 TND  35.90 TND,https://images.zen.com.tn/medias/folder_01_11_2024/8_U2_A4931_06f7408336.webp,1 Couleurs,/fr/produit/3990-jogger,enfant
SWEAT SHIRT,27.93 TND  39.90 TND,https://images.zen.com.tn/medias/folder_21_10_2024/8_U2_A0237_4280758f8a.webp,3 Couleurs,/fr/produit/3907-sweat-shirt,enfant
VESTE,55.93 TND,https://images.zen.com.tn/medias/folder_11_11_2024/8_U2_A7487_fa18f7b4dc.webp,3 Couleurs,/fr/produit/3997-veste,enfant
PANTALON,46.13 TND  65.90 TND,https://images.zen.com.tn/medias/folder_07_11_2024/8_U2_A4976_7e399eb342.webp,2 Couleurs,/fr/produit/3993-pantalon,enfant
JOGGER,41.93 TND  59.90 TND,https://images.zen.com.tn/medias/folder_14_10_2024/8_U2_A7040_0db806def2.webp,2 Couleurs,/fr/produit/3878-jogger,enfant
JEAN CARGO,48.93 TND,https://images.zen.com.tn/medias/folder_04_11_2024/8_U2_A5023_3b9d39a284.webp,1 Couleurs,/fr/produit/3992-jean-cargo,enfant
JEAN CARGO,48.93 TND  69.90 TND,https://images.zen.com.tn/medias/folder_01_11_2024/8_U2_A5006_21e58662f2.webp,2 Couleurs,/fr/produit/3982-jean-cargo,enfant
JOGGER,34.93 TND  49.90 TND,https://images.zen.com.tn/medias/folder_01_11_2024/8_U2_A4942_527afc2611.webp,3 Couleurs,/fr/produit/3988-jogger,enfant
CHEMISE,34.93 TND,https://images.zen.com.tn/medias/folder_31_10_2024/8_U2_A4613_74b3bd32ee.webp,2 Couleurs,/fr/produit/3976-chemise,enfant
JOGGER,18.13 TND  25.90 TND,https://images.zen.com.tn/medias/folder_31_10_2024/8_U2_A4801_b3242a7de0.webp,3 Couleurs,/fr/produit/3974-jogger,enfant
PANTALON,39.13 TND  55.90 TND,https://images.zen.com.tn/medias/folder_23_10_2024/8_U2_A2347_896588a572.webp,1 Couleurs,/fr/produit/3948-pantalon,enfant
PANTALON,41.93 TND,https://images.zen.com.tn/medias/folder_01_11_2024/8_U2_A4993_1e5bce1e66.webp,2 Couleurs,/fr/produit/3995-pantalon,enfant
JEAN WIDE LEG,48.93 TND  69.90 TND,https://images.zen.com.tn/medias/folder_29_10_2024/8_U2_A3101_bc12809baa.webp,2 Couleurs,/fr/produit/3968-jean-wide-leg,enfant
ROBE,27.93 TND  39.90 TND,https://images.zen.com.tn/medias/folder_28_10_2024/8_U2_A3133_223ad4e2d5.webp,1 Couleurs,/fr/produit/3942-robe,enfant
VESTE,41.93 TND,https://images.zen.com.tn/medias/folder_28_10_2024/8_U2_A2957_dcde953586.webp,1 Couleurs,/fr/produit/3961-veste,enfant
PANTOUFLE,39.90 TND,https://images.zen.com.tn/medias/folder_08_10_2024/8_U2_A3944_372922d5cf.webp,2 Couleurs,/fr/produit/3879-pantoufle,enfant
SWEAT SHIRT,27.93 TND  39.90 TND,https://images.zen.com.tn/medias/folder_28_10_2024/8_U2_A3009_c58f158354.webp,1 Couleurs,/fr/produit/3966-sweat-shirt,enfant
SUR CHEMISE,46.13 TND,https://images.zen.com.tn/medias/folder_28_10_2024/8_U2_A2925_2e68382e40.webp,2 Couleurs,/fr/produit/3963-sur-chemise,enfant
PANTALON,46.13 TND  65.90 TND,https://images.zen.com.tn/medias/folder_29_10_2024/8_U2_A3088_8b31db1386.webp,3 Couleurs,/fr/produit/3937-pantalon,enfant
PANTALON,48.93 TND  69.90 TND,https://images.zen.com.tn/medias/folder_23_10_2024/8_U2_A2293_c402bc1676.webp,2 Couleurs,/fr/produit/3953-pantalon,enfant
ROBE,34.93 TND,https://images.zen.com.tn/medias/folder_23_10_2024/8_U2_A2263_ce242ba9ba.webp,2 Couleurs,/fr/produit/3941-robe,enfant
SWEAT SHIRT,27.93 TND  39.90 TND,https://images.zen.com.tn/medias/folder_18_10_2024/8_U2_A0097_5f1b3c627a.webp,1 Couleurs,/fr/produit/3901-sweat-shirt,enfant
SWEAT SHIRT,32.13 TND  45.90 TND,https://images.zen.com.tn/medias/folder_21_10_2024/8_U2_A0149_937bc7671b.webp,1 Couleurs,/fr/produit/3902-sweat-shirt,enfant
T SHIRT MANCHE,20.93 TND,https://images.zen.com.tn/medias/folder_18_10_2024/8_U2_A0219_60fff0dc3a.webp,2 Couleurs,/fr/produit/3908-t-shirt-manche,enfant
SHORT,20.93 TND  29.90 TND,https://images.zen.com.tn/medias/folder_29_10_2024/8_U2_A3120_0d2c1afb71.webp,2 Couleurs,/fr/produit/3898-short,enfant
T SHIRT MANCHE,20.93 TND  29.90 TND,https://images.zen.com.tn/medias/folder_15_10_2024/8_U2_A7416_cfc4b82784.webp,3 Couleurs,/fr/produit/3857-t-shirt-manche,enfant
JUPE MAILLE,39.13 TND,https://images.zen.com.tn/medias/folder_23_09_2024/8_U2_A0108_8023645d5a.webp,3 Couleurs,/fr/produit/3747-jupe-maille,enfant
PULL OVER,41.93 TND  59.90 TND,https://images.zen.com.tn/medias/folder_23_09_2024/8_U2_A9984_2_d1f5fb2138.webp,3 Couleurs,/fr/produit/3746-pull-over,enfant
SUR CHEMISE,48.93 TND  69.90 TND,https://images.zen.com.tn/medias/folder_21_10_2024/8_U2_A0227_af21d9eba4.webp,1 Couleurs,/fr/produit/3916-sur-chemise,enfant
JOGGER,32.13 TND,https://images.zen.com.tn/medias/folder_08_10_2024/8_U2_A6683_743a2289ff.webp,1 Couleurs,/fr/produit/3883-jogger,enfant
JUPE,27.93 TND  39.90 TND,https://images.zen.com.tn/medias/folder_01_10_2024/8_U2_A4607_515537e89b.webp,1 Couleurs,/fr/produit/3803-jupe,enfant
PANTALON,41.93 TND  59.90 TND,https://images.zen.com.tn/medias/folder_08_10_2024/8_U2_A6691_35b66aba54.webp,2 Couleurs,/fr/produit/3895-pantalon,enfant
SALOPETTE,32.13 TND,https://images.zen.com.tn/medias/folder_23_09_2024/8_U2_A0122_be33d96aa5.webp,2 Couleurs,/fr/produit/3729-salopette,enfant
SHORT,25.13 TND  35.90 TND,https://images.zen.com.tn/medias/folder_21_10_2024/8_U2_A0244_6058f92d1f.webp,2 Couleurs,/fr/produit/3929-short,enfant
SWEAT SHIRT,27.93 TND  39.90 TND,https://images.zen.com.tn/medias/folder_18_10_2024/8_U2_A0115_767bde4a5e.webp,3 Couleurs,/fr/produit/3900-sweat-shirt,enfant
SWEAT SHIRT,27.93 TND,https://images.zen.com.tn/medias/folder_11_09_2024/8_U2_A6729_6e55d0992a.webp,3 Couleurs,/fr/produit/3689-sweat-shirt,enfant
SWEAT SHIRT,27.93 TND  39.90 TND,https://images.zen.com.tn/medias/folder_18_10_2024/8_U2_A0073_2374230f84.webp,3 Couleurs,/fr/produit/3915-sweat-shirt,enfant
DEBARDEUR,34.93 TND  49.90 TND,https://images.zen.com.tn/medias/folder_17_09_2024/8_U2_A6859_bf3a2f835e.webp,1 Couleurs,/fr/produit/3662-debardeur,enfant
DÉBARDEUR,34.93 TND,https://images.zen.com.tn/medias/folder_17_09_2024/8_U2_A6877_46c625fdd6.webp,3 Couleurs,/fr/produit/3672-debardeur,enfant
PULL OVER,34.93 TND  49.90 TND,https://images.zen.com.tn/medias/folder_17_09_2024/8_U2_A6579_c90cba946b.webp,3 Couleurs,/fr/produit/3654-pull-over,enfant
PULL OVER,32.13 TND  45.90 TND,https://images.zen.com.tn/medias/folder_17_09_2024/8_U2_A6555_437298cc17.webp,2 Couleurs,/fr/produit/3651-pull-over,enfant
PULL OVER,41.93 TND,https://images.zen.com.tn/medias/folder_17_09_2024/8_U2_A6522_1d34354078.webp,2 Couleurs,/fr/produit/3663-pull-over,enfant
PULL-OVER,34.93 TND  49.90 TND,https://images.zen.com.tn/medias/folder_21_10_2024/8_U2_A0029_60c93e7a9d.webp,3 Couleurs,/fr/produit/3914-pull-over,enfant
JOGGER,27.93 TND  39.90 TND,https://images.zen.com.tn/medias/folder_14_10_2024/8_U2_A7007_997b6d3868.webp,4 Couleurs,/fr/produit/3873-jogger,enfant
PANTALON,41.93 TND,https://images.zen.com.tn/medias/folder_21_10_2024/8_U2_A0286_d3fe5a3958.webp,2 Couleurs,/fr/produit/3910-pantalon,enfant
PANTALON,41.93 TND  59.90 TND,https://images.zen.com.tn/medias/folder_21_10_2024/8_U2_A0295_2b780aeaa6.webp,2 Couleurs,/fr/produit/3899-pantalon,enfant
T SHIRT MANCHE,18.13 TND  25.90 TND,https://images.zen.com.tn/medias/folder_18_10_2024/8_U2_A0198_f8591298ff.webp,3 Couleurs,/fr/produit/3903-t-shirt-manche,enfant
T-SHIRT ML,20.93 TND,https://images.zen.com.tn/medias/folder_15_10_2024/8_U2_A7486_ca7733225d.webp,2 Couleurs,/fr/produit/3874-t-shirt-ml,enfant
SWEAT,39.13 TND  55.90 TND,https://images.zen.com.tn/medias/folder_18_01_2024/8_U2_A8457_03310e9ed8.webp,2 Couleurs,/fr/produit/2179-sweat,enfant
PANTALON,39.13 TND  55.90 TND,https://images.zen.com.tn/medias/folder_02_04_2024/8_U2_A7157_e0a3163877.webp,2 Couleurs,/fr/produit/2833-pantalon,enfant
DOUDOUNE,55.93 TND,https://images.zen.com.tn/medias/folder_23_09_2024/8_U2_A0065_375998b538.webp,1 Couleurs,/fr/produit/3705-doudoune,enfant
PANTOUFLE,45.90 TND,https://images.zen.com.tn/medias/folder_04_10_2024/8_U2_A3921_8d0e14ac29.webp,2 Couleurs,/fr/produit/3870-pantoufle,enfant
PANTOUFLE,45.90 TND,https://images.zen.com.tn/medias/folder_04_10_2024/8_U2_A4074_79e886e7d6.webp,2 Couleurs,/fr/produit/3871-pantoufle,enfant
CHEMISE,41.93 TND,https://images.zen.com.tn/medias/folder_24_09_2024/8_U2_A3098_4b480e959c.webp,3 Couleurs,/fr/produit/3756-chemise,enfant
JOGGER,27.93 TND  39.90 TND,https://images.zen.com.tn/medias/folder_08_10_2024/8_U2_A6723_a07c9997e1.webp,3 Couleurs,/fr/produit/3852-jogger,enfant
JOGGER,25.13 TND  35.90 TND,https://images.zen.com.tn/medias/folder_08_10_2024/8_U2_A6675_237443703b.webp,1 Couleurs,/fr/produit/3884-jogger,enfant
DOUDOUNE,90.93 TND,https://images.zen.com.tn/medias/folder_16_10_2024/8_U2_A8291_9_645d930b02.webp,2 Couleurs,/fr/produit/3928-doudoune,enfant
VESTE,39.13 TND  55.90 TND,https://images.zen.com.tn/medias/folder_08_10_2024/8_U2_A6594_4d3eaf5c82.webp,2 Couleurs,/fr/produit/3893-veste,enfant
CHEMISE,27.93 TND  39.90 TND,https://images.zen.com.tn/medias/folder_09_03_2024/1_S9_A8474_4df63dbfe3.webp,2 Couleurs,/fr/produit/2616-chemise,enfant
DOUDOUNE,55.93 TND,https://images.zen.com.tn/medias/folder_23_09_2024/8_U2_A0075_fd8579308b.webp,2 Couleurs,/fr/produit/3704-doudoune,enfant
CARDIGANS,34.93 TND  49.90 TND,https://images.zen.com.tn/medias/folder_08_10_2024/8_U2_A3709_98e7b747fb.webp,3 Couleurs,/fr/produit/3815-cardigans,enfant
DÉBARDEUR,32.13 TND  45.90 TND,https://images.zen.com.tn/medias/folder_17_09_2024/8_U2_A6915_393a2dd468.webp,3 Couleurs,/fr/produit/3655-debardeur,enfant
PULL OVER,34.93 TND,https://images.zen.com.tn/medias/folder_25_09_2024/8_U2_A6593_492bb46edc.webp,2 Couleurs,/fr/produit/3653-pull-over,enfant
PULL OVER,41.93 TND  59.90 TND,https://images.zen.com.tn/medias/folder_27_09_2024/8_U2_A3677_a7dc8be021.webp,1 Couleurs,/fr/produit/3814-pull-over,enfant
PARKA,90.93 TND  129.90 TND,https://images.zen.com.tn/medias/folder_16_10_2024/8_U2_A8357_ac3372f34b.webp,1 Couleurs,/fr/produit/3919-parka,enfant
PANTALON MAILLE,34.93 TND,https://images.zen.com.tn/medias/folder_23_09_2024/8_U2_A0134_920f495dec.webp,3 Couleurs,/fr/produit/3749-pantalon-maille,enfant
PULL OVER,34.93 TND  49.90 TND,https://images.zen.com.tn/medias/folder_23_09_2024/8_U2_A9966_18e54ff60e.webp,2 Couleurs,/fr/produit/3748-pull-over,enfant
DOUDOUNE,97.93 TND  139.90 TND,https://images.zen.com.tn/medias/folder_16_10_2024/39_ZSODF_00_9_7319c401e5.webp,1 Couleurs,/fr/produit/3918-doudoune,enfant
JACKET,41.93 TND,https://images.zen.com.tn/medias/fx_folder_09_03_2024/8_U2_A8140_9af18f38f1.webp,2 Couleurs,/fr/produit/2544-jacket,enfant
CARDIGAN ' GILET ',32.13 TND  45.90 TND,https://images.zen.com.tn/medias/folder_08_01_2024/8_U2_A8147_19360073cf.webp,1 Couleurs,/fr/produit/2148-cardigan-'-gilet-',enfant
CARDIGON,32.13 TND  45.90 TND,https://images.zen.com.tn/medias/folder_27_02_2024/8_U2_A7985_ddbf70129b.webp,3 Couleurs,/fr/produit/2144-cardigon,enfant
CARDIGAN,32.13 TND,https://images.zen.com.tn/medias/folder_08_01_2024/2_1_c224cc7815.webp,1 Couleurs,/fr/produit/2157-cardigan,enfant
T-SHIRT ML,25.13 TND  35.90 TND,https://images.zen.com.tn/medias/folder_17_02_2024/8_U2_A4803_4505421f24.webp,1 Couleurs,/fr/produit/2445-t-shirt-ml,enfant
T SHIRT MANCHE,20.93 TND  29.90 TND,https://images.zen.com.tn/medias/folder_15_10_2024/8_U2_A7465_33d140bff5.webp,2 Couleurs,/fr/produit/3863-t-shirt-manche,enfant
CHEMISE,34.93 TND,https://images.zen.com.tn/medias/folder_15_10_2024/8_U2_A7437_55626779e4.webp,1 Couleurs,/fr/produit/3853-chemise,enfant
ENSEMBLE PYJAMA,25.13 TND  35.90 TND,https://images.zen.com.tn/medias/folder_15_10_2024/8_U2_A7091_1_66fb28cb34.webp,1 Couleurs,/fr/produit/3864-ensemble-pyjama,enfant
ENSEMBLE,25.13 TND  35.90 TND,https://images.zen.com.tn/medias/folder_14_10_2024/8_U2_A7180_558ea6ebed.webp,2 Couleurs,/fr/produit/3865-ensemble,enfant
JUPE,32.13 TND,https://images.zen.com.tn/medias/folder_14_10_2024/8_U2_A7057_1b2295468b.webp,2 Couleurs,/fr/produit/3858-jupe,enfant
CHEMISE,39.13 TND  55.90 TND,https://images.zen.com.tn/medias/folder_08_10_2024/8_U2_A6619_2955775aaf.webp,2 Couleurs,/fr/produit/3867-chemise,enfant
JOGGER,25.13 TND  35.90 TND,https://images.zen.com.tn/medias/folder_24_09_2024/8_U2_A3272_a4c700c0a7.webp,3 Couleurs,/fr/produit/3767-jogger,enfant
LEGGING,25.13 TND,https://images.zen.com.tn/medias/folder_08_10_2024/8_U2_A6705_2780306120.webp,2 Couleurs,/fr/produit/3861-legging,enfant
SOUS PULL,18.13 TND  25.90 TND,https://images.zen.com.tn/medias/folder_04_10_2024/8_U2_A5326_9d39d0736b.webp,1 Couleurs,/fr/produit/3847-sous-pull,enfant
JOGGER,27.93 TND  39.90 TND,https://images.zen.com.tn/medias/folder_08_10_2024/8_U2_A3805_fe8cd24588.webp,1 Couleurs,/fr/produit/3806-jogger,enfant
JOGGER,27.93 TND,https://images.zen.com.tn/medias/folder_08_10_2024/8_U2_A3791_20da4ddcc7.webp,3 Couleurs,/fr/produit/3799-jogger,enfant
JOGGER,27.93 TND  39.90 TND,https://images.zen.com.tn/medias/folder_04_10_2024/8_U2_A5547_21f642d8ef.webp,3 Couleurs,/fr/produit/3846-jogger,enfant
JOGGER,25.13 TND  35.90 TND,https://images.zen.com.tn/medias/folder_04_10_2024/8_U2_A5518_785caba148.webp,4 Couleurs,/fr/produit/3841-jogger,enfant
JOGGER,25.13 TND,https://images.zen.com.tn/medias/folder_04_10_2024/8_U2_A5533_423a1674c0.webp,2 Couleurs,/fr/produit/3843-jogger,enfant
PANTALON,46.13 TND  65.90 TND,https://images.zen.com.tn/medias/folder_01_10_2024/8_U2_A4596_904b945dfb.webp,3 Couleurs,/fr/produit/3827-pantalon,enfant
T-SHIRT ML,25.13 TND  35.90 TND,https://images.zen.com.tn/medias/folder_01_10_2024/8_U2_A4894_675b7faca7.webp,3 Couleurs,/fr/produit/3825-t-shirt-ml,enfant
T-SHIRT ML,25.13 TND,https://images.zen.com.tn/medias/folder_04_10_2024/8_U2_A5293_a069dcc77d.webp,3 Couleurs,/fr/produit/3842-t-shirt-ml,enfant
SWEAT SHIRT,27.93 TND  39.90 TND,https://images.zen.com.tn/medias/folder_04_10_2024/8_U2_A5272_2d17add113.webp,1 Couleurs,/fr/produit/3844-sweat-shirt,enfant
PANTALON,41.93 TND  59.90 TND,https://images.zen.com.tn/medias/folder_24_09_2024/8_U2_A0214_c2beb78870.webp,2 Couleurs,/fr/produit/3701-pantalon,enfant
CALEÇON,13.93 TND,https://images.zen.com.tn/medias/folder_31_07_2024/8_U2_A1928_c099ae93bf.webp,2 Couleurs,/fr/produit/3518-calecon,enfant
T-SHIRTML,25.13 TND  35.90 TND,https://images.zen.com.tn/medias/folder_01_10_2024/8_U2_A4872_48f4b80857.webp,3 Couleurs,/fr/produit/3824-t-shirtml,enfant
PANTALON,48.93 TND  69.90 TND,https://images.zen.com.tn/medias/folder_24_09_2024/8_U2_A0205_95f5109722.webp,2 Couleurs,/fr/produit/3702-pantalon,enfant
BASKET,77.94 TND,https://images.zen.com.tn/medias/folder_23_09_2024/8_U2_A1346_9d72b8e54a.webp,2 Couleurs,/fr/produit/3775-basket,enfant
SALOPETTE,25.13 TND  35.90 TND,https://images.zen.com.tn/medias/folder_24_09_2024/8_U2_A3297_6e3430f0cb.webp,3 Couleurs,/fr/produit/3757-salopette,enfant
T-SHIRT ML,35.90 TND,https://images.zen.com.tn/medias/folder_25_09_2024/8_U2_A2919_70e54af588.webp,3 Couleurs,/fr/produit/3763-t-shirt-ml,enfant
JEANS,41.93 TND,https://images.zen.com.tn/medias/folder_25_09_2024/8_U2_A0186_1055e2861c.webp,2 Couleurs,/fr/produit/3734-jeans,enfant
SALOPETTE,20.93 TND  29.90 TND,https://images.zen.com.tn/medias/folder_24_09_2024/8_U2_A3323_88152a57bc.webp,2 Couleurs,/fr/produit/3758-salopette,enfant
T SHIRT MANCHE,20.93 TND  29.90 TND,https://images.zen.com.tn/medias/folder_25_09_2024/8_U2_A3015_cf5f18de08.webp,3 Couleurs,/fr/produit/3768-t-shirt-manche,enfant
PANTALON,41.93 TND,https://images.zen.com.tn/medias/folder_24_09_2024/8_U2_A0236_b74e128b80.gif,3 Couleurs,/fr/produit/3714-pantalon,enfant
JOGGER,27.93 TND  39.90 TND,https://images.zen.com.tn/medias/folder_10_01_2024/8_U2_A6785_77d6022cca.webp,3 Couleurs,/fr/produit/2126-jogger,enfant
JOGER,20.93 TND  29.90 TND,https://images.zen.com.tn/medias/folder_15_01_2024/8_U2_A0504_e6fbe9ce42.webp,2 Couleurs,/fr/produit/2118-joger,enfant
SWEAT SHIRT,39.13 TND,https://images.zen.com.tn/medias/folder_04_09_2024/8_U2_A9427_5763868154.webp,1 Couleurs,/fr/produit/3629-sweat-shirt,enfant
JOGGER,27.93 TND  39.90 TND,https://images.zen.com.tn/medias/images/8U2A3224.webp,1 Couleurs,/fr/produit/3792-jogger,enfant
PANTALON,48.93 TND  69.90 TND,https://images.zen.com.tn/medias/folder_24_09_2024/8_U2_A0164_71c33a3e46.webp,3 Couleurs,/fr/produit/3738-pantalon,enfant
SWEAT SHIRT,32.13 TND,https://images.zen.com.tn/medias/folder_24_09_2024/8_U2_A2891_27da359bef.webp,1 Couleurs,/fr/produit/3766-sweat-shirt,enfant
SWEAT SHIRT,25.13 TND  35.90 TND,https://images.zen.com.tn/medias/folder_09_12_2023/8_U2_A1773_d61c183a01.webp,3 Couleurs,/fr/produit/1966-sweat-shirt,enfant
SWEAT SHIRT,32.13 TND  45.90 TND,https://images.zen.com.tn/medias/folder_23_10_2023/8_U2_A9985_73e982cafa.webp,1 Couleurs,/fr/produit/1647-sweat-shirt,enfant
SWEAT SHIRT,34.93 TND,https://images.zen.com.tn/medias/folder_23_09_2024/8_U2_A0049_e2d4f1bc8e.webp,1 Couleurs,/fr/produit/3710-sweat-shirt,enfant
PULL,25.13 TND  35.90 TND,https://images.zen.com.tn/medias/folder_25_09_2024/8_U2_A3070_36669b83b9.webp,2 Couleurs,/fr/produit/3793-pull,enfant
JEAN,48.93 TND  69.90 TND,https://images.zen.com.tn/medias/folder_24_09_2024/8_U2_A0177_ad23d4beed.webp,1 Couleurs,/fr/produit/3716-jean,enfant
SWEAT SHIRT,27.93 TND,https://images.zen.com.tn/medias/folder_27_08_2024/8_U2_A8817_8e51cbe370.webp,2 Couleurs,/fr/produit/3632-sweat-shirt,enfant
PANTALON,41.93 TND  59.90 TND,https://images.zen.com.tn/medias/folder_11_09_2024/8_U2_A6798_bf67221a25.webp,2 Couleurs,/fr/produit/3691-pantalon,enfant
T SHIRT MANCHE,20.93 TND  29.90 TND,https://images.zen.com.tn/medias/folder_25_09_2024/8_U2_A2975_0669dd91f4.webp,3 Couleurs,/fr/produit/3769-t-shirt-manche,enfant
SWEAT SHIRT,27.93 TND,https://images.zen.com.tn/medias/folder_11_09_2024/8_U2_A6701_13a862b331.webp,3 Couleurs,/fr/produit/3668-sweat-shirt,enfant
PANTALON,20.93 TND  29.90 TND,https://images.zen.com.tn/medias/folder_25_09_2024/8_U2_A3252_e3d3441acb.webp,1 Couleurs,/fr/produit/3765-pantalon,enfant
PULL,20.93 TND  29.90 TND,https://images.zen.com.tn/medias/folder_24_09_2024/8_U2_A2901_1ea5a10d52.webp,2 Couleurs,/fr/produit/3764-pull,enfant
T SHIRT MANCHE,20.93 TND,https://images.zen.com.tn/medias/folder_25_09_2024/8_U2_A3040_de5799bd23.webp,2 Couleurs,/fr/produit/3807-t-shirt-manche,enfant
LEGGING,34.93 TND  49.90 TND,https://images.zen.com.tn/medias/folder_24_09_2024/8_U2_A0249_4b75c4a66b.webp,2 Couleurs,/fr/produit/3684-legging,enfant
T SHIRT MANCHE,25.13 TND  35.90 TND,https://images.zen.com.tn/medias/folder_11_09_2024/8_U2_A6677_a2c8902955.webp,2 Couleurs,/fr/produit/3712-t-shirt-manche,enfant
JOGGER,27.93 TND,https://images.zen.com.tn/medias/folder_19_09_2024/8_U2_A0270_f239ffa725.webp,2 Couleurs,/fr/produit/3711-jogger,enfant
BASKET,71.94 TND  119.90 TND,https://images.zen.com.tn/medias/folder_23_09_2024/8_U2_A1124_73294f68be.webp,1 Couleurs,/fr/produit/3776-basket,enfant
BASKET,83.93 TND  119.90 TND,https://images.zen.com.tn/medias/folder_23_09_2024/8_U2_A1671_d8a831623e.webp,2 Couleurs,/fr/produit/3786-basket,enfant
BASKET,65.94 TND,https://images.zen.com.tn/medias/folder_23_09_2024/8_U2_A0956_7b0f88c106.webp,2 Couleurs,/fr/produit/3774-basket,enfant
CALEÇON,18.13 TND  25.90 TND,https://images.zen.com.tn/medias/folder_31_07_2024/8_U2_A1922_eb9697b3c0.webp,1 Couleurs,/fr/produit/3499-calecon,enfant
SOUS PULL,18.13 TND  25.90 TND,https://images.zen.com.tn/medias/folder_10_08_2024/8_U2_A4331_6ce750433d.webp,5 Couleurs,/fr/produit/3570-sous-pull,enfant
T SHIRT MANCHE,20.93 TND,https://images.zen.com.tn/medias/folder_17_09_2024/8_U2_A9893_23419d5970.webp,2 Couleurs,/fr/produit/3713-t-shirt-manche,enfant
CHEMISE,25.13 TND  35.90 TND,https://images.zen.com.tn/medias/folder_04_09_2024/8_U2_A7018_861725e1f2.webp,2 Couleurs,/fr/produit/2823-chemise,enfant
VESTE,46.13 TND  65.90 TND,https://images.zen.com.tn/medias/fx_folder_10_06_2024/8_U2_A5853_476b2269b1.webp,2 Couleurs,/fr/produit/3162-veste,enfant
PANTALON,48.93 TND,https://images.zen.com.tn/medias/folder_11_06_2024/8_U2_A8279_ed46af578e.webp,2 Couleurs,/fr/produit/3292-pantalon,enfant
VESTE,48.93 TND  69.90 TND,https://images.zen.com.tn/medias/folder_30_03_2024/8_U2_A4885_a79e77ccb3.webp,2 Couleurs,/fr/produit/2772-veste,enfant
JOGGER,25.13 TND  35.90 TND,https://images.zen.com.tn/medias/folder_24_08_2024/8_U2_A8886_be35377051.webp,3 Couleurs,/fr/produit/3619-jogger,enfant
POLO,27.93 TND,https://images.zen.com.tn/medias/folder_19_04_2024/8_U2_A3224_c1736a7373.webp,3 Couleurs,/fr/produit/2880-polo,enfant
JOGGER,25.13 TND  35.90 TND,https://images.zen.com.tn/medias/folder_24_08_2024/8_U2_A8896_e81719f09c.webp,1 Couleurs,/fr/produit/3611-jogger,enfant
VESTE,53.13 TND  75.90 TND,https://images.zen.com.tn/medias/folder_25_03_2024/8_U2_A2341_67dc7fa502.webp,2 Couleurs,/fr/produit/2708-veste,enfant
POLO,25.13 TND,https://images.zen.com.tn/medias/folder_25_03_2024/8_U2_A2359_f8dbe079a2.webp,3 Couleurs,/fr/produit/2706-polo,enfant
VESTE,55.93 TND  79.90 TND,https://images.zen.com.tn/medias/folder_08_05_2024/8_U2_A1346_4ad78cae4a.webp,3 Couleurs,/fr/produit/3005-veste,enfant
LEGGING,32.13 TND  45.90 TND,https://images.zen.com.tn/medias/folder_11_09_2024/8_U2_A6780_75f93af1fd.webp,3 Couleurs,/fr/produit/3666-legging,enfant
ROBE,41.93 TND,https://images.zen.com.tn/medias/folder_02_07_2024/8_U2_A5749_3a002ca6e9.webp,1 Couleurs,/fr/produit/3363-robe,enfant
CHEMISE,25.13 TND  35.90 TND,https://images.zen.com.tn/medias/folder_10_08_2024/8_U2_A4321_260280cb93.webp,2 Couleurs,/fr/produit/3562-chemise,enfant
T SHIRT MANCHE,20.93 TND  29.90 TND,https://images.zen.com.tn/medias/folder_06_08_2024/8_U2_A3574_6223880bdb.webp,2 Couleurs,/fr/produit/3558-t-shirt-manche,enfant
PULL,20.93 TND,https://images.zen.com.tn/medias/folder_24_08_2024/8_U2_A8824_cdb4994f6c.webp,3 Couleurs,/fr/produit/3618-pull,enfant
BRASSIERE,25.90 TND,https://images.zen.com.tn/medias/folder_16_08_2024/8_U2_A5532_314fe4f71a.webp,3 Couleurs,/fr/produit/3595-brassiere,enfant
BRASSIERE,25.90 TND,https://images.zen.com.tn/medias/folder_16_08_2024/8_U2_A5544_a7b991b24e.webp,3 Couleurs,/fr/produit/3594-brassiere,enfant
LEGGING,35.90 TND,https://images.zen.com.tn/medias/folder_24_08_2024/8_U2_A8859_206d1fe3b8.webp,3 Couleurs,/fr/produit/3610-legging,enfant
PANTALON,46.13 TND  65.90 TND,https://images.zen.com.tn/medias/folder_21_08_2024/8_U2_A5577_27e4b0b48b.webp,2 Couleurs,/fr/produit/3602-pantalon,enfant
PANTALON,41.93 TND  59.90 TND,https://images.zen.com.tn/medias/folder_16_08_2024/8_U2_A5556_317a213d72.webp,2 Couleurs,/fr/produit/3597-pantalon,enfant
T-SHIRT,20.93 TND,https://images.zen.com.tn/medias/folder_16_08_2024/8_U2_A5492_8c0d9d492a.webp,3 Couleurs,/fr/produit/3588-t-shirt,enfant
POLO,20.93 TND  29.90 TND,https://images.zen.com.tn/medias/folder_06_08_2024/8_U2_A3590_8176a44ee1.webp,2 Couleurs,/fr/produit/3559-polo,enfant
PANTALON,48.93 TND  69.90 TND,https://images.zen.com.tn/medias/fx_folder_03_05_2024/8_U2_A4760_7306fb90e2.webp,3 Couleurs,/fr/produit/2881-pantalon,enfant
PANTALON,48.93 TND,https://images.zen.com.tn/medias/folder_07_02_2024/8_U2_A0659_3023aa1e4c.webp,2 Couleurs,/fr/produit/2359-pantalon,enfant
T SHIRT,35.90 TND,https://images.zen.com.tn/medias/folder_02_07_2024/8_U2_A5697_ffe1d30c28.webp,1 Couleurs,/fr/produit/3434-t-shirt,enfant
T SHIRT,29.90 TND,https://images.zen.com.tn/medias/folder_16_05_2024/8_U2_A5191_4d967db456.webp,1 Couleurs,/fr/produit/3112-t-shirt,enfant
T SHIRT,29.50 TND,https://images.zen.com.tn/medias/fx_folder_10_06_2024/8_U2_A8039_668141d0f9.webp,1 Couleurs,/fr/produit/3283-t-shirt,enfant
CHEMISE,27.93 TND  39.90 TND,https://images.zen.com.tn/medias/folder_09_03_2024/1_S9_A8442_f97ba2934d.webp,2 Couleurs,/fr/produit/2645-chemise,enfant
PANTALON,41.93 TND  59.90 TND,https://images.zen.com.tn/medias/folder_11_06_2024/8_U2_A8263_e4ddf76378.webp,2 Couleurs,/fr/produit/3289-pantalon,enfant
PANTALON,41.93 TND,https://images.zen.com.tn/medias/folder_25_06_2024/8_U2_A0158_6ab1cb0562.webp,2 Couleurs,/fr/produit/3270-pantalon,enfant
T-SHIRT,20.93 TND  29.90 TND,https://images.zen.com.tn/medias/folder_16_08_2024/8_U2_A5476_439b3f47e4.webp,3 Couleurs,/fr/produit/3587-t-shirt,enfant
T SHIRT,20.93 TND  29.90 TND,https://images.zen.com.tn/medias/folder_02_07_2024/8_U2_A5683_ab8f052552.webp,1 Couleurs,/fr/produit/3433-t-shirt,enfant
T SHIRT,20.93 TND,https://images.zen.com.tn/medias/folder_12_06_2024/8_U2_A9351_d7e3e86702.webp,2 Couleurs,/fr/produit/3311-t-shirt,enfant
PANTALON,34.93 TND  49.90 TND,https://images.zen.com.tn/medias/folder_01_06_2024/8_U2_A2208_7789af37f5.webp,2 Couleurs,/fr/produit/3161-pantalon,enfant
T SHIRT,25.90 TND,https://images.zen.com.tn/medias/folder_16_05_2024/8_U2_A5111_eff4f5a2ce.webp,2 Couleurs,/fr/produit/3083-t-shirt,enfant
BASKET,54.95 TND,https://images.zen.com.tn/medias/folder_07_03_2024/8_U2_A6347_df0628108d.webp,2 Couleurs,/fr/produit/2635-basket,enfant
PANTALON,41.93 TND  59.90 TND,https://images.zen.com.tn/medias/folder_29_07_2024/8_U2_A1525_89b79a6da5.webp,3 Couleurs,/fr/produit/3525-pantalon,enfant
T-SHIRT,29.90 TND,https://images.zen.com.tn/medias/fx_folder_10_06_2024/8_U2_A8030_a1f6fc7f76.webp,2 Couleurs,/fr/produit/3314-t-shirt,enfant
T SHIRT,29.90 TND,https://images.zen.com.tn/medias/fx_folder_10_06_2024/8_U2_A8044_719b68f00c.webp,1 Couleurs,/fr/produit/3264-t-shirt,enfant
T SHIRT,25.90 TND,https://images.zen.com.tn/medias/fx_folder_10_06_2024/8_U2_A5817_e051c20e1c.webp,3 Couleurs,/fr/produit/3215-t-shirt,enfant
BLOUSE,29.90 TND,https://images.zen.com.tn/medias/folder_15_07_2024/8_U2_A8302_928181f1d8.webp,1 Couleurs,/fr/produit/3483-blouse,enfant
SHORT,49.90 TND,https://images.zen.com.tn/medias/folder_30_07_2024/8_U2_A1454_a4bf4fb684.webp,2 Couleurs,/fr/produit/3456-short,enfant
PANTALON,48.93 TND  69.90 TND,https://images.zen.com.tn/medias/folder_29_07_2024/8_U2_A1546_2f3dfd68f6.webp,2 Couleurs,/fr/produit/3373-pantalon,enfant
PANTALON FLARE,41.93 TND  59.90 TND,https://images.zen.com.tn/medias/folder_03_06_2024/8_U2_A2235_30fcb6ff95.webp,2 Couleurs,/fr/produit/3185-pantalon-flare,enfant
T-SHIRT,20.93 TND,https://images.zen.com.tn/medias/folder_30_07_2024/8_U2_A1418_583b6b1aba.webp,3 Couleurs,/fr/produit/3545-t-shirt,enfant
PANTALON,48.93 TND  69.90 TND,https://images.zen.com.tn/medias/folder_29_07_2024/8_U2_A1579_c8ad8871c5.webp,1 Couleurs,/fr/produit/3527-pantalon,enfant
PANTALON,48.93 TND  69.90 TND,https://images.zen.com.tn/medias/folder_31_07_2024/8_U2_A1952_05d427b338.webp,2 Couleurs,/fr/produit/3523-pantalon,enfant
CALSON,11.13 TND,https://images.zen.com.tn/medias/folder_31_07_2024/8_U2_A1935_f99e1b57ab.webp,2 Couleurs,/fr/produit/3548-calson,enfant
T SHIRT,29.90 TND,https://images.zen.com.tn/medias/fx_folder_31_08_2024/8_U2_A1438_6aaa69ddfb.webp,2 Couleurs,/fr/produit/3503-t-shirt,enfant
T SHIRT,25.90 TND,https://images.zen.com.tn/medias/fx_folder_10_06_2024/8_U2_A5908_2006426e14.webp,3 Couleurs,/fr/produit/3179-t-shirt,enfant
PANTALON,41.93 TND,https://images.zen.com.tn/medias/folder_29_07_2024/8_U2_A1514_d883e9fee9.webp,2 Couleurs,/fr/produit/3526-pantalon,enfant
PANTALON,41.93 TND  59.90 TND,https://images.zen.com.tn/medias/folder_31_07_2024/8_U2_A1946_f0aef741ab.webp,2 Couleurs,/fr/produit/3537-pantalon,enfant
PANTALON,48.93 TND  69.90 TND,https://images.zen.com.tn/medias/folder_26_02_2024/8_U2_A5858_6a8abbc6e5.webp,2 Couleurs,/fr/produit/2470-pantalon,enfant
PARFUM,35.90 TND,https://images.zen.com.tn/medias/folder_31_07_2024/8_U2_A1889ddd_DDDD_Ddddddd_2375342125.webp,1 Couleurs,/fr/produit/3418-parfum,enfant
PARFUM,35.90 TND,https://images.zen.com.tn/medias/folder_31_07_2024/8_U2_A1889ddd_DDDDD_dc56d320e5.webp,1 Couleurs,/fr/produit/3419-parfum,enfant
PANTALON,48.93 TND  69.90 TND,https://images.zen.com.tn/medias/folder_29_07_2024/8_U2_A1563_ebf76728f9.webp,2 Couleurs,/fr/produit/3381-pantalon,enfant
PANTALON,41.93 TND,https://images.zen.com.tn/medias/folder_29_07_2024/8_U2_A1537_9ef64d5324.webp,2 Couleurs,/fr/produit/3382-pantalon,enfant
CHEMISE,45.90 TND,https://images.zen.com.tn/medias/folder_02_07_2024/8_U2_A5703_bd2be83e08.webp,1 Couleurs,/fr/produit/3391-chemise,enfant
ENSEMBLE,59.90 TND,https://images.zen.com.tn/medias/folder_09_07_2024/8_U2_A6821_59e2a88901.webp,1 Couleurs,/fr/produit/3393-ensemble,enfant
PANTALON,34.93 TND,https://images.zen.com.tn/medias/fx_folder_03_05_2024/8_U2_A4746_934840bd87.webp,2 Couleurs,/fr/produit/2889-pantalon,enfant
PANTALON,41.93 TND  59.90 TND,https://images.zen.com.tn/medias/folder_11_06_2024/8_U2_A8302_eedbc69de8.webp,2 Couleurs,/fr/produit/3291-pantalon,enfant
JEAN WIDE,41.93 TND  59.90 TND,https://images.zen.com.tn/medias/folder_25_06_2024/8_U2_A0140_27ccd133bc.webp,2 Couleurs,/fr/produit/3267-jean-wide,enfant
PANTALON,41.93 TND,https://images.zen.com.tn/medias/folder_03_04_2024/8_U2_A7117_14b77463dc.webp,2 Couleurs,/fr/produit/2805-pantalon,enfant
POLO,27.93 TND  39.90 TND,https://images.zen.com.tn/medias/folder_02_07_2024/8_U2_A5718_9ca66be8f0.webp,1 Couleurs,/fr/produit/3426-polo,enfant
T SHIRT,35.90 TND,https://images.zen.com.tn/medias/folder_20_07_2024/8_U2_A8706_d01f9deaf1.webp,1 Couleurs,/fr/produit/3477-t-shirt,enfant
T SHIRT,35.90 TND,https://images.zen.com.tn/medias/folder_16_05_2024/8_U2_A5019_452b2c1a49.webp,3 Couleurs,/fr/produit/3086-t-shirt,enfant
T SHIRT,25.90 TND,https://images.zen.com.tn/medias/folder_02_07_2024/8_U2_A5690_48c64dee71.webp,1 Couleurs,/fr/produit/3435-t-shirt,enfant
SHORT,45.90 TND,https://images.zen.com.tn/medias/folder_08_07_2024/8_U2_A6645_cbc3a3f1e9.webp,3 Couleurs,/fr/produit/3409-short,enfant
JUPE,49.90 TND,https://images.zen.com.tn/medias/folder_08_07_2024/8_U2_A6618_f8e4eb364f.webp,2 Couleurs,/fr/produit/3364-jupe,enfant
CHOU CHOU,5.90 TND,https://images.zen.com.tn/medias/folder_01_06_2024/8_U2_A1536_33d5cc2aec.webp,2 Couleurs,/fr/produit/3227-chou-chou,enfant
CALCON,19.90 TND,https://images.zen.com.tn/medias/folder_11_06_2024/8_U2_A8378_a9cbc60d26.webp,2 Couleurs,/fr/produit/3308-calcon,enfant
ENSEMBLE,45.90 TND,https://images.zen.com.tn/medias/folder_09_07_2024/8_U2_A6873_2e334e6aa6.webp,2 Couleurs,/fr/produit/3376-ensemble,enfant
DEBARDEUR,19.90 TND,https://images.zen.com.tn/medias/folder_08_07_2024/8_U2_A6773_b7e705b21b.webp,2 Couleurs,/fr/produit/3410-debardeur,enfant
SHORT,25.90 TND,https://images.zen.com.tn/medias/folder_11_06_2024/8_U2_A8241_25847ed2ca.webp,2 Couleurs,/fr/produit/3320-short,enfant
CHEMISE,55.90 TND,https://images.zen.com.tn/medias/folder_25_06_2024/8_U2_A0582_4990516012.webp,1 Couleurs,/fr/produit/3358-chemise,enfant
T SHIRT,29.90 TND,https://images.zen.com.tn/medias/folder_02_07_2024/8_U2_A5737_c1f91f23f9.webp,2 Couleurs,/fr/produit/3412-t-shirt,enfant
ENSEMBLE,49.90 TND,https://images.zen.com.tn/medias/folder_25_06_2024/8_U2_A0273_08d1838a7e.webp,1 Couleurs,/fr/produit/3350-ensemble,enfant
ROBE,25.90 TND,https://images.zen.com.tn/medias/folder_12_06_2024/8_U2_A9130_b52a93ac5d.webp,3 Couleurs,/fr/produit/3312-robe,enfant
BERMUDA,55.90 TND,https://images.zen.com.tn/medias/folder_11_06_2024/8_U2_A9215_cebee58a4f.webp,3 Couleurs,/fr/produit/3339-bermuda,enfant
SHORT,49.90 TND,https://images.zen.com.tn/medias/folder_12_06_2024/8_U2_A9198_402561adae.webp,3 Couleurs,/fr/produit/3336-short,enfant
ENSEMBLE,55.90 TND,https://images.zen.com.tn/medias/folder_25_06_2024/8_U2_A0193_67be4b4155.webp,2 Couleurs,/fr/produit/3361-ensemble,enfant
POLO,29.90 TND,https://images.zen.com.tn/medias/fx_folder_10_06_2024/8_U2_A8049_2f1c92f1f2.webp,3 Couleurs,/fr/produit/3307-polo,enfant
ROBE,45.90 TND,https://images.zen.com.tn/medias/fx_folder_10_06_2024/8_U2_A8111_daa7f342e7.webp,3 Couleurs,/fr/produit/3324-robe,enfant
ROBE,55.90 TND,https://images.zen.com.tn/medias/folder_11_06_2024/8_U2_A8343_46db0df101.webp,2 Couleurs,/fr/produit/3287-robe,enfant
CHEMISE,39.90 TND,https://images.zen.com.tn/medias/fx_folder_10_06_2024/8_U2_A8019_79689df281.webp,1 Couleurs,/fr/produit/3286-chemise,enfant
T SHIRT,29.90 TND,https://images.zen.com.tn/medias/fx_folder_10_06_2024/8_U2_A8086_87e5a26513.webp,1 Couleurs,/fr/produit/3272-t-shirt,enfant
BLOUSE,29.90 TND,https://images.zen.com.tn/medias/fx_folder_10_06_2024/8_U2_A8126_432d5f5e86.webp,2 Couleurs,/fr/produit/3297-blouse,enfant
COMBISHORT,45.90 TND,https://images.zen.com.tn/medias/folder_11_06_2024/8_U2_A8286_70f6807cff.webp,1 Couleurs,/fr/produit/3296-combishort,enfant
ENSEMBLE,35.90 TND,https://images.zen.com.tn/medias/fx_folder_10_06_2024/8_U2_A2286_961162a0fb.webp,1 Couleurs,/fr/produit/3166-ensemble,enfant
ENSEMBLE,59.90 TND,https://images.zen.com.tn/medias/folder_11_06_2024/8_U2_A8390_bd68668b93.webp,1 Couleurs,/fr/produit/3298-ensemble,enfant
POLO,35.90 TND,https://images.zen.com.tn/medias/fx_folder_10_06_2024/8_U2_A5846_15c73f2852.webp,3 Couleurs,/fr/produit/3258-polo,enfant
T SHIRT,29.90 TND,https://images.zen.com.tn/medias/fx_folder_10_06_2024/8_U2_A5882_9ba0c5c855.webp,1 Couleurs,/fr/produit/3180-t-shirt,enfant
SAC À BANDOULIÈRE,49.90 TND,https://images.zen.com.tn/medias/folder_23_01_2024/8_U2_A0020_19490bcdce.webp,2 Couleurs,/fr/produit/2263-sac-a-bandouliere,enfant
T SHIRT,25.90 TND,https://images.zen.com.tn/medias/folder_07_05_2024/8_U2_A1968_d83a7bf411.webp,1 Couleurs,/fr/produit/3051-t-shirt,enfant
T-SHIRT,25.90 TND,https://images.zen.com.tn/medias/folder_07_05_2024/8_U2_A1945_8ae84f5ce0.webp,3 Couleurs,/fr/produit/3053-t-shirt,enfant
CHEMISE,32.13 TND,https://images.zen.com.tn/medias/folder_29_01_2024/8_U2_A3320_90775462a4.webp,1 Couleurs,/fr/produit/2292-chemise,enfant
MAILLOT DE BAIN,45.90 TND,https://images.zen.com.tn/medias/folder_05_06_2024/8_U2_A2057_d1015c3448.webp,1 Couleurs,/fr/produit/3220-maillot-de-bain,enfant
PANTALON,39.13 TND  55.90 TND,https://images.zen.com.tn/medias/folder_28_02_2024/8_U2_A8349_f6258f73c1.webp,1 Couleurs,/fr/produit/2513-pantalon,enfant
ROBE,39.13 TND,https://images.zen.com.tn/medias/folder_05_02_2024/8_U2_A0347_50c6e8d539.webp,1 Couleurs,/fr/produit/2367-robe,enfant
SHORT,39.90 TND,https://images.zen.com.tn/medias/folder_03_06_2024/8_U2_A2201_cf2439c008.webp,1 Couleurs,/fr/produit/3199-short,enfant
BALLERINE,34.93 TND  49.90 TND,https://images.zen.com.tn/medias/folder_13_01_2024/8_U2_A8240_e80c63784e.webp,6 Couleurs,/fr/produit/2208-ballerine,enfant
ROBE,59.90 TND,https://images.zen.com.tn/medias/fx_folder_03_05_2024/8_U2_A7473_26a71315e1.webp,3 Couleurs,/fr/produit/2958-robe,enfant
ROBE,25.90 TND,https://images.zen.com.tn/medias/folder_11_06_2024/8_U2_A1932_d634d1a35c.webp,3 Couleurs,/fr/produit/3218-robe,enfant
ROBE,49.90 TND,https://images.zen.com.tn/medias/folder_12_06_2024/8_U2_A1918_696e9f2d15.webp,2 Couleurs,/fr/produit/3165-robe,enfant
BLOUSE,29.90 TND,https://images.zen.com.tn/medias/folder_18_06_2024/8_U2_A1968_66ac10c3fe.webp,1 Couleurs,/fr/produit/3232-blouse,enfant
MAILLOT DE BAIN 'TRIKINI',49.90 TND,https://images.zen.com.tn/medias/folder_11_06_2024/8_U2_A6755_324403a6ef.webp,2 Couleurs,/fr/produit/3225-maillot-de-bain-'trikini',enfant
MAILLOT DE BAIN,45.90 TND,https://images.zen.com.tn/medias/folder_11_06_2024/8_U2_A6597_5b8af9e86a.webp,1 Couleurs,/fr/produit/3221-maillot-de-bain,enfant
T SHIRT,29.90 TND,https://images.zen.com.tn/medias/fx_folder_10_06_2024/8_U2_A5893_392453502b.webp,2 Couleurs,/fr/produit/3197-t-shirt,enfant
T SHIRT,19.90 TND,https://images.zen.com.tn/medias/fx_folder_10_06_2024/8_U2_A8080_9f84966796.webp,1 Couleurs,/fr/produit/3118-t-shirt,enfant
ROBE,39.90 TND,https://images.zen.com.tn/medias/folder_03_06_2024/8_U2_A2219_ecabc6d166.webp,1 Couleurs,/fr/produit/3190-robe,enfant
TOP,19.90 TND,https://images.zen.com.tn/medias/folder_05_06_2024/8_U2_A1985_8172e8e30b.webp,2 Couleurs,/fr/produit/3237-top,enfant
MAILLOT DE BAIN,45.90 TND,https://images.zen.com.tn/medias/folder_05_06_2024/8_U2_A2065_4d7bd70ecf.webp,2 Couleurs,/fr/produit/3222-maillot-de-bain,enfant
MAILLOT DE BAIN,45.90 TND,https://images.zen.com.tn/medias/folder_05_06_2024/8_U2_A2030_9687f0b305.webp,2 Couleurs,/fr/produit/3262-maillot-de-bain,enfant
SHORT,45.90 TND,https://images.zen.com.tn/medias/folder_05_06_2024/8_U2_A2147_d846e80caf.webp,3 Couleurs,/fr/produit/3196-short,enfant
BIKINI,49.90 TND,https://images.zen.com.tn/medias/folder_05_06_2024/8_U2_A2101_065443cfdb.webp,1 Couleurs,/fr/produit/3226-bikini,enfant
BIKINI,49.90 TND,https://images.zen.com.tn/medias/folder_05_06_2024/8_U2_A2139_f9a87e3e27.webp,1 Couleurs,/fr/produit/3223-bikini,enfant
CASQUETTE,29.90 TND,https://images.zen.com.tn/medias/folder_07_05_2024/8_U2_A2143_7f5f7bd8b6.webp,1 Couleurs,/fr/produit/3048-casquette,enfant
ENSEMBLE,45.90 TND,https://images.zen.com.tn/medias/folder_14_05_2024/1_S9_A9372_4_d3f097283f.webp,2 Couleurs,/fr/produit/3085-ensemble,enfant
T SHIRT,25.90 TND,https://images.zen.com.tn/medias/folder_16_05_2024/8_U2_A4983_47171e1a9d.webp,2 Couleurs,/fr/produit/3061-t-shirt,enfant
ENSEMBLE,59.90 TND,https://images.zen.com.tn/medias/folder_03_05_2024/8_U2_A1218_5a602be063.webp,1 Couleurs,/fr/produit/2955-ensemble,enfant
SHORT,49.90 TND,https://images.zen.com.tn/medias/folder_10_05_2024/8_U2_A2796_f9ebf956a7.webp,3 Couleurs,/fr/produit/3063-short,enfant
DEBARDEUR,19.90 TND,https://images.zen.com.tn/medias/folder_27_04_2024/8_U2_A7437_3d636c0c7e.webp,1 Couleurs,/fr/produit/2899-debardeur,enfant
DEBARDEUR,15.90 TND,https://images.zen.com.tn/medias/folder_13_04_2024/8_U2_A0095_cd1a1dd784.webp,3 Couleurs,/fr/produit/2844-debardeur,enfant
BEBARDEUR,19.90 TND,https://images.zen.com.tn/medias/folder_27_05_2024/8_U2_A7455_9d58652986.webp,3 Couleurs,/fr/produit/3116-bebardeur,enfant
DEBARDEUR,25.90 TND,https://images.zen.com.tn/medias/folder_12_03_2024/8_U2_A9756_b70b1657a8.webp,2 Couleurs,/fr/produit/2662-debardeur,enfant
BERMUDA,35.90 TND,https://images.zen.com.tn/medias/folder_16_05_2024/8_U2_A5382_33f1e96496.webp,1 Couleurs,/fr/produit/3111-bermuda,enfant
SHORT,45.90 TND,https://images.zen.com.tn/medias/folder_25_05_2024/8_U2_A7531_901361be05.webp,2 Couleurs,/fr/produit/3131-short,enfant
T SHIRT,29.90 TND,https://images.zen.com.tn/medias/folder_16_05_2024/8_U2_A4992_912025c062.webp,1 Couleurs,/fr/produit/3065-t-shirt,enfant
ROBE,39.90 TND,https://images.zen.com.tn/medias/folder_10_05_2024/8_U2_A2875_02dc0b216b.webp,2 Couleurs,/fr/produit/3081-robe,enfant
T SHIRT,25.90 TND,https://images.zen.com.tn/medias/folder_04_04_2024/8_U2_A6779_673b5566d0.webp,3 Couleurs,/fr/produit/2802-t-shirt,enfant
CEINTURE,29.90 TND,https://images.zen.com.tn/medias/folder_09_03_2024/1_S9_A8131_84fce1e5c8.webp,1 Couleurs,/fr/produit/2633-ceinture,enfant
PANTALON,48.93 TND,https://images.zen.com.tn/medias/folder_19_03_2024/8_U2_A1424_06b5c33ac3.webp,2 Couleurs,/fr/produit/2700-pantalon,enfant
JEAN,48.93 TND  69.90 TND,https://images.zen.com.tn/medias/folder_29_05_2024/bleach_2_831a1486aa.webp,2 Couleurs,/fr/produit/2443-jean,enfant
PANTALON,48.93 TND  69.90 TND,https://images.zen.com.tn/medias/folder_02_04_2024/8_U2_A7070_4735b12064.webp,1 Couleurs,/fr/produit/2828-pantalon,enfant
PANTALON,41.93 TND,https://images.zen.com.tn/medias/folder_06_05_2024/8_U2_A1138_90de4da409.webp,2 Couleurs,/fr/produit/2992-pantalon,enfant
T SHIRT,25.90 TND,https://images.zen.com.tn/medias/folder_05_02_2024/8_U2_A0378_b12ed2f842.webp,1 Couleurs,/fr/produit/2370-t-shirt,enfant
CHEMISE,49.90 TND,https://images.zen.com.tn/medias/folder_30_03_2024/8_U2_A4827_daaf02f2b0.webp,2 Couleurs,/fr/produit/2762-chemise,enfant
PANTALON,48.93 TND,https://images.zen.com.tn/medias/folder_29_02_2024/8_U2_A8472_3c1dc17136.webp,2 Couleurs,/fr/produit/2531-pantalon,enfant
PANTALON,48.93 TND  69.90 TND,https://images.zen.com.tn/medias/folder_31_01_2024/8_U2_A3620_02c0122b1b.webp,2 Couleurs,/fr/produit/2304-pantalon,enfant
CASQUETTE,25.90 TND,https://images.zen.com.tn/medias/folder_23_04_2024/8_U2_A4507_3dbbb4db04.webp,2 Couleurs,/fr/produit/2875-casquette,enfant
CHEMISE,55.90 TND,https://images.zen.com.tn/medias/folder_19_04_2024/8_U2_A3213_d7140c5029.webp,1 Couleurs,/fr/produit/2864-chemise,enfant
T-SHIRT,29.90 TND,https://images.zen.com.tn/medias/folder_27_05_2024/8_U2_A7169_2cda3ef64f.webp,3 Couleurs,/fr/produit/3142-t-shirt,enfant
T SHIRT,35.90 TND,https://images.zen.com.tn/medias/folder_27_05_2024/8_U2_A7198_c7abcf7c75.webp,3 Couleurs,/fr/produit/3121-t-shirt,enfant
T SHIRT,25.90 TND,https://images.zen.com.tn/medias/folder_27_05_2024/8_U2_A7162_075aaac6a2.webp,1 Couleurs,/fr/produit/3132-t-shirt,enfant
T SHIRT,35.90 TND,https://images.zen.com.tn/medias/folder_07_05_2024/8_U2_A1962_63956aab4b.webp,1 Couleurs,/fr/produit/3047-t-shirt,enfant
T-SHIRT,25.90 TND,https://images.zen.com.tn/medias/folder_07_05_2024/8_U2_A1984_3790002f33.webp,3 Couleurs,/fr/produit/3054-t-shirt,enfant
VESTE,55.93 TND,https://images.zen.com.tn/medias/folder_10_02_2024/8_U2_A2638_4c62e68d48.webp,2 Couleurs,/fr/produit/2426-veste,enfant
DEBARDEUR,25.90 TND,https://images.zen.com.tn/medias/folder_07_05_2024/8_U2_A2074_95ab4031ed.webp,1 Couleurs,/fr/produit/3052-debardeur,enfant
CALEÇON,15.90 TND,https://images.zen.com.tn/medias/folder_07_05_2024/8_U2_A1090_074fff0205.webp,1 Couleurs,/fr/produit/3033-calecon,enfant
T SHIRT,29.90 TND,https://images.zen.com.tn/medias/folder_16_05_2024/8_U2_A5208_a0484258e2.webp,3 Couleurs,/fr/produit/3087-t-shirt,enfant
ENSEMBLE,49.90 TND,https://images.zen.com.tn/medias/folder_27_04_2024/8_U2_A7544_ef2b80b392.webp,2 Couleurs,/fr/produit/2950-ensemble,enfant
T-SHIRT,25.90 TND,https://images.zen.com.tn/medias/folder_16_05_2024/8_U2_A5130_f2fc17fe6e.webp,2 Couleurs,/fr/produit/3069-t-shirt,enfant
T SHIRT,25.90 TND,https://images.zen.com.tn/medias/folder_03_05_2024/8_U2_A1559_bd99d0dbf0.webp,2 Couleurs,/fr/produit/2964-t-shirt,enfant
SHORT,49.90 TND,https://images.zen.com.tn/medias/folder_07_05_2024/8_U2_A2082_94b6a2e6c9.webp,2 Couleurs,/fr/produit/3045-short,enfant
T SHIRT,35.90 TND,https://images.zen.com.tn/medias/folder_19_04_2024/8_U2_A3268_85518009cb.webp,2 Couleurs,/fr/produit/2873-t-shirt,enfant
T-SHIRT,25.90 TND,https://images.zen.com.tn/medias/folder_16_05_2024/8_U2_A5157_9fab3fda6e.webp,3 Couleurs,/fr/produit/3070-t-shirt,enfant
T SHIRT,29.90 TND,https://images.zen.com.tn/medias/folder_16_05_2024/8_U2_A5052_5b16aa0045.webp,2 Couleurs,/fr/produit/3064-t-shirt,enfant
SHORT,49.90 TND,https://images.zen.com.tn/medias/folder_07_05_2024/8_U2_A2091_36af62b0ce.webp,2 Couleurs,/fr/produit/3044-short,enfant
POLO,35.90 TND,https://images.zen.com.tn/medias/folder_07_05_2024/8_U2_A2013_a38727f38a.webp,3 Couleurs,/fr/produit/3039-polo,enfant
CHEMISE,39.90 TND,https://images.zen.com.tn/medias/folder_07_05_2024/8_U2_A1911_61f0b0dd68.webp,3 Couleurs,/fr/produit/3038-chemise,enfant
DEBARDEUR,19.90 TND,https://images.zen.com.tn/medias/fx_folder_03_05_2024/8_U2_A7415_51336b40cf.webp,4 Couleurs,/fr/produit/2949-debardeur,enfant
ROBE,39.90 TND,https://images.zen.com.tn/medias/folder_10_05_2024/8_U2_A2836_5339aa9c1c.webp,2 Couleurs,/fr/produit/3058-robe,enfant
ROBE,59.90 TND,https://images.zen.com.tn/medias/folder_07_05_2024/8_U2_A1996_7af406d540.webp,1 Couleurs,/fr/produit/2862-robe,enfant
ROBE,45.90 TND,https://images.zen.com.tn/medias/folder_07_05_2024/8_U2_A2058_7d23448452.webp,2 Couleurs,/fr/produit/3022-robe,enfant
CHEMISE,29.90 TND,https://images.zen.com.tn/medias/folder_13_04_2024/8_U2_A0057_a0d15e9359.webp,2 Couleurs,/fr/produit/2854-chemise,enfant
BLOUSE,35.90 TND,https://images.zen.com.tn/medias/folder_03_05_2024/8_U2_A1171_be1ce85d7d.webp,2 Couleurs,/fr/produit/2985-blouse,enfant
ROBE,29.90 TND,https://images.zen.com.tn/medias/fx_folder_03_05_2024/8_U2_A4637_86690f5057.webp,3 Couleurs,/fr/produit/2863-robe,enfant
SHORT,49.90 TND,https://images.zen.com.tn/medias/folder_28_02_2024/8_U2_A8381_0c40c3e458.webp,2 Couleurs,/fr/produit/2530-short,enfant
TONGS,39.90 TND,https://images.zen.com.tn/medias/folder_07_05_2024/8_U2_A0343_ed3eb9a2e2.webp,2 Couleurs,/fr/produit/2969-tongs,enfant
ROBE,55.90 TND,https://images.zen.com.tn/medias/folder_27_04_2024/8_U2_A7198_a9f5ed8db2.webp,1 Couleurs,/fr/produit/2902-robe,enfant
SHORT,49.90 TND,https://images.zen.com.tn/medias/folder_03_05_2024/8_U2_A1104_fcb01e67e2.webp,4 Couleurs,/fr/produit/2990-short,enfant
T SHIRT,25.90 TND,https://images.zen.com.tn/medias/folder_03_05_2024/8_U2_A1328_c2bfaaba33.webp,2 Couleurs,/fr/produit/3009-t-shirt,enfant
ROBE,49.90 TND,https://images.zen.com.tn/medias/folder_14_10_2023/8_U2_A5208_2200a30a5f.webp,2 Couleurs,/fr/produit/1559-robe,enfant
ROBE À CARREAUX BÉBÉ FILLE,49.90 TND,https://images.zen.com.tn/medias/folder_08_11_2023/8_U2_A0783_f387946e33.webp,2 Couleurs,/fr/produit/1755-robe-a-carreaux-bebe-fille,enfant
ENSEMBLE,69.90 TND,https://images.zen.com.tn/medias/folder_27_04_2024/8_U2_A7320_dc37a59569.webp,1 Couleurs,/fr/produit/2942-ensemble,enfant
SANDALE,79.90 TND,https://images.zen.com.tn/medias/folder_07_05_2024/8_U2_A0697_55d2796fd1.webp,2 Couleurs,/fr/produit/2930-sandale,enfant
SANDALE,79.90 TND,https://images.zen.com.tn/medias/fx_folder_03_05_2024/8_U2_A7914_d7f3e021ef.webp,1 Couleurs,/fr/produit/2929-sandale,enfant
SANDALE,69.90 TND,https://images.zen.com.tn/medias/folder_15_05_2024/bleu_3_7cf39cc63d.webp,1 Couleurs,/fr/produit/2927-sandale,enfant
SANDALE,69.90 TND,https://images.zen.com.tn/medias/folder_07_05_2024/8_U2_A0657_e7ca34b3b7.webp,1 Couleurs,/fr/produit/2932-sandale,enfant
CLAQUETTES,35.90 TND,https://images.zen.com.tn/medias/fx_folder_03_05_2024/8_U2_A7870_3bbf8071cb.webp,2 Couleurs,/fr/produit/2935-claquettes,enfant
TONGS,35.90 TND,https://images.zen.com.tn/medias/fx_folder_03_05_2024/8_U2_A7832_007b53ad47.webp,2 Couleurs,/fr/produit/2934-tongs,enfant
ROBE,49.90 TND,https://images.zen.com.tn/medias/folder_21_03_2024/8_U2_A1389_9e7d8332f6.webp,2 Couleurs,/fr/produit/2694-robe,enfant
SHORT,45.90 TND,https://images.zen.com.tn/medias/folder_13_04_2024/8_U2_A0034_707a32d890.webp,5 Couleurs,/fr/produit/2850-short,enfant
ENSEMBLE,49.90 TND,https://images.zen.com.tn/medias/folder_18_08_2023/8_U2_A9749_b2983a1f7d.webp,2 Couleurs,/fr/produit/1271-ensemble,enfant
SHORT,45.90 TND,https://images.zen.com.tn/medias/folder_21_06_2023/8_U2_A2605_2cbb82cbe5.JPG,2 Couleurs,/fr/produit/1027-short,enfant
DEBARDEUR,19.90 TND,https://images.zen.com.tn/medias/fx_folder_14_07_2023/8_U2_A2272_a3fddf39ae.webp,3 Couleurs,/fr/produit/1147-debardeur,enfant
SHORT,25.13 TND  35.90 TND,https://images.zen.com.tn/medias/folder_31_08_2023/8_U2_A0295_54ee63b9a9.webp,2 Couleurs,/fr/produit/1394-short,enfant
SHORT,39.90 TND,https://images.zen.com.tn/medias/folder_07_08_2023/8_U2_A4522_127242951c.webp,2 Couleurs,/fr/produit/1243-short,enfant
JUPE,45.90 TND,https://images.zen.com.tn/medias/fx_folder_03_05_2024/8_U2_A1162_d292d86a16.webp,1 Couleurs,/fr/produit/2999-jupe,enfant
T SHIRT,29.90 TND,https://images.zen.com.tn/medias/folder_27_04_2024/8_U2_A7152_d7c265bc5e.webp,2 Couleurs,/fr/produit/2911-t-shirt,enfant
T-SHIRT,29.90 TND,https://images.zen.com.tn/medias/folder_03_05_2024/8_U2_A1443_9dd8193dac.webp,3 Couleurs,/fr/produit/2998-t-shirt,enfant
T-SHIRT,29.90 TND,https://images.zen.com.tn/medias/folder_03_05_2024/8_U2_A1460_d07f63a6f3.webp,3 Couleurs,/fr/produit/2997-t-shirt,enfant
T SHIRT ' BRATZ',29.90 TND,https://images.zen.com.tn/medias/folder_03_05_2024/8_U2_A1493_87becbd655.webp,1 Couleurs,/fr/produit/2965-t-shirt-'-bratz',enfant
T SHIRT,29.90 TND,https://images.zen.com.tn/medias/folder_03_05_2024/8_U2_A1399_5099747a72.webp,3 Couleurs,/fr/produit/2986-t-shirt,enfant
SHORT,45.90 TND,https://images.zen.com.tn/medias/folder_31_01_2024/8_U2_A3591_842aa665f3.webp,5 Couleurs,/fr/produit/2267-short,enfant
T-SHIRT,29.90 TND,https://images.zen.com.tn/medias/folder_19_04_2024/8_U2_A3167_cf490e3f89.webp,3 Couleurs,/fr/produit/2897-t-shirt,enfant
ENSEMBLE,49.90 TND,https://images.zen.com.tn/medias/folder_17_08_2023/8_U2_A9707_ee578aabd3.webp,3 Couleurs,/fr/produit/1290-ensemble,enfant
T-SHIRT,29.90 TND,https://images.zen.com.tn/medias/folder_19_04_2024/8_U2_A3190_0a1892fbcb.webp,3 Couleurs,/fr/produit/2895-t-shirt,enfant
T SHIRT,19.90 TND,https://images.zen.com.tn/medias/folder_25_03_2024/8_U2_A2402_04628efc78.webp,2 Couleurs,/fr/produit/2711-t-shirt,enfant
JUPE,59.90 TND,https://images.zen.com.tn/medias/folder_06_04_2024/8_U2_A5723_99f5d570ed.webp,3 Couleurs,/fr/produit/2788-jupe,enfant
TOP,19.90 TND,https://images.zen.com.tn/medias/folder_12_03_2024/1_S9_A7809_a137afcb58.webp,3 Couleurs,/fr/produit/2646-top,enfant
T SHIRT,25.90 TND,https://images.zen.com.tn/medias/folder_05_04_2024/8_U2_A7042_8736eff125.webp,4 Couleurs,/fr/produit/2817-t-shirt,enfant
T-SHIRT,25.90 TND,https://images.zen.com.tn/medias/folder_27_03_2024/8_U2_A4373_6dc5505685.webp,3 Couleurs,/fr/produit/2756-t-shirt,enfant
SHORT,25.90 TND,https://images.zen.com.tn/medias/folder_12_03_2024/1_S9_A8009_a1852a970e.webp,1 Couleurs,/fr/produit/2628-short,enfant
T SHIRT,25.90 TND,https://images.zen.com.tn/medias/folder_15_01_2024/8_U2_A0282_8b3bdf9cfd.webp,2 Couleurs,/fr/produit/2211-t-shirt,enfant
SHORT,29.90 TND,https://images.zen.com.tn/medias/folder_12_03_2024/1_S9_A7894_f7e98c503a.webp,7 Couleurs,/fr/produit/2629-short,enfant
T SHIRT,25.90 TND,https://images.zen.com.tn/medias/folder_19_04_2024/8_U2_A3300_aed8ddee2f.webp,1 Couleurs,/fr/produit/2867-t-shirt,enfant
DEBARDEUR,19.90 TND,https://images.zen.com.tn/medias/folder_12_03_2024/8_U2_A9766_6d22d3d7e1.webp,4 Couleurs,/fr/produit/2661-debardeur,enfant
BLOUSE,35.90 TND,https://images.zen.com.tn/medias/folder_03_10_2023/8_U2_A2246_11ceea43ff.webp,1 Couleurs,/fr/produit/1550-blouse,enfant
T-SHIRT,25.90 TND,https://images.zen.com.tn/medias/folder_19_04_2024/8_U2_A3125_3708ff88ca.webp,3 Couleurs,/fr/produit/2896-t-shirt,enfant
ENSEMBLE,49.90 TND,https://images.zen.com.tn/medias/fx_folder_03_05_2024/8_U2_A4650_68a7140028.webp,2 Couleurs,/fr/produit/2861-ensemble,enfant
CALCON,15.90 TND,https://images.zen.com.tn/medias/folder_03_05_2024/8_U2_A1020_e7c6945633.webp,1 Couleurs,/fr/produit/2988-calcon,enfant
ENSEMBLE,79.90 TND,https://images.zen.com.tn/medias/fx_folder_03_05_2024/8_U2_A7518_568449cb8b.webp,1 Couleurs,/fr/produit/2956-ensemble,enfant
SHORT,49.90 TND,https://images.zen.com.tn/medias/folder_08_02_2024/8_U2_A0805_255b25b6d5.webp,2 Couleurs,/fr/produit/2369-short,enfant
SHORT,39.90 TND,https://images.zen.com.tn/medias/folder_31_01_2024/8_U2_A3636_de817c59ec.webp,2 Couleurs,/fr/produit/2229-short,enfant
ENSEMBLE,35.90 TND,https://images.zen.com.tn/medias/folder_03_08_2023/8_U2_A4022_828fb4ce41.webp,3 Couleurs,/fr/produit/1169-ensemble,enfant
T SHIRT,25.90 TND,https://images.zen.com.tn/medias/folder_16_08_2023/8_U2_A9660_6f5576a78d.webp,3 Couleurs,/fr/produit/1270-t-shirt,enfant
T SHIRT,25.90 TND,https://images.zen.com.tn/medias/folder_23_01_2024/8_U2_A9688_2846c0f331.webp,2 Couleurs,/fr/produit/2241-t-shirt,enfant
ENSEMBLE,45.90 TND,https://images.zen.com.tn/medias/folder_08_08_2023/8_U2_A4537_a9d97d7c0b.webp,2 Couleurs,/fr/produit/1213-ensemble,enfant
COMBINAISON,75.90 TND,https://images.zen.com.tn/medias/folder_18_08_2023/8_U2_A9733_bb9f684fe5.webp,1 Couleurs,/fr/produit/1302-combinaison,enfant
DEBARDEUR,19.90 TND,https://images.zen.com.tn/medias/folder_21_11_2023/8_U2_A0866_cd8ca71197.webp,4 Couleurs,/fr/produit/1709-debardeur,enfant
ENSEMBLE,49.90 TND,https://images.zen.com.tn/medias/folder_08_08_2023/8_U2_A4646_e7c1e7ca02.webp,3 Couleurs,/fr/produit/1197-ensemble,enfant
T SHIRT,25.90 TND,https://images.zen.com.tn/medias/folder_07_08_2023/8_U2_A4549_931f887a38.webp,3 Couleurs,/fr/produit/1240-t-shirt,enfant
DEBARDEUR,19.90 TND,https://images.zen.com.tn/medias/folder_10_01_2024/8_U2_A4578_aa5ab595a0.webp,3 Couleurs,/fr/produit/1344-debardeur,enfant
SHORT,45.90 TND,https://images.zen.com.tn/medias/folder_07_08_2023/8_U2_A4519_a9e0ec446e.webp,1 Couleurs,/fr/produit/1278-short,enfant
BLOUSE,29.90 TND,https://images.zen.com.tn/medias/folder_08_08_2023/8_U2_A4623_34569aa22c.webp,1 Couleurs,/fr/produit/1249-blouse,enfant
BLOUSE,35.90 TND,https://images.zen.com.tn/medias/folder_07_08_2023/8_U2_A4553_6b7b8009ad.webp,1 Couleurs,/fr/produit/1237-blouse,enfant
SHORT,49.90 TND,https://images.zen.com.tn/medias/folder_10_01_2024/8_U2_A4513_564a54b8ce.webp,2 Couleurs,/fr/produit/1255-short,enfant
ROBE,59.90 TND,https://images.zen.com.tn/medias/folder_21_11_2023/8_U2_A2283_6c1972be49.webp,1 Couleurs,/fr/produit/1564-robe,enfant
T SHIRT,29.90 TND,https://images.zen.com.tn/medias/folder_05_04_2024/8_U2_A6985_72ff1f13e4.webp,3 Couleurs,/fr/produit/2822-t-shirt,enfant
VESTE,39.13 TND,https://images.zen.com.tn/medias/folder_18_03_2024/8_U2_A0466_80672db8ab.webp,3 Couleurs,/fr/produit/2679-veste,enfant
CHEMISE,39.13 TND  55.90 TND,https://images.zen.com.tn/medias/folder_06_03_2024/1_S9_A0381_06ec413436.webp,1 Couleurs,/fr/produit/2599-chemise,enfant
T SHIRT,25.90 TND,https://images.zen.com.tn/medias/folder_07_02_2024/8_U2_A1060_38cc6b7687.webp,2 Couleurs,/fr/produit/2381-t-shirt,enfant
BERMUDA,49.90 TND,https://images.zen.com.tn/medias/folder_07_08_2023/8_U2_A4528_7f03e8ef26.webp,2 Couleurs,/fr/produit/1212-bermuda,enfant
SHORT,35.90 TND,https://images.zen.com.tn/medias/folder_10_01_2024/8_U2_A4913_db988db909.webp,3 Couleurs,/fr/produit/1275-short,enfant
CHEMISE,39.90 TND,https://images.zen.com.tn/medias/fx_folder_01_08_2023/8_U2_A2448_65e0449b8f.webp,2 Couleurs,/fr/produit/1163-chemise,enfant
PANTALON,41.93 TND,https://images.zen.com.tn/medias/folder_28_02_2024/8_U2_A8429_9b87ebbc43.webp,2 Couleurs,/fr/produit/2524-pantalon,enfant
CHEMISE,34.93 TND  49.90 TND,https://images.zen.com.tn/medias/folder_27_02_2024/8_U2_A7991_1c31c63fae.webp,3 Couleurs,/fr/produit/2484-chemise,enfant
PANTALON,46.13 TND  65.90 TND,https://images.zen.com.tn/medias/folder_30_03_2024/8_U2_A5506_67f8325388.webp,2 Couleurs,/fr/produit/2778-pantalon,enfant
PANTALON,48.93 TND,https://images.zen.com.tn/medias/folder_30_03_2024/8_U2_A5576_a8fcd16a13.webp,1 Couleurs,/fr/produit/2777-pantalon,enfant
VESTE,48.93 TND  69.90 TND,https://images.zen.com.tn/medias/folder_30_03_2024/8_U2_A4996_4504aca430.webp,2 Couleurs,/fr/produit/2776-veste,enfant
PANTALON,41.93 TND  59.90 TND,https://images.zen.com.tn/medias/folder_04_03_2024/8_U2_A2262_39d3e4c98a.webp,2 Couleurs,/fr/produit/2570-pantalon,enfant
PANTALON,46.13 TND,https://images.zen.com.tn/medias/folder_28_03_2024/8_U2_A4453_0e1fddf806.webp,4 Couleurs,/fr/produit/2743-pantalon,enfant
VESTE,48.93 TND  69.90 TND,https://images.zen.com.tn/medias/folder_18_03_2024/8_U2_A0304_90197dff2b.webp,3 Couleurs,/fr/produit/2686-veste,enfant
VESTE,53.13 TND  75.90 TND,https://images.zen.com.tn/medias/folder_27_03_2024/8_U2_A4185_60bdf0e84e.webp,3 Couleurs,/fr/produit/2745-veste,enfant
CHEMISE,34.93 TND,https://images.zen.com.tn/medias/folder_05_03_2024/1_S9_A0252_e8345a7f2f.webp,2 Couleurs,/fr/produit/2592-chemise,enfant
CHEMISE,32.13 TND  45.90 TND,https://images.zen.com.tn/medias/folder_28_02_2024/8_U2_A8267_3a1efbb4e4.webp,1 Couleurs,/fr/produit/2483-chemise,enfant
CHEMISE,39.13 TND  55.90 TND,https://images.zen.com.tn/medias/folder_30_01_2024/8_U2_A3424_78285e2abd.webp,2 Couleurs,/fr/produit/2295-chemise,enfant
CHEMISE,34.93 TND,https://images.zen.com.tn/medias/folder_05_03_2024/1_S9_A0281_93869362eb.webp,1 Couleurs,/fr/produit/2600-chemise,enfant
CHEMISE,34.93 TND  49.90 TND,https://images.zen.com.tn/medias/folder_12_03_2024/8_U2_A9624_3ad3735618.webp,1 Couleurs,/fr/produit/2663-chemise,enfant
PANTALON,41.93 TND  59.90 TND,https://images.zen.com.tn/medias/folder_04_03_2024/8_U2_A2206_4a007b9280.webp,2 Couleurs,/fr/produit/2559-pantalon,enfant
BASKET,65.94 TND,https://images.zen.com.tn/medias/folder_22_03_2024/8_U2_A2752_f599235533.webp,2 Couleurs,/fr/produit/2747-basket,enfant
CHEMISE,41.93 TND  59.90 TND,https://images.zen.com.tn/medias/folder_28_12_2023/8_U2_A3969_0ad8da6c42.webp,1 Couleurs,/fr/produit/2073-chemise,enfant
CHEMISE,41.93 TND  59.90 TND,https://images.zen.com.tn/medias/folder_07_03_2024/8_U2_A7657_54b0b53868.webp,2 Couleurs,/fr/produit/2603-chemise,enfant
BLOUSON,48.93 TND,https://images.zen.com.tn/medias/folder_09_03_2024/1_S9_A8403_789eec4cc9.webp,1 Couleurs,/fr/produit/2625-blouson,enfant
GILET,34.93 TND  49.90 TND,https://images.zen.com.tn/medias/folder_14_03_2024/8_U2_A9833_657537ea20.webp,1 Couleurs,/fr/produit/2594-gilet,enfant
JUPE,34.93 TND  49.90 TND,https://images.zen.com.tn/medias/folder_08_02_2024/8_U2_A0775_51005a8b03.webp,4 Couleurs,/fr/produit/2373-jupe,enfant
PANTALON,41.93 TND,https://images.zen.com.tn/medias/folder_18_03_2024/8_U2_A0551_76b0fa5bcc.webp,3 Couleurs,/fr/produit/2676-pantalon,enfant
BLOUSE,39.13 TND  55.90 TND,https://images.zen.com.tn/medias/folder_28_02_2024/8_U2_A8189_6d6fd9c77b.webp,1 Couleurs,/fr/produit/2523-blouse,enfant
CHEMISE,32.13 TND  45.90 TND,https://images.zen.com.tn/medias/folder_06_03_2024/1_S9_A0337_46b22c9e09.webp,1 Couleurs,/fr/produit/2587-chemise,enfant
CHEMISE,41.93 TND,https://images.zen.com.tn/medias/folder_06_03_2024/1_S9_A0367_16c3fffa15.webp,1 Couleurs,/fr/produit/2591-chemise,enfant
CHEMISE,34.93 TND  49.90 TND,https://images.zen.com.tn/medias/folder_12_03_2024/8_U2_A9664_cceab90979.webp,2 Couleurs,/fr/produit/2660-chemise,enfant
CHEMISE,39.13 TND  55.90 TND,https://images.zen.com.tn/medias/folder_09_03_2024/1_S9_A8290_481ece3c0b.webp,1 Couleurs,/fr/produit/2644-chemise,enfant
VESTE,46.13 TND,https://images.zen.com.tn/medias/folder_09_03_2024/1_S9_A8424_02f4b83997.webp,2 Couleurs,/fr/produit/2612-veste,enfant
PANTALON,39.13 TND  55.90 TND,https://images.zen.com.tn/medias/folder_07_03_2024/8_U2_A7774_e52b79f65e.webp,1 Couleurs,/fr/produit/2611-pantalon,enfant
PANTALON,39.13 TND  55.90 TND,https://images.zen.com.tn/medias/folder_18_03_2024/8_U2_A0523_33149407f6.webp,2 Couleurs,/fr/produit/2672-pantalon,enfant
ROBE,39.13 TND,https://images.zen.com.tn/medias/folder_12_03_2024/8_U2_A9693_add4719da7.webp,1 Couleurs,/fr/produit/2659-robe,enfant
ROBE,39.13 TND  55.90 TND,https://images.zen.com.tn/medias/folder_25_03_2024/8_U2_A2268_2a8a982cbd.webp,2 Couleurs,/fr/produit/2702-robe,enfant
ROBE,41.93 TND  59.90 TND,https://images.zen.com.tn/medias/folder_06_03_2024/1_S9_A0351_949b1f4f44.webp,1 Couleurs,/fr/produit/2586-robe,enfant
ROBE,41.93 TND,https://images.zen.com.tn/medias/folder_07_03_2024/8_U2_A7702_d1a3be70e9.webp,1 Couleurs,/fr/produit/2508-robe,enfant
ROBE,41.93 TND  59.90 TND,https://images.zen.com.tn/medias/folder_25_03_2024/8_U2_A2226_ce1579228e.webp,1 Couleurs,/fr/produit/2699-robe,enfant
SALOPETTE,32.13 TND  45.90 TND,https://images.zen.com.tn/medias/folder_12_03_2024/1_S9_A7882_cc53863188.webp,1 Couleurs,/fr/produit/2613-salopette,enfant
SALOPETTE,27.93 TND,https://images.zen.com.tn/medias/folder_05_03_2024/8_U2_A6192_e3c368bf09.webp,2 Couleurs,/fr/produit/2579-salopette,enfant
T  SHIRT,29.90 TND,https://images.zen.com.tn/medias/folder_07_03_2024/8_U2_A7678_146740a829.webp,2 Couleurs,/fr/produit/2605-t--shirt,enfant
T SHIRT,29.90 TND,https://images.zen.com.tn/medias/folder_30_01_2024/8_U2_A3251_75da625d46.webp,3 Couleurs,/fr/produit/2335-t-shirt,enfant
T SHIRT,18.13 TND,https://images.zen.com.tn/medias/folder_12_03_2024/8_U2_A9634_093e402c23.webp,2 Couleurs,/fr/produit/2647-t-shirt,enfant
T SHIRT MANCHE,20.93 TND  29.90 TND,https://images.zen.com.tn/medias/folder_04_03_2024/8_U2_A1993_a5373466f7.webp,3 Couleurs,/fr/produit/2571-t-shirt-manche,enfant
VESTE,41.93 TND  59.90 TND,https://images.zen.com.tn/medias/folder_12_03_2024/8_U2_A9728_4ccbb298cb.webp,3 Couleurs,/fr/produit/2648-veste,enfant
VESTE,46.13 TND,https://images.zen.com.tn/medias/folder_25_03_2024/8_U2_A2187_c2805b50b5.webp,2 Couleurs,/fr/produit/2724-veste,enfant
CARDIGAN,32.13 TND  45.90 TND,https://images.zen.com.tn/medias/folder_08_01_2024/8_U2_A8169_d537061a98.webp,1 Couleurs,/fr/produit/2153-cardigan,enfant
CARDIGAN,32.13 TND  45.90 TND,https://images.zen.com.tn/medias/folder_08_01_2024/8_U2_A8136_d40895e7cc.webp,2 Couleurs,/fr/produit/2154-cardigan,enfant
SAC À BANDOULIÈRE,49.90 TND,https://images.zen.com.tn/medias/folder_29_03_2024/8_U2_A0124_189f1b8182.webp,1 Couleurs,/fr/produit/2262-sac-a-bandouliere,enfant
PULL,25.13 TND  35.90 TND,https://images.zen.com.tn/medias/folder_13_02_2024/8_U2_A2856_61b3805493.webp,1 Couleurs,/fr/produit/2433-pull,enfant
CARDIGAN,27.93 TND  39.90 TND,https://images.zen.com.tn/medias/folder_08_01_2024/3_1_7962337a97.webp,2 Couleurs,/fr/produit/2151-cardigan,enfant
ROBE,39.13 TND,https://images.zen.com.tn/medias/folder_13_02_2024/8_U2_A2901_964912ed41.webp,1 Couleurs,/fr/produit/2432-robe,enfant
ROBE,41.93 TND  59.90 TND,https://images.zen.com.tn/medias/folder_13_02_2024/8_U2_A2866_9d143e7ee9.webp,1 Couleurs,/fr/produit/2431-robe,enfant
DEBARDEUR,32.13 TND  45.90 TND,https://images.zen.com.tn/medias/folder_05_03_2024/8_U2_A6159_366d324765.webp,3 Couleurs,/fr/produit/2583-debardeur,enfant
CHEMISE,39.13 TND,https://images.zen.com.tn/medias/folder_05_03_2024/1_S9_A0196_a263343559.webp,1 Couleurs,/fr/produit/2585-chemise,enfant
CHEMISE,27.93 TND  39.90 TND,https://images.zen.com.tn/medias/folder_28_02_2024/8_U2_A8064_e7a3b62f2b.webp,1 Couleurs,/fr/produit/2504-chemise,enfant
BLOUSE,34.93 TND  49.90 TND,https://images.zen.com.tn/medias/folder_13_02_2024/8_U2_A2874_42240cb3b5.webp,1 Couleurs,/fr/produit/2430-blouse,enfant
JEAN,48.93 TND,https://images.zen.com.tn/medias/folder_04_03_2024/8_U2_A2317_0037081e5c.webp,2 Couleurs,/fr/produit/2575-jean,enfant
PANTALON,41.93 TND  59.90 TND,https://images.zen.com.tn/medias/folder_27_02_2024/8_U2_A8280_ab1ea841ac.webp,4 Couleurs,/fr/produit/2525-pantalon,enfant
SAC À BANDOULIÈRE,45.90 TND,https://images.zen.com.tn/medias/folder_23_01_2024/8_U2_A9971_727eb7ff2e.webp,3 Couleurs,/fr/produit/2260-sac-a-bandouliere,enfant
CARDIGAN,34.93 TND,https://images.zen.com.tn/medias/folder_08_01_2024/8_U2_A8169_747b330fea.webp,1 Couleurs,/fr/produit/2159-cardigan,enfant
ROBE,32.13 TND  45.90 TND,https://images.zen.com.tn/medias/folder_13_02_2024/8_U2_A2839_ad2bb31cea.webp,2 Couleurs,/fr/produit/2441-robe,enfant
JACKET,32.13 TND  45.90 TND,https://images.zen.com.tn/medias/folder_28_02_2024/8_U2_A8413_119e0c3052.webp,1 Couleurs,/fr/produit/2487-jacket,enfant
DEBARDEUR,27.93 TND,https://images.zen.com.tn/medias/folder_05_03_2024/8_U2_A6177_cf6b8dfd02.webp,3 Couleurs,/fr/produit/2584-debardeur,enfant
CHEMISE,34.93 TND  49.90 TND,https://images.zen.com.tn/medias/folder_05_03_2024/1_S9_A0298_8ec0ef940b.webp,1 Couleurs,/fr/produit/2602-chemise,enfant
ENSEMBLE,39.13 TND  55.90 TND,https://images.zen.com.tn/medias/folder_05_03_2024/bebe_13_cd775fab98.webp,2 Couleurs,/fr/produit/2555-ensemble,enfant
T SHIRT MANCHE,20.93 TND,https://images.zen.com.tn/medias/folder_28_02_2024/8_U2_A8132_517135aa20.webp,3 Couleurs,/fr/produit/2526-t-shirt-manche,enfant
GILET,41.93 TND  59.90 TND,https://images.zen.com.tn/medias/folder_07_02_2024/8_U2_A1034_7ed6694c7a.webp,2 Couleurs,/fr/produit/2379-gilet,enfant
VESTE,55.93 TND  79.90 TND,https://images.zen.com.tn/medias/folder_03_02_2024/8_U2_A0244_6135d64c9a.webp,2 Couleurs,/fr/produit/2343-veste,enfant
CHEMISE,34.93 TND,https://images.zen.com.tn/medias/folder_10_02_2024/8_U2_A2709_ce5f304ef4.webp,1 Couleurs,/fr/produit/2400-chemise,enfant
PANTALON,48.93 TND  69.90 TND,https://images.zen.com.tn/medias/folder_07_02_2024/8_U2_A0821_12107d3ddb.webp,1 Couleurs,/fr/produit/2397-pantalon,enfant
PULL,25.13 TND  35.90 TND,https://images.zen.com.tn/medias/folder_13_02_2024/8_U2_A2643_8292f4e97a.webp,3 Couleurs,/fr/produit/2423-pull,enfant
CARDIGAN,32.13 TND,https://images.zen.com.tn/medias/folder_08_01_2024/8_U2_A8163_a7a57099ad.webp,3 Couleurs,/fr/produit/2158-cardigan,enfant
CARDIGAN,32.13 TND  45.90 TND,https://images.zen.com.tn/medias/folder_08_01_2024/5_1_bc3fe45dc5.webp,3 Couleurs,/fr/produit/2152-cardigan,enfant
CARDIGAN ' GILET ',27.93 TND  39.90 TND,https://images.zen.com.tn/medias/folder_08_01_2024/7_1_4214aec7ad.webp,3 Couleurs,/fr/produit/2150-cardigan-'-gilet-',enfant
CHEMISE,32.13 TND,https://images.zen.com.tn/medias/folder_30_01_2024/8_U2_A3443_74dc81c137.webp,1 Couleurs,/fr/produit/2324-chemise,enfant
T SHIRT MANCHE,25.13 TND  35.90 TND,https://images.zen.com.tn/medias/folder_29_01_2024/8_U2_A3122_d164060fba.webp,2 Couleurs,/fr/produit/2316-t-shirt-manche,enfant
ROBE,27.93 TND  39.90 TND,https://images.zen.com.tn/medias/folder_30_01_2024/8_U2_A3270_8675c194c7.webp,1 Couleurs,/fr/produit/2315-robe,enfant
JEAN,41.93 TND,https://images.zen.com.tn/medias/folder_31_01_2024/8_U2_A3576_68ab9a38e7.webp,2 Couleurs,/fr/produit/2277-jean,enfant
LOT DE 3 CHAUSSETTES,12.90 TND,https://images.zen.com.tn/medias/folder_13_02_2024/8_U2_A3241_efee1dba99.webp,1 Couleurs,/fr/produit/2415-lot-de-3-chaussettes,enfant
CHAUSSETTES LOT DE 3,12.90 TND,https://images.zen.com.tn/medias/folder_13_02_2024/8_U2_A3234_f1222c8840.webp,1 Couleurs,/fr/produit/2414-chaussettes-lot-de-3,enfant
LOT DE 3 CHAUSSETTES,12.90 TND,https://images.zen.com.tn/medias/folder_13_02_2024/8_U2_A3247_111f3e840b.webp,1 Couleurs,/fr/produit/2413-lot-de-3-chaussettes,enfant
POLO,35.90 TND,https://images.zen.com.tn/medias/folder_16_08_2023/8_U2_A9642_1b4d958e6e.webp,2 Couleurs,/fr/produit/1306-polo,enfant
POLO,35.90 TND,https://images.zen.com.tn/medias/folder_29_08_2023/8_U2_A0551_38c38f6505.webp,1 Couleurs,/fr/produit/1329-polo,enfant
SAC A MAIN,34.93 TND,https://images.zen.com.tn/medias/folder_23_01_2024/8_U2_A0009_847508d05e.webp,1 Couleurs,/fr/produit/2257-sac-a-main,enfant
T SHIRT MANCHE,20.93 TND  29.90 TND,https://images.zen.com.tn/medias/folder_30_01_2024/8_U2_A3403_0483984001.webp,1 Couleurs,/fr/produit/2337-t-shirt-manche,enfant
T SHIRT MANCHE,20.93 TND  29.90 TND,https://images.zen.com.tn/medias/folder_30_01_2024/8_U2_A3390_811646bb37.webp,3 Couleurs,/fr/produit/2338-t-shirt-manche,enfant
PULL,25.13 TND,https://images.zen.com.tn/medias/folder_31_01_2024/8_U2_A3163_14ed3f807b.webp,3 Couleurs,/fr/produit/2285-pull,enfant
PULL,25.13 TND  35.90 TND,https://images.zen.com.tn/medias/folder_29_01_2024/8_U2_A3139_64d11886a0.webp,2 Couleurs,/fr/produit/2286-pull,enfant
T SHIRT,29.90 TND,https://images.zen.com.tn/medias/folder_31_01_2024/8_U2_A3184_1fbf225689.webp,2 Couleurs,/fr/produit/2272-t-shirt,enfant
POLO,35.90 TND,https://images.zen.com.tn/medias/fx_folder_01_08_2023/8_U2_A2735_23f7843643.webp,1 Couleurs,/fr/produit/1143-polo,enfant
PANTALON,41.93 TND  59.90 TND,https://images.zen.com.tn/medias/folder_02_12_2023/8_U2_A9124_ab5625f308.webp,1 Couleurs,/fr/produit/1922-pantalon,enfant
PANTALON,34.93 TND  49.90 TND,https://images.zen.com.tn/medias/folder_02_12_2023/8_U2_A9142_2cf9633abe.webp,2 Couleurs,/fr/produit/1914-pantalon,enfant
CHEMISE,39.13 TND,https://images.zen.com.tn/medias/folder_23_02_2024/8_U2_A1371_3c89c50d19.webp,2 Couleurs,/fr/produit/2010-chemise,enfant
CHEMISE,34.93 TND  49.90 TND,https://images.zen.com.tn/medias/folder_21_12_2023/8_U2_A0029_2f2e98cdab.webp,1 Couleurs,/fr/produit/2028-chemise,enfant
JUPE EN DENIM,45.90 TND,https://images.zen.com.tn/medias/folder_18_10_2023/8_U2_A6880_e860e4f367.webp,2 Couleurs,/fr/produit/1612-jupe-en-denim,enfant
SWEAT SHIRT,32.13 TND,https://images.zen.com.tn/medias/folder_18_01_2024/8_U2_A8444_398dbefb0d.webp,2 Couleurs,/fr/produit/2131-sweat-shirt,enfant
CHEMISE,34.93 TND  49.90 TND,https://images.zen.com.tn/medias/folder_07_11_2023/8_U2_A7975_681b8392ef.webp,1 Couleurs,/fr/produit/1728-chemise,enfant
CHEMISE,41.93 TND  59.90 TND,https://images.zen.com.tn/medias/folder_26_12_2023/8_U2_A2972_7d4f56fd6c.webp,2 Couleurs,/fr/produit/2065-chemise,enfant
ROBE,32.13 TND,https://images.zen.com.tn/medias/folder_26_12_2023/8_U2_A2950_8d9f795fd8.webp,1 Couleurs,/fr/produit/2049-robe,enfant
ROBE,32.13 TND  45.90 TND,https://images.zen.com.tn/medias/folder_26_02_2024/8_U2_A2942_67c9f0986f.webp,1 Couleurs,/fr/produit/2048-robe,enfant
JUPE,27.93 TND  39.90 TND,https://images.zen.com.tn/medias/folder_15_01_2024/8_U2_A0523_e1ecf1bff0.webp,1 Couleurs,/fr/produit/2160-jupe,enfant
CHEMISE,34.93 TND,https://images.zen.com.tn/medias/folder_09_01_2024/8_U2_A6707_f0b045505a.webp,1 Couleurs,/fr/produit/2105-chemise,enfant
CHEMISE,32.13 TND  45.90 TND,https://images.zen.com.tn/medias/folder_29_08_2023/8_U2_A0555_a3c64d1865.webp,1 Couleurs,/fr/produit/1327-chemise,enfant
DEBARDEUR,27.93 TND  39.90 TND,https://images.zen.com.tn/medias/folder_05_12_2023/8_U2_A9972_a6a68c9b72.webp,1 Couleurs,/fr/produit/1936-debardeur,enfant
BLOUSE,45.90 TND,https://images.zen.com.tn/medias/folder_15_01_2024/8_U2_A0389_c509ddf5b0.webp,1 Couleurs,/fr/produit/2164-blouse,enfant
PANTALON MOM FIT,34.93 TND  49.90 TND,https://images.zen.com.tn/medias/folder_05_12_2023/8_U2_A0001_f490381823.webp,1 Couleurs,/fr/produit/1913-pantalon-mom-fit,enfant
JEAN,53.13 TND  75.90 TND,https://images.zen.com.tn/medias/folder_07_02_2024/8_U2_A0699_dc7931746d.webp,1 Couleurs,/fr/produit/2103-jean,enfant
JEAN,48.93 TND,https://images.zen.com.tn/medias/folder_07_02_2024/8_U2_A0686_814ceabdfd.webp,1 Couleurs,/fr/produit/2056-jean,enfant
BLOUSE,45.90 TND,https://images.zen.com.tn/medias/folder_06_01_2024/8_U2_A6006_7cad4a8bcc.webp,1 Couleurs,/fr/produit/2110-blouse,enfant
JEAN,46.13 TND  65.90 TND,https://images.zen.com.tn/medias/folder_31_01_2024/8_U2_A3713_91d8aebe99.webp,2 Couleurs,/fr/produit/2217-jean,enfant
JEAN WIDE LEG POUR FILLETTE,48.93 TND,https://images.zen.com.tn/medias/folder_04_11_2023/8_U2_A6964_67868deecd.webp,2 Couleurs,/fr/produit/1704-jean-wide-leg-pour-fillette,enfant
SAC A MAIN,49.90 TND,https://images.zen.com.tn/medias/folder_13_12_2023/8_U2_A9500_d172baa18a.webp,1 Couleurs,/fr/produit/1969-sac-a-main,enfant
SAC A MAIN,49.90 TND,https://images.zen.com.tn/medias/folder_13_12_2023/8_U2_A9510_fcdf85b7b1.webp,1 Couleurs,/fr/produit/1968-sac-a-main,enfant
CHEMISE,41.93 TND,https://images.zen.com.tn/medias/folder_09_12_2023/8_U2_A1742_843bc647bc.webp,1 Couleurs,/fr/produit/1941-chemise,enfant
CHEMISE,34.93 TND  49.90 TND,https://images.zen.com.tn/medias/folder_29_08_2023/8_U2_A0560_0bbfc44306.webp,1 Couleurs,/fr/produit/1326-chemise,enfant
JEAN,48.93 TND  69.90 TND,https://images.zen.com.tn/medias/folder_11_12_2023/8_U2_A1937_d87e758c9b.webp,2 Couleurs,/fr/produit/1932-jean,enfant
SALOPETTE,27.93 TND,https://images.zen.com.tn/medias/folder_09_12_2023/8_U2_A1788_32754075c4.webp,2 Couleurs,/fr/produit/1945-salopette,enfant
ROBE,34.93 TND  49.90 TND,https://images.zen.com.tn/medias/folder_24_01_2024/8_U2_A9646_a25d9c8708.webp,1 Couleurs,/fr/produit/2218-robe,enfant
T SHIRT MANCHE,25.13 TND  35.90 TND,https://images.zen.com.tn/medias/folder_09_01_2024/8_U2_A6673_3993c758b8.webp,3 Couleurs,/fr/produit/2122-t-shirt-manche,enfant
CHEMISE,27.93 TND,https://images.zen.com.tn/medias/folder_15_01_2024/8_U2_A0435_34494132d6.webp,1 Couleurs,/fr/produit/2172-chemise,enfant
SWEAT SHIRT,27.93 TND  39.90 TND,https://images.zen.com.tn/medias/folder_15_01_2024/8_U2_A0259_7b6416a38d.webp,2 Couleurs,/fr/produit/2193-sweat-shirt,enfant
CHEMISE,39.13 TND  55.90 TND,https://images.zen.com.tn/medias/folder_15_01_2024/8_U2_A0339_40b3fddf9b.webp,2 Couleurs,/fr/produit/2174-chemise,enfant
SWEAT SHIRT,34.93 TND,https://images.zen.com.tn/medias/folder_28_12_2023/8_U2_A3987_940df5c77a.webp,2 Couleurs,/fr/produit/2079-sweat-shirt,enfant
PULL OVER,34.93 TND  49.90 TND,https://images.zen.com.tn/medias/folder_23_01_2024/8_U2_A9600_7ae782a0d9.webp,1 Couleurs,/fr/produit/2236-pull-over,enfant
JEAN,48.93 TND  69.90 TND,https://images.zen.com.tn/medias/folder_31_01_2024/8_U2_A3694_ca515c5b55.webp,2 Couleurs,/fr/produit/2253-jean,enfant
PANTALON,41.93 TND,https://images.zen.com.tn/medias/folder_31_01_2024/8_U2_A3688_5c95965707.webp,2 Couleurs,/fr/produit/2220-pantalon,enfant
T SHIRT MANCHE,20.93 TND  29.90 TND,https://images.zen.com.tn/medias/folder_23_01_2024/8_U2_A9718_d3eb035354.webp,2 Couleurs,/fr/produit/2238-t-shirt-manche,enfant
CARDIGAN ' GILET ',27.93 TND  39.90 TND,https://images.zen.com.tn/medias/folder_08_01_2024/8_1_710705688c.webp,3 Couleurs,/fr/produit/2147-cardigan-'-gilet-',enfant
T SHIRT MANCHE,20.93 TND,https://images.zen.com.tn/medias/folder_23_01_2024/8_U2_A9157_e33a3dbbce.webp,2 Couleurs,/fr/produit/2168-t-shirt-manche,enfant
T SHIRT,20.93 TND  29.90 TND,https://images.zen.com.tn/medias/folder_02_01_2024/8_U2_A4764_939677f887.webp,3 Couleurs,/fr/produit/2091-t-shirt,enfant
TENNIS À LACETS,44.95 TND  89.90 TND,https://images.zen.com.tn/medias/folder_14_10_2023/8_U2_A5375_06b450cc26.webp,2 Couleurs,/fr/produit/1557-tennis-a-lacets,enfant
PANTALON,48.93 TND,https://images.zen.com.tn/medias/folder_01_12_2023/8_U2_A8547_0ed5e123c6.webp,2 Couleurs,/fr/produit/1873-pantalon,enfant
CHEMISE,34.93 TND  49.90 TND,https://images.zen.com.tn/medias/folder_20_06_2023/8_U2_A2619_aa3ed37c07.JPG,2 Couleurs,/fr/produit/855-chemise,enfant
ROBE,34.93 TND  49.90 TND,https://images.zen.com.tn/medias/folder_09_01_2024/8_U2_A6737_c7bc93b5eb.webp,1 Couleurs,/fr/produit/2116-robe,enfant
ROBE,41.93 TND,https://images.zen.com.tn/medias/folder_26_12_2023/8_U2_A2965_00b1a3050e.webp,1 Couleurs,/fr/produit/2050-robe,enfant
CARDIGAN,32.13 TND  45.90 TND,https://images.zen.com.tn/medias/folder_29_01_2024/8_U2_A8563_5a04e502b8.webp,3 Couleurs,/fr/produit/2145-cardigan,enfant
JEAN,48.93 TND  69.90 TND,https://images.zen.com.tn/medias/folder_01_12_2023/8_U2_A8612_e5babb5a68.webp,2 Couleurs,/fr/produit/1880-jean,enfant
PANTALON,48.93 TND,https://images.zen.com.tn/medias/folder_28_12_2023/8_U2_A4004_13b4236a2c.webp,1 Couleurs,/fr/produit/2076-pantalon,enfant
SWEAT SHIRT,39.13 TND  55.90 TND,https://images.zen.com.tn/medias/folder_22_12_2023/8_U2_A9978_57703c77fd.webp,2 Couleurs,/fr/produit/2036-sweat-shirt,enfant
VESTE DENIM,55.93 TND  79.90 TND,https://images.zen.com.tn/medias/folder_22_11_2023/8_U2_A5316_a9fcf3370b.webp,2 Couleurs,/fr/produit/1832-veste-denim,enfant
SWEAT,48.93 TND,https://images.zen.com.tn/medias/folder_13_01_2024/8_U2_A0197_f64eb21e13.webp,3 Couleurs,/fr/produit/2191-sweat,enfant
CHEMISE,41.93 TND  59.90 TND,https://images.zen.com.tn/medias/folder_15_01_2024/8_U2_A0399_08965b21c1.webp,2 Couleurs,/fr/produit/2173-chemise,enfant
CHEMISE,34.93 TND  49.90 TND,https://images.zen.com.tn/medias/folder_13_01_2024/8_U2_A0186_af51150cee.webp,1 Couleurs,/fr/produit/2165-chemise,enfant
PANTALON,41.93 TND,https://images.zen.com.tn/medias/folder_04_12_2023/8_U2_A9115_fbd6ac7164.webp,2 Couleurs,/fr/produit/1908-pantalon,enfant
ROBE,34.93 TND  49.90 TND,https://images.zen.com.tn/medias/folder_06_01_2024/8_U2_A6000_4823060e06.webp,2 Couleurs,/fr/produit/2107-robe,enfant
T SHIRT MANCHE,25.13 TND  35.90 TND,https://images.zen.com.tn/medias/folder_21_12_2023/8_U2_A0078_a181629cfb.webp,2 Couleurs,/fr/produit/2017-t-shirt-manche,enfant
T SHIRT MANCHE,25.13 TND,https://images.zen.com.tn/medias/folder_09_01_2024/8_U2_A6656_2e97cdd734.webp,2 Couleurs,/fr/produit/2114-t-shirt-manche,enfant
PULL OVER,34.93 TND  49.90 TND,https://images.zen.com.tn/medias/folder_18_01_2024/8_U2_A8535_42904dd840.webp,1 Couleurs,/fr/produit/2201-pull-over,enfant
BLOUSE,25.13 TND  35.90 TND,https://images.zen.com.tn/medias/folder_09_01_2024/8_U2_A6680_31795e3f85.webp,2 Couleurs,/fr/produit/2106-blouse,enfant
JUPE,25.13 TND,https://images.zen.com.tn/medias/folder_22_12_2023/8_U2_A0099_48e7a6d0a1.webp,1 Couleurs,/fr/produit/2032-jupe,enfant
CHEMISE,39.13 TND  55.90 TND,https://images.zen.com.tn/medias/folder_02_01_2024/8_U2_A4789_f3ba4d50ee.webp,2 Couleurs,/fr/produit/2093-chemise,enfant
PANTALON,48.93 TND  69.90 TND,https://images.zen.com.tn/medias/folder_06_10_2023/JEANS_2_b4a04f0602.webp,1 Couleurs,/fr/produit/1581-pantalon,enfant
JUPE,27.93 TND,https://images.zen.com.tn/medias/folder_22_12_2023/8_U2_A0091_54b307905d.webp,1 Couleurs,/fr/produit/1994-jupe,enfant
JACKET,55.93 TND  79.90 TND,https://images.zen.com.tn/medias/folder_22_01_2024/8_U2_A4855_5e8aa582f9.webp,2 Couleurs,/fr/produit/2094-jacket,enfant
CHEMISE,41.93 TND  59.90 TND,https://images.zen.com.tn/medias/folder_19_12_2023/8_U2_A9718_fd8b1c2c12.webp,2 Couleurs,/fr/produit/2004-chemise,enfant
JEAN,48.93 TND,https://images.zen.com.tn/medias/folder_22_12_2023/8_U2_A0111_d06b1b648f.webp,2 Couleurs,/fr/produit/1999-jean,enfant
T SHIRT,20.93 TND  29.90 TND,https://images.zen.com.tn/medias/folder_02_01_2024/8_U2_A4749_e03c0ebb2f.webp,3 Couleurs,/fr/produit/2092-t-shirt,enfant
JEAN WIDE LEG,48.93 TND  69.90 TND,https://images.zen.com.tn/medias/folder_01_12_2023/8_U2_A8558_b114e3f75e.webp,2 Couleurs,/fr/produit/1879-jean-wide-leg,enfant
JEAN,48.93 TND,https://images.zen.com.tn/medias/folder_16_12_2023/8_U2_A9518_6852f3d8e9.webp,2 Couleurs,/fr/produit/1985-jean,enfant
PANTALON,41.93 TND  59.90 TND,https://images.zen.com.tn/medias/folder_27_12_2023/8_U2_A2994_5c452e4c19.webp,1 Couleurs,/fr/produit/2062-pantalon,enfant
PANTALON,41.93 TND  59.90 TND,https://images.zen.com.tn/medias/folder_02_11_2023/8_U2_A6992_155919fbe1.webp,2 Couleurs,/fr/produit/1724-pantalon,enfant
JEAN WIDE LEG,48.93 TND,https://images.zen.com.tn/medias/folder_01_12_2023/8_U2_A8572_a4aaf3ba27.webp,2 Couleurs,/fr/produit/1876-jean-wide-leg,enfant
VESTE,39.13 TND  55.90 TND,https://images.zen.com.tn/medias/folder_02_01_2024/8_U2_A4784_d5a74d96bc.webp,1 Couleurs,/fr/produit/2099-veste,enfant
JEAN BOYFRIEND,41.93 TND  59.90 TND,https://images.zen.com.tn/medias/folder_23_10_2023/8_U2_A0015_e10fb2c82b.webp,1 Couleurs,/fr/produit/1655-jean-boyfriend,enfant
CHAUSSETTES LOT DE 5,19.90 TND,https://images.zen.com.tn/medias/folder_03_01_2024/8_U2_A5002_29b786f819.webp,1 Couleurs,/fr/produit/2061-chaussettes-lot-de-5,enfant
CHAUSSETTES LOT DE 5,19.90 TND,https://images.zen.com.tn/medias/folder_03_01_2024/8_U2_A4993_8882674f95.webp,1 Couleurs,/fr/produit/2077-chaussettes-lot-de-5,enfant
CHAUSSETTES LOT DE 5,19.90 TND,https://images.zen.com.tn/medias/folder_03_01_2024/8_U2_A4977_32571bc424.webp,1 Couleurs,/fr/produit/2060-chaussettes-lot-de-5,enfant
TRICOT DE CORPS,9.90 TND,https://images.zen.com.tn/medias/folder_02_01_2024/8_U2_A4879_94467bd73f.webp,1 Couleurs,/fr/produit/2113-tricot-de-corps,enfant
SWEAT SHIRT,32.13 TND  45.90 TND,https://images.zen.com.tn/medias/folder_26_12_2023/8_U2_A2929_3b81993eb8.webp,2 Couleurs,/fr/produit/2053-sweat-shirt,enfant
ROBE,48.93 TND  69.90 TND,https://images.zen.com.tn/medias/folder_04_12_2023/8_U2_A9265_9a862d438e.webp,2 Couleurs,/fr/produit/1897-robe,enfant
JUPE,20.93 TND,https://images.zen.com.tn/medias/folder_16_12_2023/8_U2_A9631_13f6cd37fb.webp,1 Couleurs,/fr/produit/1977-jupe,enfant
PANTALON,41.93 TND  59.90 TND,https://images.zen.com.tn/medias/folder_16_12_2023/8_U2_A9535_9d369e2133.webp,3 Couleurs,/fr/produit/1973-pantalon,enfant
VESTE,55.93 TND  79.90 TND,https://images.zen.com.tn/medias/folder_05_12_2023/8_U2_A9944_9fbbefb021.webp,1 Couleurs,/fr/produit/1924-veste,enfant
CHEMISE,32.13 TND,https://images.zen.com.tn/medias/folder_04_12_2023/8_U2_A9196_37b41919d1.webp,1 Couleurs,/fr/produit/1917-chemise,enfant
CHEMISE,34.93 TND  49.90 TND,https://images.zen.com.tn/medias/folder_09_12_2023/8_U2_A1756_8b13b102f9.webp,2 Couleurs,/fr/produit/1942-chemise,enfant
JUPE,20.93 TND  29.90 TND,https://images.zen.com.tn/medias/folder_05_12_2023/8_U2_A9992_763cc87029.webp,1 Couleurs,/fr/produit/1804-jupe,enfant
JOGGER,25.13 TND,https://images.zen.com.tn/medias/folder_01_12_2023/8_U2_A8579_e189691c36.webp,2 Couleurs,/fr/produit/1867-jogger,enfant
PANTALON,27.93 TND  39.90 TND,https://images.zen.com.tn/medias/folder_01_12_2023/8_U2_A8565_8d63efb49b.webp,2 Couleurs,/fr/produit/1888-pantalon,enfant
VESTE,41.93 TND  59.90 TND,https://images.zen.com.tn/medias/folder_30_11_2023/8_U2_A8304_60105b9767.webp,1 Couleurs,/fr/produit/1858-veste,enfant
CHEMISE,32.13 TND,https://images.zen.com.tn/medias/folder_30_11_2023/8_U2_A8321_0e8305a3f3.webp,1 Couleurs,/fr/produit/1855-chemise,enfant
PANTALON,41.93 TND  59.90 TND,https://images.zen.com.tn/medias/folder_27_11_2023/8_U2_A7339_8205049eae.webp,2 Couleurs,/fr/produit/1842-pantalon,enfant
PANTALON,48.93 TND  69.90 TND,https://images.zen.com.tn/medias/folder_21_11_2023/8_U2_A4557_793f7c2ba1.webp,3 Couleurs,/fr/produit/1827-pantalon,enfant
CHEMISE,41.93 TND,https://images.zen.com.tn/medias/folder_18_11_2023/8_U2_A3489_e866c883fc.webp,1 Couleurs,/fr/produit/1792-chemise,enfant
VESTE,46.13 TND  65.90 TND,https://images.zen.com.tn/medias/folder_02_11_2023/8_U2_A6932_3331ef2c9e.webp,3 Couleurs,/fr/produit/1676-veste,enfant
DOUDOUNE BÉBÉ FILLE,83.93 TND  119.90 TND,https://images.zen.com.tn/medias/folder_21_10_2023/8_U2_A0006_4fbfd38f8f.webp,2 Couleurs,/fr/produit/1656-doudoune-bebe-fille,enfant
PANTALON,41.93 TND,https://images.zen.com.tn/medias/folder_23_09_2023/8_U2_A6416_7363c16767.webp,3 Couleurs,/fr/produit/1505-pantalon,enfant
CREEKS,44.95 TND  89.90 TND,https://images.zen.com.tn/medias/folder_18_10_2023/8_U2_A5273_0e95ae1ff1.webp,1 Couleurs,/fr/produit/1558-creeks,enfant
GILET MAILLE BÉBÉ FILLE,32.13 TND  45.90 TND,https://images.zen.com.tn/medias/folder_14_10_2023/8_U2_A5184_b4e895ff86.webp,1 Couleurs,/fr/produit/1607-gilet-maille-bebe-fille,enfant
CHEMISE,48.93 TND,https://images.zen.com.tn/medias/folder_13_10_2023/8_U2_A5718_8f6176b08c.webp,2 Couleurs,/fr/produit/1608-chemise,enfant
PANTALON,48.93 TND  69.90 TND,https://images.zen.com.tn/medias/folder_06_10_2023/8_U2_A2307_84355223cd.webp,2 Couleurs,/fr/produit/1573-pantalon,enfant
PULL FILLETTE,29.90 TND,https://images.zen.com.tn/medias/folder_28_09_2023/8_U2_A9971_5daea57bb9.webp,1 Couleurs,/fr/produit/1530-pull-fillette,enfant
JEAN POUR FILLE,41.93 TND,https://images.zen.com.tn/medias/folder_22_09_2023/8_U2_A6718_c0c314b764.webp,2 Couleurs,/fr/produit/1510-jean-pour-fille,enfant
T SHIRT,25.13 TND  35.90 TND,https://images.zen.com.tn/medias/folder_22_09_2023/8_U2_A6664_3436b3a87a.webp,2 Couleurs,/fr/produit/1417-t-shirt,enfant
PANTALON,48.93 TND  69.90 TND,https://images.zen.com.tn/medias/folder_29_08_2023/JEANS_2_56a4936181.webp,1 Couleurs,/fr/produit/1371-pantalon,enfant
PANTALON,41.93 TND,https://images.zen.com.tn/medias/folder_29_08_2023/JEANS_2_53429a5064.webp,1 Couleurs,/fr/produit/1367-pantalon,enfant
PANTALON,48.93 TND  69.90 TND,https://images.zen.com.tn/medias/folder_28_08_2023/8_U2_A0628_7e8b1a0dad.webp,2 Couleurs,/fr/produit/1375-pantalon,enfant
PANTALON,39.13 TND  55.90 TND,https://images.zen.com.tn/medias/folder_12_08_2023/JEANS_GRIS_2_4d2ecf0ed0.webp,1 Couleurs,/fr/produit/1315-pantalon,enfant
POLO,25.13 TND,https://images.zen.com.tn/medias/folder_19_04_2023/8_U2_A4588_664bc28f2a.JPG,3 Couleurs,/fr/produit/750-polo,enfant
CRAVATE,4.13 TND  5.90 TND,https://images.zen.com.tn/medias/folder_14_04_2023/76_256a91ced2.jpg,4 Couleurs,/fr/produit/103-cravate,enfant
PANTALON CHINO,41.93 TND  59.90 TND,https://images.zen.com.tn/medias/folder_06_04_2023/8_U2_A8439_ed72dcaae2.JPG,2 Couleurs,/fr/produit/598-pantalon-chino,enfant
T SHIRT,18.13 TND,https://images.zen.com.tn/medias/folder_27_03_2023/BM_1_705ae1ec1b.JPG,2 Couleurs,/fr/produit/509-t-shirt,enfant
ENSEMBLE,48.93 TND  69.90 TND,https://images.zen.com.tn/medias/folder_27_03_2023/8_U2_A6132d_8a673cdf9b.jpg,2 Couleurs,/fr/produit/435-ensemble,enfant
PACK BOXERS,25.90 TND,https://images.zen.com.tn/medias/3_folder_27_03_2023/8_U2_A1029_d4344e225b.JPG,3 Couleurs,/fr/produit/525-pack-boxers,enfant
PULL AVEC MOTIF IMPRIMÉ,18.13 TND,https://images.zen.com.tn/medias/folder_308/8_U2_A2903_98b5897ac3.jpg,1 Couleurs,/fr/produit/292-pull-avec-motif-imprime,enfant
SOUS PULL,20.93 TND  29.90 TND,https://images.zen.com.tn/medias/folder_315/8_U2_A3089_61e643e143.jpg,1 Couleurs,/fr/produit/254-sous-pull,enfant
,,No image available,,,enfant
,,No image available,,,enfant
,,No image available,,,femme
,,No image available,,,femme
,,No image available,,,femme
,,No image available,,,femme
,,No image available,,,femme
,,No image available,,,femme
GILET,69.90 TND,https://images.zen.com.tn/uploads/8_U2_A0879_a8f7044b0c.JPG,2 Couleurs,/fr/produit/5055-gilet,femme
GILET,69.90 TND,https://images.zen.com.tn/uploads/8_U2_A0879_a8f7044b0c.JPG,2 Couleurs,/fr/produit/5055-gilet,femme
T SHIRT,39.90 TND,https://images.zen.com.tn/uploads/8_U2_A1011_20b70e4caa.jpg,3 Couleurs,/fr/produit/4534-t-shirt,femme
ROBE,99.90 TND,https://images.zen.com.tn/uploads/8_U2_A2045_a7fa8c72ba.jpg,1 Couleurs,/fr/produit/3614-robe,femme
ROBE,79.90 TND,https://images.zen.com.tn/uploads/8_U2_A2023_ef43887c3a.jpg,1 Couleurs,/fr/produit/3801-robe,femme
T SHIRT,39.90 TND,https://images.zen.com.tn/uploads/8_U2_A9454_13e862297d.JPG,3 Couleurs,/fr/produit/4986-t-shirt,femme
T SHIRT,45.90 TND,https://images.zen.com.tn/uploads/8_U2_A1276_77702b80f6.jpg,3 Couleurs,/fr/produit/4873-t-shirt,femme
T SHIRT,59.90 TND,https://images.zen.com.tn/uploads/8_U2_A1051_9045f6081d.JPG,2 Couleurs,/fr/produit/5067-t-shirt,femme
T SHIRT,29.90 TND,https://images.zen.com.tn/uploads/8_U2_A0822_989847e29c.JPG,8 Couleurs,/fr/produit/5033-t-shirt,femme
T SHIRT,29.90 TND,https://images.zen.com.tn/uploads/8_U2_A0796_262cebe194.JPG,4 Couleurs,/fr/produit/5048-t-shirt,femme
BERMUDA JEANS,69.90 TND,https://images.zen.com.tn/uploads/8_U2_A0227_747ee72d07.JPG,1 Couleurs,/fr/produit/5023-bermuda-jeans,femme
CHEMISE,79.90 TND,https://images.zen.com.tn/uploads/8_U2_A0479_de6d05951b.JPG,2 Couleurs,/fr/produit/5044-chemise,femme
CHEMISE,59.90 TND,https://images.zen.com.tn/uploads/8_U2_A0471_4d78265501.JPG,1 Couleurs,/fr/produit/5056-chemise,femme
JUPE,49.90 TND,https://images.zen.com.tn/uploads/8_U2_A1404_3c7ca5d796.jpg,1 Couleurs,/fr/produit/4880-jupe,femme
ROBE,59.90 TND,https://images.zen.com.tn/uploads/8_U2_A0447_dcae4ff277.JPG,3 Couleurs,/fr/produit/5029-robe,femme
ROBE,59.90 TND,https://images.zen.com.tn/uploads/8_U2_A0423_e3a34e2f86.JPG,3 Couleurs,/fr/produit/5018-robe,femme
T SHIRT,29.90 TND,https://images.zen.com.tn/uploads/8_U2_A0693_28898ed670.JPG,2 Couleurs,/fr/produit/5031-t-shirt,femme
T SHIRT,45.90 TND,https://images.zen.com.tn/uploads/8_U2_A0653_539543f49c.JPG,1 Couleurs,/fr/produit/5026-t-shirt,femme
ROBE,69.90 TND,https://images.zen.com.tn/uploads/8_U2_A0518_13049baaef.JPG,2 Couleurs,/fr/produit/5052-robe,femme
CHEMISE,79.90 TND,https://images.zen.com.tn/uploads/8_U2_A0492_f2ff8589e0.JPG,2 Couleurs,/fr/produit/5043-chemise,femme
JEAN FLARE,69.90 TND,https://images.zen.com.tn/uploads/8_U2_A0249_f0a3fef98d.JPG,1 Couleurs,/fr/produit/5020-jean-flare,femme
PANTALON,89.90 TND,https://images.zen.com.tn/uploads/8_U2_A0288_bf7ed18077.JPG,3 Couleurs,/fr/produit/5027-pantalon,femme
ROBE,99.90 TND,https://images.zen.com.tn/uploads/8_U2_A0043_06926ca671.JPG,3 Couleurs,/fr/produit/4994-robe,femme
T SHIRT,29.90 TND,https://images.zen.com.tn/uploads/8_U2_A0951_9ab92a3a9f.jpg,7 Couleurs,/fr/produit/5001-t-shirt,femme
T SHIRT,39.90 TND,https://images.zen.com.tn/uploads/8_U2_A1011_d192e33bed.jpg,2 Couleurs,/fr/produit/4999-t-shirt,femme
T SHIRT,25.90 TND,https://images.zen.com.tn/uploads/8_U2_A0036_f2e033473e.jpg,2 Couleurs,/fr/produit/5000-t-shirt,femme
CHEMISE,79.90 TND,https://images.zen.com.tn/uploads/8_U2_A9561_eaff660d3a.JPG,3 Couleurs,/fr/produit/4991-chemise,femme
CHEMISE,79.90 TND,https://images.zen.com.tn/uploads/8_U2_A0215_c5b3f608a7.jpg,1 Couleurs,/fr/produit/4884-chemise,femme
CHEMISE,79.90 TND,https://images.zen.com.tn/uploads/8_U2_A0235_6f11efd667.jpg,3 Couleurs,/fr/produit/5009-chemise,femme
ROBE,89.90 TND,https://images.zen.com.tn/uploads/8_U2_A1658_009440576e.jpg,1 Couleurs,/fr/produit/4918-robe,femme
VESTE,55.93 TND,https://images.zen.com.tn/uploads/8_U2_A0784_272674983e.jpg,1 Couleurs,/fr/produit/4956-veste,femme
TOP,25.90 TND,https://images.zen.com.tn/uploads/8_U2_A0882_472eeabd3f.jpg,4 Couleurs,/fr/produit/4950-top,femme
ROBE,83.93 TND  119.90 TND,https://images.zen.com.tn/uploads/8_U2_A9897_5482d04835.jpg,2 Couleurs,/fr/produit/4957-robe,femme
ROBE,109.90 TND,https://images.zen.com.tn/uploads/8_U2_A9886_7fd6e58e6f.jpg,2 Couleurs,/fr/produit/4954-robe,femme
CHEMISE,48.93 TND  69.90 TND,https://images.zen.com.tn/uploads/8_U2_A1144_5896339f59.jpg,1 Couleurs,/fr/produit/4998-chemise,femme
CHEMISE,55.93 TND  79.90 TND,https://images.zen.com.tn/uploads/8_U2_A0138_ccf05fc412.jpg,2 Couleurs,/fr/produit/4997-chemise,femme
PANTALON,69.90 TND,https://images.zen.com.tn/uploads/8_U2_A9351_569a66cf19.JPG,1 Couleurs,/fr/produit/4709-pantalon,femme
PANTALON,69.90 TND,https://images.zen.com.tn/uploads/8_U2_A0726_032ad1065a.jpg,4 Couleurs,/fr/produit/4961-pantalon,femme
T SHIRT MANCHES LONGUES,41.93 TND  59.90 TND,https://images.zen.com.tn/uploads/8_U2_A9246_3870264b7d.JPG,2 Couleurs,/fr/produit/4704-t-shirt-manches-longues,femme
ROBE,99.90 TND,https://images.zen.com.tn/uploads/8_U2_A0074_50f43ef2fa.jpg,2 Couleurs,/fr/produit/4902-robe,femme
JUPE,55.90 TND,https://images.zen.com.tn/uploads/8_U2_A1375_83ae4f2535.jpg,1 Couleurs,/fr/produit/4881-jupe,femme
DJELEBBA,69.93 TND  99.90 TND,https://images.zen.com.tn/uploads/8_U2_A0286_240d15d6f9.jpg,3 Couleurs,/fr/produit/4955-djelebba,femme
PANTALON,89.90 TND,https://images.zen.com.tn/uploads/8_U2_A4784_146bb3b503.JPG,2 Couleurs,/fr/produit/4595-pantalon,femme
CHEMISE,48.93 TND  69.90 TND,https://images.zen.com.tn/uploads/8_U2_A6067_bcd162665b.JPG,1 Couleurs,/fr/produit/4917-chemise,femme
CHEMISE,79.90 TND,https://images.zen.com.tn/uploads/8_U2_A0009_dae6bb34f7.jpg,3 Couleurs,/fr/produit/4899-chemise,femme
CHEMISE,41.93 TND,https://images.zen.com.tn/uploads/8_U2_A0022_9ce45ee7ec.jpg,3 Couleurs,/fr/produit/4886-chemise,femme
VESTE,62.93 TND  89.90 TND,https://images.zen.com.tn/uploads/8_U2_A0910_c19b3c1857.jpg,1 Couleurs,/fr/produit/4879-veste,femme
T SHIRT,39.90 TND,https://images.zen.com.tn/uploads/8_U2_A0516_23ddac5bd7.jpg,2 Couleurs,/fr/produit/4894-t-shirt,femme
JUPE,41.93 TND,https://images.zen.com.tn/uploads/8_U2_A9395_2ac2d3eb0e.jpg,2 Couleurs,/fr/produit/4655-jupe,femme
PULL OVER,46.13 TND  65.90 TND,https://images.zen.com.tn/uploads/8_U2_A9391_84e318b9a9.jpg,2 Couleurs,/fr/produit/4656-pull-over,femme
JEAN SURFER,89.90 TND,https://images.zen.com.tn/uploads/8_U2_A5848_c24929a77f.JPG,1 Couleurs,/fr/produit/4919-jean-surfer,femme
LIQUETTE,79.90 TND,https://images.zen.com.tn/uploads/8_U2_A0083_dfb229ec1d.jpg,2 Couleurs,/fr/produit/4901-liquette,femme
JACKET,59.90 TND,https://images.zen.com.tn/uploads/8_U2_A1448_bbccdbcdcf.jpg,1 Couleurs,/fr/produit/4904-jacket,femme
CHEMISE,41.93 TND  59.90 TND,https://images.zen.com.tn/uploads/8_U2_A1404_133db84304.jpg,1 Couleurs,/fr/produit/4662-chemise,femme
LIQUETTE,79.90 TND,https://images.zen.com.tn/uploads/8_U2_A0160_c3c8653230.jpg,2 Couleurs,/fr/produit/4900-liquette,femme
BLOUSE,41.93 TND  59.90 TND,https://images.zen.com.tn/uploads/8_U2_A0018_1c4f1d7a03.jpg,2 Couleurs,/fr/produit/4830-blouse,femme
PANTALON,69.90 TND,https://images.zen.com.tn/uploads/8_U2_A0021_e2c740b868.jpg,1 Couleurs,/fr/produit/4831-pantalon,femme
CHEMISE,48.93 TND,https://images.zen.com.tn/uploads/8_U2_A0247_1fb84f9651.jpg,1 Couleurs,/fr/produit/4380-chemise,femme
PANTALON,89.90 TND,https://images.zen.com.tn/uploads/8_U2_A8927_605d488218.jpg,1 Couleurs,/fr/produit/4659-pantalon,femme
T SHIRT,35.90 TND,https://images.zen.com.tn/uploads/8_U2_A0127_4b70ed9d36.jpg,3 Couleurs,/fr/produit/4777-t-shirt,femme
T SHIRT,39.90 TND,https://images.zen.com.tn/uploads/8_U2_A8727_9397d3d6da.jpg,1 Couleurs,/fr/produit/4605-t-shirt,femme
T SHIRT,45.90 TND,https://images.zen.com.tn/uploads/8_U2_A8996_d423843f59.jpg,2 Couleurs,/fr/produit/4705-t-shirt,femme
T SHIRT,45.90 TND,https://images.zen.com.tn/uploads/8_U2_A0625_71632f03fa.jpg,2 Couleurs,/fr/produit/4810-t-shirt,femme
T SHIRT,45.90 TND,https://images.zen.com.tn/uploads/8_U2_A9905_f13d291f4d.jpg,1 Couleurs,/fr/produit/4744-t-shirt,femme
T SHIRT,39.90 TND,https://images.zen.com.tn/uploads/8_U2_A0411_cc3f37e76d.jpg,2 Couleurs,/fr/produit/4866-t-shirt,femme
T SHIRT,49.90 TND,https://images.zen.com.tn/uploads/8_U2_A8621_a9388e7347.jpg,2 Couleurs,/fr/produit/4648-t-shirt,femme
T SHIRT,29.90 TND,https://images.zen.com.tn/medias/folder_30_10_2024/8_U2_A9188_2d6c2475f8.webp,2 Couleurs,/fr/produit/3771-t-shirt,femme
JACKET MAILLE,46.13 TND  65.90 TND,https://images.zen.com.tn/uploads/8_U2_A8414_9507a3e415.jpg,1 Couleurs,/fr/produit/4654-jacket-maille,femme
CHEMISE,69.90 TND,https://images.zen.com.tn/uploads/8_U2_A0226_d9cc3fa86b.jpg,1 Couleurs,/fr/produit/4752-chemise,femme
JEAN STRAIGHT,79.90 TND,https://images.zen.com.tn/uploads/8_U2_A0329_6653cdfce0.jpg,1 Couleurs,/fr/produit/4757-jean-straight,femme
PANTALON,69.90 TND,https://images.zen.com.tn/uploads/8_U2_A8969_5b2bfdecde.JPG,3 Couleurs,/fr/produit/4784-pantalon,femme
BASKET,139.90 TND,https://images.zen.com.tn/uploads/8_U2_A4645_c5de8cac3b.JPG,2 Couleurs,/fr/produit/4932-basket,femme
JUPE,79.90 TND,https://images.zen.com.tn/uploads/8_U2_A0639_3e2a89e8dc.jpg,1 Couleurs,/fr/produit/4837-jupe,femme
T SHIRT,35.90 TND,https://images.zen.com.tn/uploads/8_U2_A8844_1622acb21e.jpg,1 Couleurs,/fr/produit/4565-t-shirt,femme
PANTALON,69.90 TND,https://images.zen.com.tn/uploads/8_U2_A0882_2b0ecbd1f2.jpg,2 Couleurs,/fr/produit/4869-pantalon,femme
ROBE,99.90 TND,https://images.zen.com.tn/uploads/8_U2_A0110_ce666cba1b.jpg,1 Couleurs,/fr/produit/4829-robe,femme
ABAYA,62.93 TND  89.90 TND,https://images.zen.com.tn/uploads/8_U2_A0327_817f6a660d.jpg,1 Couleurs,/fr/produit/4731-abaya,femme
PANTALON,69.90 TND,https://images.zen.com.tn/uploads/8_U2_A9993_3ef61ea060.jpg,1 Couleurs,/fr/produit/4409-pantalon,femme
KIMONO,76.93 TND,https://images.zen.com.tn/uploads/8_U2_A0781_c17ec2c90e.jpg,1 Couleurs,/fr/produit/3430-kimono,femme
CHEMISE,79.90 TND,https://images.zen.com.tn/uploads/8_U2_A0381_03f5ad8383.jpg,3 Couleurs,/fr/produit/4721-chemise,femme
BLOUSE,39.13 TND  55.90 TND,https://images.zen.com.tn/uploads/8_U2_A0520_6fdaa46765.jpg,3 Couleurs,/fr/produit/4663-blouse,femme
ROBE,69.93 TND,https://images.zen.com.tn/uploads/8_U2_A0590_526789f1f7.jpg,2 Couleurs,/fr/produit/4682-robe,femme
ENSEMBLE,48.93 TND  69.90 TND,https://images.zen.com.tn/uploads/8_U2_A1782_b21222b830.JPG,2 Couleurs,/fr/produit/4812-ensemble,femme
T SHIRT,35.90 TND,https://images.zen.com.tn/uploads/8_U2_A0089_aca1f92e0b.jpg,2 Couleurs,/fr/produit/4811-t-shirt,femme
BASKETS,129.90 TND,https://images.zen.com.tn/uploads/8_U2_A0851_f5c32383d6.JPG,2 Couleurs,/fr/produit/4804-baskets,femme
BASKETS,90.93 TND  129.90 TND,https://images.zen.com.tn/uploads/8_U2_A0889_3d8604854d.JPG,2 Couleurs,/fr/produit/4803-baskets,femme
SWEAT SHIRT,48.93 TND  69.90 TND,https://images.zen.com.tn/uploads/8_U2_A1049_722fefcaa4.jpg,2 Couleurs,/fr/produit/4809-sweat-shirt,femme
VESTE,55.93 TND,https://images.zen.com.tn/uploads/8_U2_A1495_cd1b9392c1.jpg,2 Couleurs,/fr/produit/4540-veste,femme
ROBE,76.93 TND  109.90 TND,https://images.zen.com.tn/uploads/8_U2_A8035_b3f4bb464f.jpg,1 Couleurs,/fr/produit/3964-robe,femme
GILET,62.93 TND  89.90 TND,https://images.zen.com.tn/uploads/8_U2_A8018_925e6c4b6b.jpg,2 Couleurs,/fr/produit/4067-gilet,femme
SWEAT SHIRT,48.93 TND,https://images.zen.com.tn/uploads/8_U2_A0265_41532d1906.jpg,2 Couleurs,/fr/produit/4872-sweat-shirt,femme
PANTALON,62.93 TND  89.90 TND,https://images.zen.com.tn/uploads/8_U2_A0574_62bb019809.jpg,2 Couleurs,/fr/produit/4437-pantalon,femme
PANTALON,59.90 TND,https://images.zen.com.tn/uploads/8_U2_A5413_6789306e29.JPG,1 Couleurs,/fr/produit/4342-pantalon,femme
CHEMISE,55.93 TND,https://images.zen.com.tn/uploads/8_U2_A0554_344ac8b202.jpg,2 Couleurs,/fr/produit/4436-chemise,femme
PANTALON JEANS,79.90 TND,https://images.zen.com.tn/uploads/8_U2_A0993_e2cf34cdb5.jpg,1 Couleurs,/fr/produit/4530-pantalon-jeans,femme
PANTALON,69.90 TND,https://images.zen.com.tn/uploads/8_U2_A1894_961dedc44f.jpg,3 Couleurs,/fr/produit/4527-pantalon,femme
CHEMISE,79.90 TND,https://images.zen.com.tn/uploads/8_U2_A0480_713ffdad81.jpg,3 Couleurs,/fr/produit/4785-chemise,femme
CHEMISE,48.93 TND  69.90 TND,https://images.zen.com.tn/uploads/8_U2_A0504_15417e4dd2.jpg,3 Couleurs,/fr/produit/4467-chemise,femme
LIQUETTE,79.90 TND,https://images.zen.com.tn/uploads/8_U2_A0058_c4a45ef28b.jpg,2 Couleurs,/fr/produit/4750-liquette,femme
PANTAKLON,34.93 TND,https://images.zen.com.tn/uploads/8_U2_A9432_1a8867c2d6.jpg,2 Couleurs,/fr/produit/4550-pantaklon,femme
LEGGING,41.93 TND  59.90 TND,https://images.zen.com.tn/uploads/8_U2_A1011_bc9d431bb7.jpg,1 Couleurs,/fr/produit/4790-legging,femme
TUNIQUE,55.93 TND  79.90 TND,https://images.zen.com.tn/uploads/8_U2_A0464_dcfe177265.jpg,2 Couleurs,/fr/produit/4548-tunique,femme
T SHIRT,20.93 TND,https://images.zen.com.tn/uploads/8_U2_A0001d_3d5c68d392.jpg,1 Couleurs,/fr/produit/4737-t-shirt,femme
PANTALON,59.90 TND,https://images.zen.com.tn/uploads/8_U2_A9858_ec27dcfd67.JPG,4 Couleurs,/fr/produit/4402-pantalon,femme
GILET,69.90 TND,https://images.zen.com.tn/uploads/8_U2_A9989_d6475140a5.jpg,1 Couleurs,/fr/produit/4367-gilet,femme
PANTALON,79.90 TND,https://images.zen.com.tn/uploads/8_U2_A5405_aebaa294bd.JPG,1 Couleurs,/fr/produit/4339-pantalon,femme
GILLET,59.90 TND,https://images.zen.com.tn/uploads/8_U2_A0358_48d1440d08.jpg,3 Couleurs,/fr/produit/4341-gillet,femme
JEAN MOM FIT,79.90 TND,https://images.zen.com.tn/uploads/8_U2_A9036_47ccff5860.jpg,2 Couleurs,/fr/produit/4652-jean-mom-fit,femme
ROBE,62.93 TND,https://images.zen.com.tn/uploads/8_U2_A1504_2ef01aa89f.jpg,2 Couleurs,/fr/produit/4789-robe,femme
T SHIRT MANCHES LONGUES,20.93 TND  29.90 TND,https://images.zen.com.tn/uploads/8_U2_A9719_9b742d9c2e.jpg,3 Couleurs,/fr/produit/4745-t-shirt-manches-longues,femme
PULL,25.13 TND  35.90 TND,https://images.zen.com.tn/uploads/8_U2_A8285_48a598eeaf.jpg,3 Couleurs,/fr/produit/4592-pull,femme
PANTALON JEANS,89.90 TND,https://images.zen.com.tn/uploads/8_U2_A8513_55e4870ad6.jpg,2 Couleurs,/fr/produit/4653-pantalon-jeans,femme
JEAN BALLOON,89.90 TND,https://images.zen.com.tn/uploads/8_U2_A8777_0a0b566c56.jpg,2 Couleurs,/fr/produit/4642-jean-balloon,femme
PANTALON JEANS,89.90 TND,https://images.zen.com.tn/uploads/8_U2_A8639_c42a444343.jpg,1 Couleurs,/fr/produit/4727-pantalon-jeans,femme
PANTALON,69.90 TND,https://images.zen.com.tn/uploads/8_U2_A9905_51bcd708f2.jpg,1 Couleurs,/fr/produit/4680-pantalon,femme
PULL,25.13 TND  35.90 TND,https://images.zen.com.tn/uploads/8_U2_A8970_fab53def8f.jpg,2 Couleurs,/fr/produit/4729-pull,femme
JEAN SKINNY,55.93 TND  79.90 TND,https://images.zen.com.tn/uploads/8_U2_A1940_d8d5a21cd9.jpg,2 Couleurs,/fr/produit/3739-jean-skinny,femme
PANTALON JEANS,79.90 TND,https://images.zen.com.tn/uploads/8_U2_A5350_488c91bc11_abe3294c45.webp,2 Couleurs,/fr/produit/4733-pantalon-jeans,femme
PANTALON,48.93 TND  69.90 TND,https://images.zen.com.tn/uploads/8_U2_A9516_f90f8f91fc.jpg,3 Couleurs,/fr/produit/4681-pantalon,femme
MOCASSIN,76.93 TND  109.90 TND,https://images.zen.com.tn/uploads/8_U2_A4527_ce75bcb4e4.JPG,1 Couleurs,/fr/produit/4617-mocassin,femme
CHEMISE,59.90 TND,https://images.zen.com.tn/uploads/8_U2_A0819_d28b587aef.jpg,3 Couleurs,/fr/produit/4451-chemise,femme
VESTE,62.93 TND  89.90 TND,https://images.zen.com.tn/uploads/8_U2_A0274_baed6e800b.jpg,1 Couleurs,/fr/produit/4468-veste,femme
PANTALON,79.90 TND,https://images.zen.com.tn/uploads/8_U2_A0256_7f09712fc5.jpg,1 Couleurs,/fr/produit/4549-pantalon,femme
PULL,41.93 TND,https://images.zen.com.tn/uploads/8_U2_A1512_614977a312.jpg,3 Couleurs,/fr/produit/4520-pull,femme
CHEMISE,59.90 TND,https://images.zen.com.tn/uploads/8_U2_A1948_434976302e.jpg,3 Couleurs,/fr/produit/4528-chemise,femme
T SHIRT,41.93 TND  59.90 TND,https://images.zen.com.tn/uploads/8_U2_A1420_c536b917ed.jpg,3 Couleurs,/fr/produit/4490-t-shirt,femme
MOCASSIN,76.93 TND,https://images.zen.com.tn/uploads/8_U2_A4550_5fdddd83ae.JPG,1 Couleurs,/fr/produit/4618-mocassin,femme
PULL,27.93 TND  39.90 TND,https://images.zen.com.tn/uploads/8_U2_A8986_3a544620ad.jpg,3 Couleurs,/fr/produit/4604-pull,femme
T SHIRT MANCHE,41.93 TND  59.90 TND,https://images.zen.com.tn/uploads/8_U2_A0991_e74b23661e.jpg,2 Couleurs,/fr/produit/4536-t-shirt-manche,femme
PULL OVER,48.93 TND,https://images.zen.com.tn/uploads/8_U2_A1585_e8ce12e88d.jpg,2 Couleurs,/fr/produit/4491-pull-over,femme
T SHIRT,45.90 TND,https://images.zen.com.tn/uploads/8_U2_A8683_5484507234.jpg,3 Couleurs,/fr/produit/4591-t-shirt,femme
PULL OVER,48.93 TND  69.90 TND,https://images.zen.com.tn/uploads/8_U2_A1457_e6342cfcf2.jpg,2 Couleurs,/fr/produit/4489-pull-over,femme
T SHIRT,39.90 TND,https://images.zen.com.tn/uploads/8_U2_A1570_f3e49576b8.jpg,2 Couleurs,/fr/produit/3849-t-shirt,femme
T SHIRT,39.90 TND,https://images.zen.com.tn/uploads/8_U2_A1488_7cf1737eb7.jpg,2 Couleurs,/fr/produit/3866-t-shirt,femme
T SHIRT,69.90 TND,https://images.zen.com.tn/uploads/8_U2_A0974_d1dd39e24c.jpg,2 Couleurs,/fr/produit/4535-t-shirt,femme
BASKET,129.90 TND,https://images.zen.com.tn/medias/folder_02_10_2024/8_U2_A4330_6dda084a4f.webp,1 Couleurs,/fr/produit/3838-basket,femme
CHEMISE,46.13 TND  65.90 TND,https://images.zen.com.tn/uploads/8_U2_A1806_c0a7dffb4f.jpg,3 Couleurs,/fr/produit/4291-chemise,femme
T SHIRT,35.90 TND,https://images.zen.com.tn/uploads/8_U2_A1633_c1ad39faf1.jpg,3 Couleurs,/fr/produit/4481-t-shirt,femme
JOGGER,48.93 TND,https://images.zen.com.tn/uploads/8_U2_A1389_5dfdd9e62b.jpg,3 Couleurs,/fr/produit/4419-jogger,femme
T SHIRT,29.90 TND,https://images.zen.com.tn/uploads/8_U2_A1262_d8316b34ff.jpg,4 Couleurs,/fr/produit/4483-t-shirt,femme
SWEAT SHIRT,48.93 TND  69.90 TND,https://images.zen.com.tn/uploads/8_U2_A1149_02362f349e.jpg,1 Couleurs,/fr/produit/4485-sweat-shirt,femme
ROBE,55.93 TND,https://images.zen.com.tn/uploads/8_U2_A1290_b536293f36.jpg,1 Couleurs,/fr/produit/4452-robe,femme
PANTALON WIDE LEG,79.90 TND,https://images.zen.com.tn/uploads/8_U2_A5456_7115b8da89.JPG,2 Couleurs,/fr/produit/4333-pantalon-wide-leg,femme
CHEMISE,41.93 TND  59.90 TND,https://images.zen.com.tn/uploads/8_U2_A1763_58885544ac.jpg,2 Couleurs,/fr/produit/4403-chemise,femme
BLOUSE,41.93 TND,https://images.zen.com.tn/uploads/8_U2_A1069_49b850c150.jpg,1 Couleurs,/fr/produit/4405-blouse,femme
CHEMISE,55.93 TND  79.90 TND,https://images.zen.com.tn/uploads/8_U2_A1109_3fa0b66df9.jpg,1 Couleurs,/fr/produit/4404-chemise,femme
T SHIRT,39.90 TND,https://images.zen.com.tn/uploads/8_U2_A1546_85a54774c2.jpg,2 Couleurs,/fr/produit/4482-t-shirt,femme
PANTALON,41.93 TND,https://images.zen.com.tn/uploads/8_U2_A1673_d9cd0fc026.jpg,1 Couleurs,/fr/produit/4424-pantalon,femme
PANTALON,69.90 TND,https://images.zen.com.tn/uploads/8_U2_A1829_b9a86d7e96.jpg,3 Couleurs,/fr/produit/4407-pantalon,femme
CHEMISE,48.93 TND  69.90 TND,https://images.zen.com.tn/uploads/8_U2_A1829_31c11f8fac.jpg,1 Couleurs,/fr/produit/4379-chemise,femme
PANTALON,69.90 TND,https://images.zen.com.tn/uploads/8_U2_A1867_0fefcdaced.jpg,4 Couleurs,/fr/produit/4244-pantalon,femme
CHEMISE,48.93 TND  69.90 TND,https://images.zen.com.tn/uploads/8_U2_A0639_2852d786ad.jpg,3 Couleurs,/fr/produit/4381-chemise,femme
CHEMISE,59.90 TND,https://images.zen.com.tn/uploads/8_U2_A1022_f7e304f181.jpg,2 Couleurs,/fr/produit/4290-chemise,femme
JEAN FLARE,62.93 TND,https://images.zen.com.tn/uploads/8_U2_A1529_7af0ce0091.jpg,2 Couleurs,/fr/produit/3656-jean-flare,femme
JEAN,55.93 TND  79.90 TND,https://images.zen.com.tn/uploads/8_U2_A1080_e060e7b29e.jpg,1 Couleurs,/fr/produit/4390-jean,femme
CHEMISE,48.93 TND  69.90 TND,https://images.zen.com.tn/uploads/8_U2_A1673_642388a988.jpg,2 Couleurs,/fr/produit/4260-chemise,femme
PULL,25.13 TND,https://images.zen.com.tn/uploads/8_U2_A1232_2cce5c3d02.jpg,3 Couleurs,/fr/produit/4422-pull,femme
PANTALON,34.93 TND  49.90 TND,https://images.zen.com.tn/uploads/8_U2_A1230_76ea11385d.jpg,3 Couleurs,/fr/produit/4423-pantalon,femme
ROBE,55.93 TND  79.90 TND,https://images.zen.com.tn/uploads/8_U2_A1174_ce4e1dfa67.jpg,1 Couleurs,/fr/produit/4382-robe,femme
CHEMISE,48.93 TND,https://images.zen.com.tn/uploads/8_U2_A1531_aac99ba3e9.jpg,1 Couleurs,/fr/produit/4259-chemise,femme
PANTALON,62.93 TND  89.90 TND,https://images.zen.com.tn/uploads/8_U2_A5351_77aaf37a90.JPG,1 Couleurs,/fr/produit/4374-pantalon,femme
PARFUM,45.90 TND,https://images.zen.com.tn/uploads/8_U2_A9899_d5cffc8b52.JPG,2 Couleurs,/fr/produit/3969-parfum,femme
JEAN,62.93 TND,https://images.zen.com.tn/uploads/8_U2_A1654_9e7995484c.jpg,1 Couleurs,/fr/produit/4317-jean,femme
CARDIGAN,48.93 TND  69.90 TND,https://images.zen.com.tn/uploads/8_U2_A8124_a90d89bbc6.jpg,3 Couleurs,/fr/produit/4223-cardigan,femme
SWEAT SHIRT,48.93 TND  69.90 TND,https://images.zen.com.tn/uploads/8_U2_A7312_0151b71cce.jpg,2 Couleurs,/fr/produit/4254-sweat-shirt,femme
JUPE SHORT,34.93 TND,https://images.zen.com.tn/uploads/8_U2_A7975_42101ac10a.jpg,1 Couleurs,/fr/produit/4334-jupe-short,femme
BOTTINE A TALON,97.93 TND  139.90 TND,https://images.zen.com.tn/uploads/8_U2_A3985_e1a21c64a7_e762162c71.jpg,1 Couleurs,/fr/produit/4104-bottine-a-talon,femme
PULL,27.93 TND  39.90 TND,https://images.zen.com.tn/uploads/8_U2_A7089_dea774db2a.jpg,2 Couleurs,/fr/produit/4188-pull,femme
PULL,27.93 TND,https://images.zen.com.tn/uploads/8_U2_A7012_28225caf64.jpg,2 Couleurs,/fr/produit/4189-pull,femme
PULL,39.13 TND  55.90 TND,https://images.zen.com.tn/uploads/8_U2_A7454_f238c1644f.jpg,4 Couleurs,/fr/produit/4210-pull,femme
SWEAT SHIRT,41.93 TND  59.90 TND,https://images.zen.com.tn/uploads/8_U2_A7695_3574e84d66.jpg,1 Couleurs,/fr/produit/4230-sweat-shirt,femme
SWEAT SHIRT,48.93 TND,https://images.zen.com.tn/uploads/8_U2_A7819_4b255bf8b3.jpg,2 Couleurs,/fr/produit/4231-sweat-shirt,femme
VESTE,62.93 TND  89.90 TND,https://images.zen.com.tn/uploads/8_U2_A7028_7ac6c19a05.jpg,1 Couleurs,/fr/produit/4222-veste,femme
TRENCH-COAT,83.93 TND  119.90 TND,https://images.zen.com.tn/uploads/8_U2_A7251_6349258d50.jpg,2 Couleurs,/fr/produit/4220-trench-coat,femme
SUR CHEMISE,69.93 TND,https://images.zen.com.tn/uploads/8_U2_A7039_c583f5de54_96729376bf.jpg,1 Couleurs,/fr/produit/4193-sur-chemise,femme
PANTALON,55.93 TND  79.90 TND,https://images.zen.com.tn/uploads/8_U2_A8078_4839cf9920.jpg,1 Couleurs,/fr/produit/4197-pantalon,femme
LEGGING,41.93 TND  59.90 TND,https://images.zen.com.tn/medias/folder_08_05_2024/8_U2_A2339_84ca39ea10.webp,1 Couleurs,/fr/produit/2894-legging,femme
JEAN FLARE,62.93 TND,https://images.zen.com.tn/medias/images/8U2A7510.webp,1 Couleurs,/fr/produit/3624-jean-flare,femme
JACKET,41.93 TND  59.90 TND,https://images.zen.com.tn/uploads/8_U2_A5351_e7780202cd.jpg,2 Couleurs,/fr/produit/4089-jacket,femme
PANTALON,55.93 TND  79.90 TND,https://images.zen.com.tn/uploads/8_U2_A6036_aeebd616cf.jpg,1 Couleurs,/fr/produit/4108-pantalon,femme
PULL OVER,48.93 TND,https://images.zen.com.tn/uploads/8_U2_A5465_667395f0a2.jpg,3 Couleurs,/fr/produit/4148-pull-over,femme
ROBE,55.93 TND  79.90 TND,https://images.zen.com.tn/uploads/8_U2_A5423_887aa31f41.jpg,1 Couleurs,/fr/produit/4136-robe,femme
VESTE,62.93 TND  89.90 TND,https://images.zen.com.tn/medias/folder_30_10_2024/8_U2_A8995_b4048fec24.webp,2 Couleurs,/fr/produit/3869-veste,femme
VESTE,62.93 TND,https://images.zen.com.tn/uploads/8_U2_A5705_bf43f7ea24.jpg,2 Couleurs,/fr/produit/4128-veste,femme
SWEAT SHIRT,48.93 TND  69.90 TND,https://images.zen.com.tn/uploads/8_U2_A7753_10403e5691.jpg,3 Couleurs,/fr/produit/4183-sweat-shirt,femme
DOUDOUNE,97.93 TND  139.90 TND,https://images.zen.com.tn/uploads/8_U2_A7068_259173991b.jpg,1 Couleurs,/fr/produit/4198-doudoune,femme
JEANS CARPENTER,62.93 TND,https://images.zen.com.tn/uploads/8_U2_A5433_01f37b12c5.jpg,2 Couleurs,/fr/produit/4166-jeans-carpenter,femme
VESTE,62.93 TND  89.90 TND,https://images.zen.com.tn/uploads/8_U2_A5520_a6f872deff.jpg,2 Couleurs,/fr/produit/4162-veste,femme
ECHARPPE,34.93 TND  49.90 TND,https://images.zen.com.tn/uploads/8_U2_A8701_561b909190.JPG,1 Couleurs,/fr/produit/4175-echarppe,femme
SWEAT SHIRT,41.93 TND,https://images.zen.com.tn/uploads/8_U2_A7394_73d427a4fa.jpg,3 Couleurs,/fr/produit/4181-sweat-shirt,femme
SURCHEMISE,55.93 TND  79.90 TND,https://images.zen.com.tn/uploads/8_U2_A5677_dbc25744ef.jpg,1 Couleurs,/fr/produit/4164-surchemise,femme
JEAN,62.93 TND  89.90 TND,https://images.zen.com.tn/uploads/8_U2_A7159_8b98cea53c.jpg,1 Couleurs,/fr/produit/4165-jean,femme
SWEAT SHIRT,34.93 TND,https://images.zen.com.tn/uploads/8_U2_A7363_ed7ddc911a.jpg,2 Couleurs,/fr/produit/4141-sweat-shirt,femme
SWEAT SHIRT,48.93 TND  69.90 TND,https://images.zen.com.tn/uploads/8_U2_A5920_9b19882839.jpg,2 Couleurs,/fr/produit/4190-sweat-shirt,femme
PANTALON,41.93 TND  59.90 TND,https://images.zen.com.tn/uploads/8_U2_A7511_49b08d1822.jpg,3 Couleurs,/fr/produit/4182-pantalon,femme
T SHIRT,20.93 TND,https://images.zen.com.tn/uploads/8_U2_A6074_59fb6d77d6.jpg,1 Couleurs,/fr/produit/4123-t-shirt,femme
JOGGER,48.93 TND  69.90 TND,https://images.zen.com.tn/uploads/8_U2_A5850_54b64bd7f0.jpg,3 Couleurs,/fr/produit/4144-jogger,femme
SWEAT SHIRT,41.93 TND  59.90 TND,https://images.zen.com.tn/uploads/8_U2_A5905_58e16b2f61.jpg,3 Couleurs,/fr/produit/4142-sweat-shirt,femme
SWEAT SHIRT,41.93 TND,https://images.zen.com.tn/uploads/8_U2_A5538_7ebaccc550.jpg,1 Couleurs,/fr/produit/4143-sweat-shirt,femme
JOGGER,41.93 TND  59.90 TND,https://images.zen.com.tn/uploads/8_U2_A7934_10caaff489.jpg,2 Couleurs,/fr/produit/4122-jogger,femme
SWEAT SHIRT,41.93 TND  59.90 TND,https://images.zen.com.tn/uploads/8_U2_A7685_c7faf11718.jpg,1 Couleurs,/fr/produit/4120-sweat-shirt,femme
PULL OVER,48.93 TND,https://images.zen.com.tn/medias/images/8U2A7206.webp,2 Couleurs,/fr/produit/3719-pull-over,femme
VESTE,97.93 TND  139.90 TND,https://images.zen.com.tn/uploads/8_U2_A6042_0fd99de916.jpg,2 Couleurs,/fr/produit/4005-veste,femme
JOGGER,48.93 TND  69.90 TND,https://images.zen.com.tn/uploads/8_U2_A5839_c15b2f4500.jpg,2 Couleurs,/fr/produit/4121-jogger,femme
LEGGING,48.93 TND,https://images.zen.com.tn/uploads/8_U2_A5811_812b0b34f3.jpg,3 Couleurs,/fr/produit/4088-legging,femme
SWEAT SHIRT,48.93 TND  69.90 TND,https://images.zen.com.tn/uploads/8_U2_A7936_5baca71bd8.jpg,1 Couleurs,/fr/produit/4096-sweat-shirt,femme
PULL OVER,48.93 TND  69.90 TND,https://images.zen.com.tn/medias/folder_17_09_2024/8_U2_A7265_52b8a1cde6.webp,3 Couleurs,/fr/produit/3634-pull-over,femme
BALLERINE,62.93 TND,https://images.zen.com.tn/medias/folder_07_11_2024/8_U2_A2427_e5f8fd5a7f.webp,1 Couleurs,/fr/produit/3971-ballerine,femme
BASKET,83.94 TND  139.90 TND,https://images.zen.com.tn/medias/folder_23_09_2024/8_U2_A1235_0ace4b1641.webp,1 Couleurs,/fr/produit/3777-basket,femme
BASKET,83.93 TND  119.90 TND,https://images.zen.com.tn/medias/folder_02_10_2024/8_U2_A4125_d1f176c498.webp,1 Couleurs,/fr/produit/3837-basket,femme
JOGGER,41.93 TND,https://images.zen.com.tn/uploads/8_U2_A5769_7f1aa1f17f.jpg,2 Couleurs,/fr/produit/4010-jogger,femme
DOUDOUNE,111.93 TND  159.90 TND,https://images.zen.com.tn/medias/folder_30_10_2024/8_U2_A9199_f57e8c7624.webp,2 Couleurs,/fr/produit/3927-doudoune,femme
DOUDOUNE,97.93 TND  139.90 TND,https://images.zen.com.tn/uploads/8_U2_A9392_d72bb1ebbf.jpg,2 Couleurs,/fr/produit/3922-doudoune,femme
PANTALON SKINNY,55.93 TND,https://images.zen.com.tn/uploads/8_U2_A7201_f1d3bb794e.jpg,2 Couleurs,/fr/produit/4012-pantalon-skinny,femme
JUPE,48.93 TND  69.90 TND,https://images.zen.com.tn/uploads/8_U2_A5347_3c0c6904a1.jpg,1 Couleurs,/fr/produit/4090-jupe,femme
PULL,25.13 TND  35.90 TND,https://images.zen.com.tn/uploads/8_U2_A5623_0a501c655c.jpg,3 Couleurs,/fr/produit/4083-pull,femme
SWEAT SHIRT,48.93 TND,https://images.zen.com.tn/uploads/8_U2_A7598_d9623602b8.jpg,2 Couleurs,/fr/produit/4084-sweat-shirt,femme
SAC A MAIN,89.90 TND,https://images.zen.com.tn/medias/folder_13_11_2024/8_U2_A0042_43db981fe3.webp,1 Couleurs,/fr/produit/4069-sac-a-main,femme
JUPE,41.93 TND  59.90 TND,https://images.zen.com.tn/uploads/8_U2_A5660_7a691ae60c.jpg,3 Couleurs,/fr/produit/4006-jupe,femme
PULL OVER,48.93 TND,https://images.zen.com.tn/medias/folder_17_09_2024/8_U2_A7285_488f4cdcc5.webp,3 Couleurs,/fr/produit/3633-pull-over,femme
PULL,48.93 TND  69.90 TND,https://images.zen.com.tn/medias/images/8U2A7152.webp,4 Couleurs,/fr/produit/3698-pull,femme
SUR CHEMISE,55.93 TND  79.90 TND,https://images.zen.com.tn/medias/folder_30_10_2024/8_U2_A9120_6e519c0307.webp,2 Couleurs,/fr/produit/3911-sur-chemise,femme
SUR CHEMISE,55.93 TND,https://images.zen.com.tn/medias/folder_30_10_2024/8_U2_A9405_046f3983eb.webp,2 Couleurs,/fr/produit/3938-sur-chemise,femme
CHEMISE,34.93 TND  49.90 TND,https://images.zen.com.tn/uploads/8_U2_A5663_a6fe9ac22a.jpg,1 Couleurs,/fr/produit/3979-chemise,femme
PULL,25.13 TND  35.90 TND,https://images.zen.com.tn/uploads/8_U2_A5240_a9897cee25.jpg,3 Couleurs,/fr/produit/3975-pull,femme
PANTALON,62.93 TND,https://images.zen.com.tn/medias/folder_30_10_2024/8_U2_A9504_dd17c363a4.webp,1 Couleurs,/fr/produit/3887-pantalon,femme
JEAN MOM FIT,62.93 TND  89.90 TND,https://images.zen.com.tn/uploads/8_U2_A5561_be33273c65.jpg,2 Couleurs,/fr/produit/3949-jean-mom-fit,femme
PANTALON LARGE,34.93 TND  49.90 TND,https://images.zen.com.tn/uploads/8_U2_A5251_ceb854ee1e.jpg,1 Couleurs,/fr/produit/3943-pantalon-large,femme
TUNIQUE,25.90 TND,https://images.zen.com.tn/medias/folder_31_10_2024/8_U2_A2826_320aa9d2ff.webp,4 Couleurs,/fr/produit/3909-tunique,femme
PULL OVER,41.93 TND  59.90 TND,https://images.zen.com.tn/medias/folder_01_10_2024/8_U2_A7742_f25f5aedb6.webp,3 Couleurs,/fr/produit/3800-pull-over,femme
VESTE,76.93 TND  109.90 TND,https://images.zen.com.tn/uploads/8_U2_A7455_be433b63d2.jpg,1 Couleurs,/fr/produit/3973-veste,femme
CARDIGAN,48.93 TND,https://images.zen.com.tn/medias/folder_17_09_2024/MARINE_2_1d8a92ee47.webp,2 Couleurs,/fr/produit/3750-cardigan,femme
PULL OVER,48.93 TND  69.90 TND,https://images.zen.com.tn/medias/folder_01_11_2024/8_U2_A7707_9436f70021.webp,1 Couleurs,/fr/produit/3810-pull-over,femme
CHEMISE,41.93 TND  59.90 TND,https://images.zen.com.tn/medias/folder_01_11_2024/8_U2_A8047_595dbb24ee.webp,1 Couleurs,/fr/produit/3804-chemise,femme
VESTE,62.93 TND,https://images.zen.com.tn/medias/folder_19_08_2024/8_U2_A0718_ee02db6127.webp,1 Couleurs,/fr/produit/3030-veste,femme
LIQUETTE,55.93 TND  79.90 TND,https://images.zen.com.tn/uploads/8_U2_A0422_36acf91b7f.jpg,1 Couleurs,/fr/produit/3854-liquette,femme
PULL OVER,48.93 TND  69.90 TND,https://images.zen.com.tn/medias/folder_17_09_2024/8_U2_A8237_af153c5a59.webp,1 Couleurs,/fr/produit/3706-pull-over,femme
PULL,27.93 TND,https://images.zen.com.tn/uploads/8_U2_A7382_26ef16fd74.jpg,2 Couleurs,/fr/produit/3952-pull,femme
CARDIGAN,48.93 TND  69.90 TND,https://images.zen.com.tn/medias/folder_21_10_2024/8_U2_A8095_0092a0b9db.webp,1 Couleurs,/fr/produit/3745-cardigan,femme
GILET,62.93 TND  89.90 TND,https://images.zen.com.tn/medias/folder_30_10_2024/8_U2_A9645_03f415775c.webp,2 Couleurs,/fr/produit/3830-gilet,femme
PULL OVER,41.93 TND,https://images.zen.com.tn/medias/fx_folder_31_08_2024/8_U2_A6098_203d1cadc0.webp,1 Couleurs,/fr/produit/3440-pull-over,femme
PULL OVER,41.93 TND  59.90 TND,https://images.zen.com.tn/medias/folder_17_09_2024/8_U2_A7719_da02503f0b.webp,1 Couleurs,/fr/produit/3679-pull-over,femme
ROBE TUNIQUE,55.93 TND  79.90 TND,https://images.zen.com.tn/medias/folder_19_09_2024/8_U2_A9091_3bf37580a2.webp,4 Couleurs,/fr/produit/3635-robe-tunique,femme
PANTALON FLARE,55.93 TND,https://images.zen.com.tn/medias/folder_29_10_2024/8_U2_A9689_e207074dd7.webp,1 Couleurs,/fr/produit/2425-pantalon-flare,femme
PANTALON,55.93 TND  79.90 TND,https://images.zen.com.tn/medias/images/8U2A7152.webp,2 Couleurs,/fr/produit/3703-pantalon,femme
PULL OVER,48.93 TND  69.90 TND,https://images.zen.com.tn/medias/fx_folder_31_08_2024/8_U2_A6544_98455e1c04.webp,3 Couleurs,/fr/produit/3439-pull-over,femme
PANTALON,55.93 TND,https://images.zen.com.tn/medias/images/8U2A7306.webp,2 Couleurs,/fr/produit/3724-pantalon,femme
BALLERINE,62.93 TND  89.90 TND,https://images.zen.com.tn/medias/folder_21_10_2024/8_U2_A7732_90bcada83f.webp,2 Couleurs,/fr/produit/3875-ballerine,femme
JACKET,55.93 TND  79.90 TND,https://images.zen.com.tn/medias/folder_30_10_2024/8_U2_A8891_9098c99dd4.webp,2 Couleurs,/fr/produit/3796-jacket,femme
LIQUETTE,62.93 TND,https://images.zen.com.tn/medias/folder_20_09_2024/8_U2_A8562_cd6de10378.webp,3 Couleurs,/fr/produit/3731-liquette,femme
PANTALON,62.93 TND  89.90 TND,https://images.zen.com.tn/medias/folder_30_10_2024/8_U2_A9790_8875df3d2f.webp,2 Couleurs,/fr/produit/3828-pantalon,femme
PANTALON,48.93 TND  69.90 TND,https://images.zen.com.tn/medias/folder_30_10_2024/8_U2_A9498_be8a1c2222.webp,1 Couleurs,/fr/produit/3860-pantalon,femme
TUNIQUE,25.90 TND,https://images.zen.com.tn/medias/folder_27_09_2024/8_U2_A3610_8c9a5c86ce.webp,2 Couleurs,/fr/produit/3809-tunique,femme
JEAN SKINNY,55.93 TND  79.90 TND,https://images.zen.com.tn/medias/folder_30_10_2024/8_U2_A9225_3d8b074c07.webp,2 Couleurs,/fr/produit/3015-jean-skinny,femme
PANTALON,89.90 TND,https://images.zen.com.tn/medias/folder_29_10_2024/8_U2_A9800_499297c14c.webp,2 Couleurs,/fr/produit/3692-pantalon,femme
JOGGER,48.93 TND,https://images.zen.com.tn/medias/images/8U2A8294.webp,3 Couleurs,/fr/produit/3642-jogger,femme
PULL,27.93 TND  39.90 TND,https://images.zen.com.tn/medias/folder_25_03_2024/8_U2_A9634_2388a816ed.webp,3 Couleurs,/fr/produit/2494-pull,femme
VESTE,83.93 TND  119.90 TND,https://images.zen.com.tn/medias/folder_30_10_2024/8_U2_A8956_39e8f362ba.webp,2 Couleurs,/fr/produit/3829-veste,femme
CHEMISE,48.93 TND,https://images.zen.com.tn/medias/folder_20_09_2024/8_U2_A8395_c0eebe0f5f.webp,1 Couleurs,/fr/produit/3730-chemise,femme
CHEMISE,89.90 TND,https://images.zen.com.tn/medias/folder_16_09_2024/8_U2_A8180_a98a6366f1.webp,2 Couleurs,/fr/produit/3693-chemise,femme
JEAN,48.93 TND  69.90 TND,https://images.zen.com.tn/medias/folder_31_10_2024/8_U2_A9061_1dd1642cb3.webp,1 Couleurs,/fr/produit/3761-jean,femme
T SHIRT,39.90 TND,https://images.zen.com.tn/medias/folder_30_10_2024/8_U2_A9737_2543a9f992.webp,1 Couleurs,/fr/produit/3794-t-shirt,femme
PULL OVER,41.93 TND  59.90 TND,https://images.zen.com.tn/medias/folder_21_10_2024/8_U2_A7946_b11b91d1ca.webp,3 Couleurs,/fr/produit/3648-pull-over,femme
PULL OVER,48.93 TND  69.90 TND,https://images.zen.com.tn/medias/folder_20_09_2024/8_U2_A7696_734ee713e4.webp,2 Couleurs,/fr/produit/3789-pull-over,femme
TUNIQUE,48.93 TND,https://images.zen.com.tn/medias/folder_19_09_2024/8_U2_A8518_2cf6c55bd7.webp,2 Couleurs,/fr/produit/3447-tunique,femme
PULL OVER,41.93 TND  59.90 TND,https://images.zen.com.tn/medias/folder_21_10_2024/8_U2_A7727_c8e2897e04.webp,3 Couleurs,/fr/produit/3649-pull-over,femme
LIQUETTE,55.93 TND  79.90 TND,https://images.zen.com.tn/medias/folder_19_09_2024/8_U2_A8664_d880eec282.webp,2 Couleurs,/fr/produit/3671-liquette,femme
PANTALON,55.93 TND,https://images.zen.com.tn/medias/folder_02_08_2024/8_U2_A9071_770aa7c979.webp,1 Couleurs,/fr/produit/3489-pantalon,femme
PANTALON MOM FIT,55.93 TND  79.90 TND,https://images.zen.com.tn/medias/folder_17_09_2024/8_U2_A7472_4baec8554a.webp,2 Couleurs,/fr/produit/3640-pantalon-mom-fit,femme
T SHIRT MANCHE,32.13 TND  45.90 TND,https://images.zen.com.tn/medias/folder_08_05_2024/8_U2_A2705_d59dfaa344.webp,3 Couleurs,/fr/produit/2882-t-shirt-manche,femme
T SHIRT,39.90 TND,https://images.zen.com.tn/medias/images/8U2A7089.webp,3 Couleurs,/fr/produit/3630-t-shirt,femme
ROBE,48.93 TND  69.90 TND,https://images.zen.com.tn/medias/folder_19_09_2024/8_U2_A8536_1b41d316d0.webp,1 Couleurs,/fr/produit/3616-robe,femme
PANTALON WIDE,62.93 TND  89.90 TND,https://images.zen.com.tn/medias/folder_16_09_2024/8_U2_A7809_3cfde9a9f3.webp,2 Couleurs,/fr/produit/3623-pantalon-wide,femme
PANTALON,48.93 TND,https://images.zen.com.tn/medias/folder_16_09_2024/8_U2_A8313_6428969e27.webp,2 Couleurs,/fr/produit/3637-pantalon,femme
PANTALON,55.93 TND  79.90 TND,https://images.zen.com.tn/medias/fx_folder_31_08_2024/8_U2_A6644_abcae97334.webp,1 Couleurs,/fr/produit/3591-pantalon,femme
PANTALON,55.93 TND  79.90 TND,https://images.zen.com.tn/medias/fx_folder_31_08_2024/8_U2_A7041_2327322518.webp,1 Couleurs,/fr/produit/3593-pantalon,femme
T SHIRT MANCHE,27.93 TND,https://images.zen.com.tn/medias/folder_24_07_2024/8_U2_A1686_111962d6dc.webp,2 Couleurs,/fr/produit/2856-t-shirt-manche,femme
PULL,32.13 TND  45.90 TND,https://images.zen.com.tn/medias/folder_24_07_2024/8_U2_A0997_905c1d60ab.webp,4 Couleurs,/fr/produit/2973-pull,femme
PULL,20.93 TND  29.90 TND,https://images.zen.com.tn/uploads/8_U2_A7819_f6f4d97610.jpg,3 Couleurs,/fr/produit/3571-pull,femme
T SHIRT,39.90 TND,https://images.zen.com.tn/medias/folder_16_09_2024/8_U2_A8071_3b29c2055e.webp,4 Couleurs,/fr/produit/3676-t-shirt,femme
SWEAT SHIRT,41.93 TND  59.90 TND,https://images.zen.com.tn/medias/folder_16_09_2024/8_U2_A7076_11810050a3.webp,3 Couleurs,/fr/produit/3622-sweat-shirt,femme
CHEMISE,41.93 TND  59.90 TND,https://images.zen.com.tn/medias/images/8U2A7671.webp,2 Couleurs,/fr/produit/3609-chemise,femme
CHEMISE,41.93 TND,https://images.zen.com.tn/medias/folder_02_09_2024/8_U2_A6047_a7f4b36cda.webp,1 Couleurs,/fr/produit/3605-chemise,femme
T SHIRT,35.90 TND,https://images.zen.com.tn/medias/folder_16_09_2024/8_U2_A7368_1b71df5f19.webp,2 Couleurs,/fr/produit/3613-t-shirt,femme
T SHIRT,39.90 TND,https://images.zen.com.tn/medias/fx_folder_31_08_2024/8_U2_A6382_3c8a2ddd93.webp,2 Couleurs,/fr/produit/3572-t-shirt,femme
PULL,32.13 TND,https://images.zen.com.tn/medias/folder_03_05_2024/8_U2_A2698_b8c82ce4f6.webp,1 Couleurs,/fr/produit/2883-pull,femme
PANTALON JEANS,55.93 TND  79.90 TND,https://images.zen.com.tn/medias/fx_folder_31_08_2024/8_U2_A7011_61b86bd62e.webp,1 Couleurs,/fr/produit/3592-pantalon-jeans,femme
T SHIRT,35.90 TND,https://images.zen.com.tn/medias/folder_16_09_2024/8_U2_A7124_3dfb6a532a.webp,3 Couleurs,/fr/produit/3612-t-shirt,femme
JEANS MOM FIT,48.93 TND,https://images.zen.com.tn/medias/folder_21_08_2024/8_U2_A0584_910d46fa0f.webp,2 Couleurs,/fr/produit/3186-jeans-mom-fit,femme
T SHIRT,35.90 TND,https://images.zen.com.tn/medias/folder_25_07_2024/8_U2_A9071_1dbd3a00b9.webp,2 Couleurs,/fr/produit/3449-t-shirt,femme
CHEMISE,55.93 TND  79.90 TND,https://images.zen.com.tn/medias/folder_01_06_2024/8_U2_A0305_6caf891b99.webp,1 Couleurs,/fr/produit/3206-chemise,femme
JEAN SLIM FIT,55.93 TND,https://images.zen.com.tn/medias/fx_folder_31_08_2024/8_U2_A6047_bbd28cbade.webp,2 Couleurs,/fr/produit/3589-jean-slim-fit,femme
ROBE JEAN,79.90 TND,https://images.zen.com.tn/medias/folder_29_08_2024/8_U2_A5736_a986152082.webp,1 Couleurs,/fr/produit/3550-robe-jean,femme
T SHIRT,39.90 TND,https://images.zen.com.tn/medias/folder_29_08_2024/8_U2_A6361_e6a6f28a78.webp,2 Couleurs,/fr/produit/3547-t-shirt,femme
CHEMISE,55.93 TND,https://images.zen.com.tn/medias/folder_18_09_2024/8_U2_A8575_4f44de28ce.webp,2 Couleurs,/fr/produit/3542-chemise,femme
JEAN FLARE FIT,62.93 TND  89.90 TND,https://images.zen.com.tn/medias/folder_13_03_2024/8_U2_A9581_c7727c2641.webp,2 Couleurs,/fr/produit/2664-jean-flare-fit,femme
JEAN CARGO,62.93 TND  89.90 TND,https://images.zen.com.tn/medias/folder_24_07_2024/8_U2_A0855_9d9e22dd5e.webp,2 Couleurs,/fr/produit/3183-jean-cargo,femme
JEAN CARGO,69.93 TND,https://images.zen.com.tn/medias/folder_19_08_2024/8_U2_A2197_f6887d787b.webp,2 Couleurs,/fr/produit/2836-jean-cargo,femme
PANTALON,55.93 TND  79.90 TND,https://images.zen.com.tn/medias/folder_24_07_2024/8_U2_A0901_bdb2717cd2.webp,1 Couleurs,/fr/produit/3198-pantalon,femme
PANTALON,55.93 TND  79.90 TND,https://images.zen.com.tn/medias/folder_07_05_2024/8_U2_A1734_a968015869.webp,2 Couleurs,/fr/produit/2590-pantalon,femme
PANTALON,62.93 TND,https://images.zen.com.tn/medias/folder_24_07_2024/8_U2_A0878_97e6f9d157.webp,2 Couleurs,/fr/produit/3228-pantalon,femme
PANTALON CARGO,62.93 TND  89.90 TND,https://images.zen.com.tn/medias/folder_17_05_2024/8_U2_A1934_2c1076949f.webp,2 Couleurs,/fr/produit/2623-pantalon-cargo,femme
ROBE,119.90 TND,https://images.zen.com.tn/medias/folder_29_08_2024/8_U2_A5797_7c9cbe2c7e.webp,2 Couleurs,/fr/produit/3549-robe,femme
T SHIRT,35.90 TND,https://images.zen.com.tn/medias/folder_25_07_2024/8_U2_A9090_fddb709db6.webp,1 Couleurs,/fr/produit/3486-t-shirt,femme
JEAN MOM FIT,55.93 TND  79.90 TND,https://images.zen.com.tn/medias/folder_29_08_2024/8_U2_A7195_b4ccb7f078.webp,1 Couleurs,/fr/produit/3528-jean-mom-fit,femme
PANTALON WIDE,62.93 TND  89.90 TND,https://images.zen.com.tn/medias/folder_08_05_2024/8_U2_A1686_3bd186a223.webp,2 Couleurs,/fr/produit/2622-pantalon-wide,femme
BLOUSE,39.13 TND,https://images.zen.com.tn/medias/folder_29_08_2024/8_U2_A6299_4b74ffa210.webp,3 Couleurs,/fr/produit/3507-blouse,femme
COMBINAISON,109.90 TND,https://images.zen.com.tn/medias/folder_29_08_2024/8_U2_A7157_637bdc6466.webp,2 Couleurs,/fr/produit/3532-combinaison,femme
PANTALON PYJAMA,25.13 TND  35.90 TND,https://images.zen.com.tn/medias/folder_09_07_2024/8_U2_A8833_2dc320ff9a.webp,1 Couleurs,/fr/produit/2967-pantalon-pyjama,femme
T SHIRT PYJAMA,18.13 TND,https://images.zen.com.tn/medias/folder_09_07_2024/8_U2_A8833_e8a3fd7f11.webp,1 Couleurs,/fr/produit/2968-t-shirt-pyjama,femme
JEAN MOM FIT,55.93 TND  79.90 TND,https://images.zen.com.tn/medias/folder_31_07_2024/8_U2_A2113_58a8e69bcc.webp,1 Couleurs,/fr/produit/3539-jean-mom-fit,femme
T SHIRT,35.90 TND,https://images.zen.com.tn/medias/folder_25_07_2024/8_U2_A1312_773176d34c.webp,3 Couleurs,/fr/produit/3502-t-shirt,femme
SAC A MAIN,89.90 TND,https://images.zen.com.tn/medias/folder_21_10_2024/8_U2_A8053_28b15378ea.webp,1 Couleurs,/fr/produit/3510-sac-a-main,femme
JEAN WIDE LEG,62.93 TND  89.90 TND,https://images.zen.com.tn/medias/folder_24_07_2024/8_U2_A0953_f8be475217.webp,2 Couleurs,/fr/produit/3248-jean-wide-leg,femme
JEAN CARGO,55.93 TND  79.90 TND,https://images.zen.com.tn/medias/folder_12_02_2024/8_U2_A2154_7d28e271eb.webp,2 Couleurs,/fr/produit/2361-jean-cargo,femme
CHEMISE,62.93 TND,https://images.zen.com.tn/medias/folder_18_09_2024/8_U2_A8426_c0538acbec.webp,2 Couleurs,/fr/produit/2246-chemise,femme
JEAN MOM FIT,55.93 TND  79.90 TND,https://images.zen.com.tn/medias/folder_24_07_2024/8_U2_A0976_ddfa162888.webp,1 Couleurs,/fr/produit/2952-jean-mom-fit,femme
PANTALON,48.93 TND  69.90 TND,https://images.zen.com.tn/medias/folder_25_07_2024/8_U2_A9090_6cafdab7e1.webp,3 Couleurs,/fr/produit/3445-pantalon,femme
T SHIRT,39.90 TND,https://images.zen.com.tn/medias/folder_25_07_2024/8_U2_A8926_8d2214ab5b.webp,1 Couleurs,/fr/produit/3487-t-shirt,femme
JEAN SKINNY,55.93 TND  79.90 TND,https://images.zen.com.tn/medias/folder_21_02_2024/8_U2_A5044_f97fda2dc5.webp,1 Couleurs,/fr/produit/2472-jean-skinny,femme
JEAN FLARE,62.93 TND  89.90 TND,https://images.zen.com.tn/medias/folder_02_08_2024/8_U2_A0761_a5b5f86207.webp,2 Couleurs,/fr/produit/2993-jean-flare,femme
PANTALON,62.93 TND,https://images.zen.com.tn/medias/folder_03_05_2024/8_U2_A3080_67a78a3de4.webp,1 Couleurs,/fr/produit/2890-pantalon,femme
TUNIQUE,25.90 TND,https://images.zen.com.tn/medias/folder_12_07_2024/8_U2_A7877_39419c0ddb.webp,8 Couleurs,/fr/produit/3421-tunique,femme
ROBE,69.90 TND,https://images.zen.com.tn/medias/folder_20_07_2024/8_U2_A1518_ea2508fdc2.webp,3 Couleurs,/fr/produit/3353-robe,femme
T SHIRT,35.90 TND,https://images.zen.com.tn/medias/folder_06_07_2024/8_U2_A2630_f20e34c51a.webp,2 Couleurs,/fr/produit/3359-t-shirt,femme
T SHIRT,45.90 TND,https://images.zen.com.tn/medias/folder_18_03_2024/8_U2_A9077_bf59c6e3c1.webp,1 Couleurs,/fr/produit/2457-t-shirt,femme
ROBE,59.90 TND,https://images.zen.com.tn/medias/folder_05_07_2024/8_U2_A0788_11aedfe4b8.webp,1 Couleurs,/fr/produit/3301-robe,femme
T SHIRT,39.90 TND,https://images.zen.com.tn/medias/folder_16_07_2024/8_U2_A1962_c2531509ef.webp,1 Couleurs,/fr/produit/3277-t-shirt,femme
ROBE,69.90 TND,https://images.zen.com.tn/medias/folder_06_07_2024/8_U2_A0855_6e3f9a4817.webp,2 Couleurs,/fr/produit/3345-robe,femme
PANTALON,55.93 TND  79.90 TND,https://images.zen.com.tn/medias/folder_05_07_2024/8_U2_A2690_10433a0080.webp,2 Couleurs,/fr/produit/3342-pantalon,femme
GILLET,69.90 TND,https://images.zen.com.tn/medias/folder_03_06_2024/8_U2_A0449_15b2e82ed4.webp,2 Couleurs,/fr/produit/3233-gillet,femme
T SHIRT,39.90 TND,https://images.zen.com.tn/medias/folder_06_07_2024/8_U2_A2600_12a2353231.webp,1 Couleurs,/fr/produit/3325-t-shirt,femme
DJELLABA,99.90 TND,https://images.zen.com.tn/medias/folder_03_07_2024/8_U2_A0955_64eba7eec5.webp,1 Couleurs,/fr/produit/3344-djellaba,femme
ROBE,89.90 TND,https://images.zen.com.tn/medias/folder_06_07_2024/8_U2_A0969_05703cfd82.webp,2 Couleurs,/fr/produit/3302-robe,femme
PANTALON,69.90 TND,https://images.zen.com.tn/medias/folder_03_07_2024/8_U2_A0285_cd8b00a362.webp,2 Couleurs,/fr/produit/3329-pantalon,femme
COMBINAISON,89.90 TND,https://images.zen.com.tn/medias/folder_04_06_2024/8_U2_A9229_10bf1996f1.webp,2 Couleurs,/fr/produit/2984-combinaison,femme
ROBE,149.90 TND,https://images.zen.com.tn/medias/folder_04_06_2024/8_U2_A9612_eb13467e55.webp,1 Couleurs,/fr/produit/3105-robe,femme
ROBE,89.90 TND,https://images.zen.com.tn/medias/folder_03_07_2024/8_U2_A1128_b2ae31d153.webp,2 Couleurs,/fr/produit/3300-robe,femme
PANTACOURT,29.90 TND,https://images.zen.com.tn/medias/folder_16_07_2024/8_U2_A1701_ca57ed661c.webp,2 Couleurs,/fr/produit/2820-pantacourt,femme
CROP TOP,25.90 TND,https://images.zen.com.tn/medias/folder_27_11_2023/8_U2_A3022_80ac7274a2.webp,5 Couleurs,/fr/produit/1765-crop-top,femme
T SHIRT,29.90 TND,https://images.zen.com.tn/medias/folder_16_07_2024/8_U2_A2366_752067be9c.webp,3 Couleurs,/fr/produit/3238-t-shirt,femme
TOP,29.90 TND,https://images.zen.com.tn/medias/folder_29_07_2024/8_U2_A0678_10b30be3fe.webp,1 Couleurs,/fr/produit/3113-top,femme
ROBE,69.90 TND,https://images.zen.com.tn/medias/folder_04_06_2024/8_U2_A9573_cbb1d75021.webp,2 Couleurs,/fr/produit/3253-robe,femme
ROBE,89.90 TND,https://images.zen.com.tn/medias/folder_04_06_2024/8_U2_A9659_225eb8614a.webp,1 Couleurs,/fr/produit/3176-robe,femme
TOP DÉBARDEUR,20.93 TND  29.90 TND,https://images.zen.com.tn/medias/folder_05_06_2024/8_U2_A9672_1be393c362.webp,4 Couleurs,/fr/produit/2995-top-debardeur,femme
TOP,29.90 TND,https://images.zen.com.tn/medias/folder_05_06_2024/8_U2_A9393_a508a319d5.webp,3 Couleurs,/fr/produit/3068-top,femme
T SHIRT,25.90 TND,https://images.zen.com.tn/medias/folder_05_06_2024/8_U2_A9790_8b5ce14067.webp,6 Couleurs,/fr/produit/3217-t-shirt,femme
T SHIRT,35.90 TND,https://images.zen.com.tn/medias/folder_05_06_2024/8_U2_A9964_42e2b1fe33.webp,4 Couleurs,/fr/produit/3134-t-shirt,femme
SHORT,35.90 TND,https://images.zen.com.tn/medias/folder_05_06_2024/8_U2_A9101_3828bd3dc1.webp,3 Couleurs,/fr/produit/3041-short,femme
JUPE,45.90 TND,https://images.zen.com.tn/medias/folder_04_06_2024/8_U2_A9934_acf361d421.webp,3 Couleurs,/fr/produit/2983-jupe,femme
COMBINAISON,89.90 TND,https://images.zen.com.tn/medias/folder_04_06_2024/8_U2_A9490_e7dc5ef6f6.webp,2 Couleurs,/fr/produit/3082-combinaison,femme
COMBINAISON,89.90 TND,https://images.zen.com.tn/medias/folder_04_06_2024/8_U2_A9378_9fc54de2bc.webp,1 Couleurs,/fr/produit/3000-combinaison,femme
JUPE,49.90 TND,https://images.zen.com.tn/medias/folder_04_06_2024/8_U2_A0941_400b2bc02c.webp,1 Couleurs,/fr/produit/1304-jupe,femme
BLOUSE,45.90 TND,https://images.zen.com.tn/medias/folder_04_06_2024/8_U2_A9290_a860b6b503.webp,3 Couleurs,/fr/produit/3156-blouse,femme
T SHIRT,39.90 TND,https://images.zen.com.tn/medias/folder_09_07_2024/8_U2_A0878_76bb54e7c8.webp,2 Couleurs,/fr/produit/3123-t-shirt,femme
T SHIRT,25.90 TND,https://images.zen.com.tn/medias/folder_05_06_2024/8_U2_A9911_1ee64f8eaa.webp,5 Couleurs,/fr/produit/3089-t-shirt,femme
T SHIRT PYJAMA,35.90 TND,https://images.zen.com.tn/medias/folder_09_07_2024/8_U2_A8885_709e10cdbf.webp,1 Couleurs,/fr/produit/3136-t-shirt-pyjama,femme
COMBINAISON,69.90 TND,https://images.zen.com.tn/medias/folder_04_06_2024/8_U2_A9155_336426b990.webp,3 Couleurs,/fr/produit/3137-combinaison,femme
DJELLABA,89.90 TND,https://images.zen.com.tn/medias/folder_01_06_2024/8_U2_A9263_f5bc2375c6.webp,2 Couleurs,/fr/produit/3178-djellaba,femme
COMBINAISON,99.90 TND,https://images.zen.com.tn/medias/folder_04_06_2024/8_U2_A9323_8a49c55627.webp,3 Couleurs,/fr/produit/3077-combinaison,femme
ROBE,109.90 TND,https://images.zen.com.tn/medias/folder_07_05_2024/8_U2_A2184_7c7b9f4382.webp,1 Couleurs,/fr/produit/2842-robe,femme
LIQUETTE,48.93 TND  69.90 TND,https://images.zen.com.tn/medias/folder_03_06_2024/8_U2_A9693_1a57c223b2.webp,2 Couleurs,/fr/produit/2519-liquette,femme
PANTALON,48.93 TND  69.90 TND,https://images.zen.com.tn/medias/folder_03_06_2024/8_U2_A0131_5756a7e728.webp,2 Couleurs,/fr/produit/3021-pantalon,femme
LIQUETTE,55.93 TND,https://images.zen.com.tn/medias/folder_01_06_2024/8_U2_A0149_26267db01d.webp,2 Couleurs,/fr/produit/3036-liquette,femme
DJELLABA,62.93 TND  89.90 TND,https://images.zen.com.tn/medias/folder_18_03_2024/8_U2_A8578_2820152ed4.webp,1 Couleurs,/fr/produit/2522-djellaba,femme
TOP,25.90 TND,https://images.zen.com.tn/medias/folder_18_03_2024/8_U2_A9114_d69fa4b795.webp,1 Couleurs,/fr/produit/2376-top,femme
TOP,29.90 TND,https://images.zen.com.tn/medias/folder_03_05_2024/8_U2_A2225_ee9b772f26.webp,3 Couleurs,/fr/produit/2858-top,femme
T SHIRT,29.90 TND,https://images.zen.com.tn/medias/folder_28_05_2024/8_U2_A8310_8136cba308.webp,1 Couleurs,/fr/produit/2821-t-shirt,femme
CASQUETTE,29.90 TND,https://images.zen.com.tn/medias/folder_07_05_2024/8_U2_A2129_850cc0d3b6.webp,1 Couleurs,/fr/produit/3049-casquette,femme
JEANS MOM FIT,55.93 TND,https://images.zen.com.tn/medias/folder_07_05_2024/8_U2_A1709_e70a3b232d.webp,1 Couleurs,/fr/produit/2710-jeans-mom-fit,femme
T SHIRT,25.90 TND,https://images.zen.com.tn/medias/folder_09_07_2024/8_U2_A0927_20b46678cc.webp,2 Couleurs,/fr/produit/3088-t-shirt,femme
JEAN,55.93 TND  79.90 TND,https://images.zen.com.tn/medias/folder_15_05_2024/8_U2_A2821_a5d032a47c.webp,2 Couleurs,/fr/produit/2898-jean,femme
COMBINAISON,89.90 TND,https://images.zen.com.tn/medias/folder_04_06_2024/8_U2_A9192_20017d8775.webp,1 Couleurs,/fr/produit/3078-combinaison,femme
GILET,59.90 TND,https://images.zen.com.tn/medias/folder_16_04_2024/8_U2_A9511_d40999898a.webp,1 Couleurs,/fr/produit/2855-gilet,femme
MAILLOT DE BAIN,99.90 TND,https://images.zen.com.tn/medias/folder_14_05_2024/8_U2_A4903_de75a31363.webp,2 Couleurs,/fr/produit/3094-maillot-de-bain,femme
BLOUSE,45.90 TND,https://images.zen.com.tn/medias/folder_15_05_2024/8_U2_A2429_eca157da63.webp,1 Couleurs,/fr/produit/2904-blouse,femme
PANTALON MOM FIT,55.93 TND  79.90 TND,https://images.zen.com.tn/medias/folder_04_06_2024/8_U2_A9964_becc779f65.webp,2 Couleurs,/fr/produit/2974-pantalon-mom-fit,femme
T SHIRT,35.90 TND,https://images.zen.com.tn/medias/folder_26_07_2024/8_U2_A0269_8b205b8aab.webp,1 Couleurs,/fr/produit/2966-t-shirt,femme
T SHIRT,35.90 TND,https://images.zen.com.tn/medias/folder_26_07_2024/8_U2_A0051_04e1eefa10.webp,1 Couleurs,/fr/produit/3013-t-shirt,femme
CHEMISE,49.90 TND,https://images.zen.com.tn/medias/folder_26_07_2024/8_U2_A0237_d78c98fbfb.webp,2 Couleurs,/fr/produit/3037-chemise,femme
TOP,29.90 TND,https://images.zen.com.tn/medias/folder_18_03_2024/8_U2_A9101_4607ab4a05.webp,2 Couleurs,/fr/produit/2459-top,femme
CHEMISE,76.93 TND,https://images.zen.com.tn/medias/folder_25_03_2024/8_U2_A9763_538f340dc4.webp,1 Couleurs,/fr/produit/2321-chemise,femme
CHAPEAU,49.90 TND,https://images.zen.com.tn/medias/fx_folder_03_05_2024/8_U2_A7602_f83d7dffef.webp,1 Couleurs,/fr/produit/2919-chapeau,femme
LEGGING,41.93 TND  59.90 TND,https://images.zen.com.tn/medias/folder_08_05_2024/8_U2_A2269_75e834ccab.webp,1 Couleurs,/fr/produit/2893-legging,femme
ROBE,99.90 TND,https://images.zen.com.tn/medias/folder_08_05_2024/8_U2_A2522_d310450921.webp,1 Couleurs,/fr/produit/2769-robe,femme
ROBE,119.90 TND,https://images.zen.com.tn/medias/folder_08_05_2024/8_U2_A1884_9a50d6f450.webp,2 Couleurs,/fr/produit/2657-robe,femme
PANTALON LARGE FLUIDE,69.90 TND,https://images.zen.com.tn/medias/folder_08_05_2024/8_U2_A2870_b2fad587f6.webp,2 Couleurs,/fr/produit/2614-pantalon-large-fluide,femme
ROBE,59.90 TND,https://images.zen.com.tn/medias/folder_04_06_2024/8_U2_A9432_51b1701741.webp,1 Couleurs,/fr/produit/2951-robe,femme
PANTALON FLUIDE,48.93 TND  69.90 TND,https://images.zen.com.tn/medias/folder_02_05_2024/8_U2_A2600_bca678e832.webp,3 Couleurs,/fr/produit/2905-pantalon-fluide,femme
CHEMISE,55.93 TND  79.90 TND,https://images.zen.com.tn/medias/folder_03_05_2024/8_U2_A2998_b0113eee5a.webp,1 Couleurs,/fr/produit/2830-chemise,femme
ROBE LONGUE,59.90 TND,https://images.zen.com.tn/medias/folder_02_05_2024/8_U2_A2392_c0439925a5.webp,2 Couleurs,/fr/produit/2906-robe-longue,femme
T SHIRT,45.90 TND,https://images.zen.com.tn/medias/folder_07_05_2024/8_U2_A1782_d9d567c19f.webp,1 Couleurs,/fr/produit/2698-t-shirt,femme
T SHIRT,29.90 TND,https://images.zen.com.tn/medias/folder_07_05_2024/8_U2_A1947_1bc6775f8b.webp,2 Couleurs,/fr/produit/2741-t-shirt,femme
JEAN CARGO,62.93 TND,https://images.zen.com.tn/medias/folder_07_05_2024/8_U2_A2111_17c34cc845.webp,1 Couleurs,/fr/produit/2838-jean-cargo,femme
T SHIRT,35.90 TND,https://images.zen.com.tn/medias/folder_09_07_2024/8_U2_A9001_4147fee69d.webp,2 Couleurs,/fr/produit/2946-t-shirt,femme
ROBE,69.90 TND,https://images.zen.com.tn/medias/folder_22_01_2024/8_U2_A8930_8e25dcefb2.webp,1 Couleurs,/fr/produit/1205-robe,femme
VESTE,76.93 TND,https://images.zen.com.tn/medias/folder_12_02_2024/8_U2_A1717_085075a431.webp,2 Couleurs,/fr/produit/2255-veste,femme
LIQUETTE FEMME,62.93 TND  89.90 TND,https://images.zen.com.tn/medias/folder_15_11_2023/8_U2_A1947_e924e21112.webp,1 Couleurs,/fr/produit/1672-liquette-femme,femme
TOP,25.90 TND,https://images.zen.com.tn/medias/folder_07_05_2024/8_U2_A2543_a2197111d8.webp,4 Couleurs,/fr/produit/2461-top,femme
ROBE,89.90 TND,https://images.zen.com.tn/medias/folder_19_03_2024/8_U2_A8616_f2e5dda3ec.webp,4 Couleurs,/fr/produit/2558-robe,femme
BUSTIER,15.90 TND,https://images.zen.com.tn/medias/folder_20_01_2024/8_U2_A8855_c944690180.webp,1 Couleurs,/fr/produit/1790-bustier,femme
T SHIRT,45.90 TND,https://images.zen.com.tn/medias/folder_14_02_2024/8_U2_A1837_68ed495eab.webp,1 Couleurs,/fr/produit/2350-t-shirt,femme
T SHIRT,39.90 TND,https://images.zen.com.tn/medias/folder_07_05_2024/8_U2_A1747_57f7552915.webp,2 Couleurs,/fr/produit/2697-t-shirt,femme
T SHIRT,29.90 TND,https://images.zen.com.tn/medias/folder_18_03_2024/8_U2_A9303_e536d0a3de.webp,3 Couleurs,/fr/produit/2529-t-shirt,femme
JEAN SLIM MOM FIT,48.93 TND  69.90 TND,https://images.zen.com.tn/medias/folder_02_08_2024/8_U2_A0269_03a798f01a.webp,2 Couleurs,/fr/produit/2784-jean-slim-mom-fit,femme
PANTALON SKINNY,48.93 TND,https://images.zen.com.tn/medias/folder_17_05_2024/8_U2_A2077_aad196595a.webp,2 Couleurs,/fr/produit/2707-pantalon-skinny,femme
ROBE,76.93 TND  109.90 TND,https://images.zen.com.tn/medias/folder_04_06_2024/8_U2_A9897_cc4af34dd3.webp,1 Couleurs,/fr/produit/2720-robe,femme
ROBE,49.90 TND,https://images.zen.com.tn/medias/folder_19_03_2024/8_U2_A8528_46c61eaca7.webp,2 Couleurs,/fr/produit/2213-robe,femme
PANTALON,79.90 TND,https://images.zen.com.tn/medias/folder_07_02_2024/8_U2_A9115_b535c87003.webp,2 Couleurs,/fr/produit/2108-pantalon,femme
ROBE,69.90 TND,https://images.zen.com.tn/medias/folder_18_03_2024/8_U2_A8653_e5aa1faddc.webp,4 Couleurs,/fr/produit/1442-robe,femme
CHEMISE,48.93 TND  69.90 TND,https://images.zen.com.tn/medias/folder_08_05_2024/8_U2_A2897_51ab8d1148.webp,2 Couleurs,/fr/produit/2693-chemise,femme
GILET,89.90 TND,https://images.zen.com.tn/medias/folder_16_03_2024/8_U2_A9995_e2f986d608.webp,3 Couleurs,/fr/produit/2666-gilet,femme
PANTALON FLARE,62.93 TND  89.90 TND,https://images.zen.com.tn/medias/folder_17_05_2024/8_U2_A1854_b96f04db9c.webp,1 Couleurs,/fr/produit/2682-pantalon-flare,femme
T SHIRT,25.90 TND,https://images.zen.com.tn/medias/folder_18_03_2024/8_U2_A9360_921358013f.webp,4 Couleurs,/fr/produit/2528-t-shirt,femme
T SHIRT,29.90 TND,https://images.zen.com.tn/medias/folder_07_05_2024/8_U2_A1977_e8f5455d14.webp,4 Couleurs,/fr/produit/2626-t-shirt,femme
PANTALON,48.93 TND  69.90 TND,https://images.zen.com.tn/medias/folder_07_05_2024/8_U2_A1992_6b4cad2236.webp,3 Couleurs,/fr/produit/2675-pantalon,femme
T SHIRT,25.90 TND,https://images.zen.com.tn/medias/folder_25_03_2024/8_U2_A9580_2fe6e3650b.webp,3 Couleurs,/fr/produit/2568-t-shirt,femme
ROBE,89.90 TND,https://images.zen.com.tn/medias/folder_20_01_2024/8_U2_A8963_989ede29c9.webp,3 Couleurs,/fr/produit/2124-robe,femme
T SHIRT,35.90 TND,https://images.zen.com.tn/medias/folder_22_01_2024/8_U2_A8455_225246a83e.webp,3 Couleurs,/fr/produit/2123-t-shirt,femme
GILET,99.90 TND,https://images.zen.com.tn/medias/folder_20_01_2024/8_U2_A8873_12d30ebc88.webp,2 Couleurs,/fr/produit/2011-gilet,femme
PANTALON MOM,48.93 TND,https://images.zen.com.tn/medias/folder_13_02_2024/8_U2_A1854_1857951d3e.webp,1 Couleurs,/fr/produit/2317-pantalon-mom,femme
MULE,79.90 TND,https://images.zen.com.tn/medias/folder_22_02_2024/8_U2_A5933_f094e8a722.webp,1 Couleurs,/fr/produit/2534-mule,femme
ROBE,83.93 TND  119.90 TND,https://images.zen.com.tn/medias/folder_01_02_2024/8_U2_A2582_5918dc71cb.webp,3 Couleurs,/fr/produit/1282-robe,femme
T SHIRT,35.90 TND,https://images.zen.com.tn/medias/folder_07_05_2024/8_U2_A2077_2e1842898b.webp,3 Couleurs,/fr/produit/2610-t-shirt,femme
CHEMISE,53.13 TND  75.90 TND,https://images.zen.com.tn/medias/folder_18_03_2024/8_U2_A8633_97ff3724d3.webp,2 Couleurs,/fr/produit/2450-chemise,femme
CHEMISE,69.93 TND  99.90 TND,https://images.zen.com.tn/medias/folder_25_03_2024/8_U2_A9556_2dfac4d787.webp,2 Couleurs,/fr/produit/2313-chemise,femme
CHEMISE,48.93 TND,https://images.zen.com.tn/medias/folder_13_02_2024/8_U2_A1823_e464f6d38b.webp,2 Couleurs,/fr/produit/2398-chemise,femme
PANTALON,62.93 TND  89.90 TND,https://images.zen.com.tn/medias/folder_13_02_2024/8_U2_A2124_64fec91740.webp,2 Couleurs,/fr/produit/2358-pantalon,femme
PANTALON,48.93 TND  69.90 TND,https://images.zen.com.tn/medias/folder_18_03_2024/8_U2_A9309_bb3bf3413c.webp,4 Couleurs,/fr/produit/2490-pantalon,femme
ROBE,69.93 TND,https://images.zen.com.tn/medias/folder_19_03_2024/8_U2_A9001_fd002ace4b.webp,2 Couleurs,/fr/produit/2360-robe,femme
PULL PYJAMA,27.93 TND  39.90 TND,https://images.zen.com.tn/medias/folder_15_11_2023/8_U2_A2016_797bfea356.webp,1 Couleurs,/fr/produit/1677-pull-pyjama,femme
LIQUETTE,79.90 TND,https://images.zen.com.tn/medias/folder_02_02_2024/8_U2_A2268_f754976c9e.webp,2 Couleurs,/fr/produit/1538-liquette,femme
TOP,39.90 TND,https://images.zen.com.tn/medias/folder_12_02_2024/8_U2_A1972_f0175f734a.webp,5 Couleurs,/fr/produit/2375-top,femme
CHAUSSETTES,5.90 TND,https://images.zen.com.tn/medias/folder_02_03_2024/8_U2_A0223_14a6786c53.webp,1 Couleurs,/fr/produit/2500-chaussettes,femme
CASQUETTE,29.90 TND,https://images.zen.com.tn/medias/folder_14_03_2024/1_S9_A7987_be023d3848.webp,2 Couleurs,/fr/produit/2482-casquette,femme
T SHIRT MANCHE,25.13 TND,https://images.zen.com.tn/medias/folder_12_02_2024/8_U2_A1679_9c0e7f1632.webp,3 Couleurs,/fr/produit/2227-t-shirt-manche,femme
GILET,99.90 TND,https://images.zen.com.tn/medias/folder_22_01_2024/8_U2_A9324_a493d25b55.webp,2 Couleurs,/fr/produit/2109-gilet,femme
ROBE,109.90 TND,https://images.zen.com.tn/medias/folder_01_02_2024/8_U2_A2459_5ba38cd2c8.webp,2 Couleurs,/fr/produit/1933-robe,femme
LIQUETTE,62.93 TND,https://images.zen.com.tn/medias/folder_02_02_2024/8_U2_A2388_cd600624a8.webp,2 Couleurs,/fr/produit/2033-liquette,femme
ROBE CHEMISE LONGUE,129.90 TND,https://images.zen.com.tn/medias/folder_01_02_2024/8_U2_A2123_7e75dc5039.webp,3 Couleurs,/fr/produit/1746-robe-chemise-longue,femme
PANTALON,55.93 TND  79.90 TND,https://images.zen.com.tn/medias/folder_13_02_2024/8_U2_A1619_77db1b3ffa.webp,2 Couleurs,/fr/produit/2219-pantalon,femme
CHEMISE,62.93 TND,https://images.zen.com.tn/medias/folder_01_02_2024/8_U2_A2490_72c3823a32.webp,2 Couleurs,/fr/produit/2231-chemise,femme
JEAN SKINNY,55.93 TND  79.90 TND,https://images.zen.com.tn/medias/folder_07_02_2024/8_U2_A9299_cdf91266db.webp,2 Couleurs,/fr/produit/2041-jean-skinny,femme
PULL OVER,41.93 TND  59.90 TND,https://images.zen.com.tn/medias/folder_12_02_2024/8_U2_A1626_8f0c0bbc03.webp,2 Couleurs,/fr/produit/2200-pull-over,femme
T-SHIRT,41.93 TND,https://images.zen.com.tn/medias/folder_12_02_2024/8_U2_A1920_017dedba3a.webp,4 Couleurs,/fr/produit/2243-t-shirt,femme
CHEMISE,99.90 TND,https://images.zen.com.tn/medias/folder_01_02_2024/8_U2_A2358_5b0d610813.webp,2 Couleurs,/fr/produit/2044-chemise,femme
CHEMISE IMPRIMÉE,99.90 TND,https://images.zen.com.tn/medias/folder_18_11_2023/8_U2_A2503_44890d5756.webp,3 Couleurs,/fr/produit/1699-chemise-imprimee,femme
PANTALON,48.93 TND,https://images.zen.com.tn/medias/folder_22_01_2024/8_U2_A9511_770b92fb91.webp,2 Couleurs,/fr/produit/2137-pantalon,femme
CHEMISE,41.93 TND  59.90 TND,https://images.zen.com.tn/medias/folder_22_01_2024/8_U2_A8802_bec0c072af.webp,1 Couleurs,/fr/produit/2074-chemise,femme
GILET,48.93 TND  69.90 TND,https://images.zen.com.tn/medias/folder_20_01_2024/8_U2_A9257_b029b618bc.webp,3 Couleurs,/fr/produit/1904-gilet,femme
JEAN SKINNY,55.93 TND,https://images.zen.com.tn/medias/folder_22_01_2024/8_U2_A9393_d6f0f484d9.webp,2 Couleurs,/fr/produit/1983-jean-skinny,femme
VESTE,76.93 TND  109.90 TND,https://images.zen.com.tn/medias/folder_22_01_2024/8_U2_A9380_b54203748d.webp,1 Couleurs,/fr/produit/2054-veste,femme
PANTALON,69.93 TND  99.90 TND,https://images.zen.com.tn/medias/folder_22_01_2024/8_U2_A8356_6b66942351.webp,2 Couleurs,/fr/produit/2121-pantalon,femme
PULL,27.93 TND,https://images.zen.com.tn/medias/folder_25_01_2024/8_U2_A8763_17444459d0.webp,4 Couleurs,/fr/produit/2188-pull,femme
JOGGER,48.93 TND  69.90 TND,https://images.zen.com.tn/medias/folder_22_01_2024/8_U2_A8786_97b3f273f2.webp,1 Couleurs,/fr/produit/1998-jogger,femme
TUNIQUE,39.13 TND  55.90 TND,https://images.zen.com.tn/medias/folder_20_01_2024/8_U2_A9191_f82679c47f.webp,2 Couleurs,/fr/produit/1980-tunique,femme
PULL,39.13 TND,https://images.zen.com.tn/medias/folder_12_12_2023/8_U2_A0704_3ed5296477.webp,4 Couleurs,/fr/produit/1925-pull,femme
GILET,48.93 TND  69.90 TND,https://images.zen.com.tn/medias/folder_12_12_2023/8_U2_A1379_18e46c8920.webp,1 Couleurs,/fr/produit/1900-gilet,femme
CROP TOP À FRONCES FEMME,25.13 TND  35.90 TND,https://images.zen.com.tn/medias/folder_07_11_2023/8_U2_A8142_d26e6aef52.webp,4 Couleurs,/fr/produit/1631-crop-top-a-fronces-femme,femme
PANTALON CARGO LARGE FEMME,48.93 TND,https://images.zen.com.tn/medias/folder_07_11_2023/8_U2_A8634_da4322be05.webp,1 Couleurs,/fr/produit/1620-pantalon-cargo-large-femme,femme
PULL BASIQUE DEMI MANCHES,32.13 TND  45.90 TND,https://images.zen.com.tn/medias/folder_17_11_2023/8_U2_A2872_eb63340a81.webp,4 Couleurs,/fr/produit/1796-pull-basique-demi-manches,femme
JEAN SKINNY,69.90 TND,https://images.zen.com.tn/medias/folder_03_10_2023/8_U2_A1000_2908f1c1aa.webp,2 Couleurs,/fr/produit/1536-jean-skinny,femme
PULL EN MAILLE,59.90 TND,https://images.zen.com.tn/medias/folder_02_10_2023/8_U2_A0658_6031debc81.webp,2 Couleurs,/fr/produit/1540-pull-en-maille,femme
SWEAT SHIRT,39.13 TND  55.90 TND,https://images.zen.com.tn/medias/folder_29_09_2023/8_U2_A7134_bea972b518.webp,1 Couleurs,/fr/produit/1431-sweat-shirt,femme
COMBINAISON,119.90 TND,https://images.zen.com.tn/medias/folder_26_08_2023/8_U2_A8259_45a9604db7.webp,1 Couleurs,/fr/produit/1343-combinaison,femme
ROBE,79.90 TND,https://images.zen.com.tn/medias/folder_12_08_2023/8_U2_A4935_d3a54da636.webp,1 Couleurs,/fr/produit/1265-robe,femme
CHAUSSETTES,5.90 TND,https://images.zen.com.tn/medias/folder_02_09_2023/8_U2_A0205_746f7ffd77.webp,2 Couleurs,/fr/produit/1390-chaussettes,femme
,,No image available,,,femme
,,No image available,,,femme
,,No image available,,,homme
,,No image available,,,homme
,,No image available,,,homme
,,No image available,,,homme
,,No image available,,,homme
,,No image available,,,homme
PANTALON,79.90 TND,https://images.zen.com.tn/uploads/8_U2_A1264_8f49ccfd83.JPG,1 Couleurs,/fr/produit/5072-pantalon,homme
PANTALON,79.90 TND,https://images.zen.com.tn/uploads/8_U2_A1264_8f49ccfd83.JPG,1 Couleurs,/fr/produit/5072-pantalon,homme
PANTALON,79.90 TND,https://images.zen.com.tn/uploads/8_U2_A1218_bbe6c134f4.JPG,3 Couleurs,/fr/produit/5066-pantalon,homme
BERMUDA,49.90 TND,https://images.zen.com.tn/uploads/8_U2_A9758_cad1fad884.JPG,3 Couleurs,/fr/produit/5015-bermuda,homme
CHEMISE,65.90 TND,https://images.zen.com.tn/uploads/8_U2_A1034_87804e6c64.JPG,1 Couleurs,/fr/produit/5069-chemise,homme
SHORT,69.90 TND,https://images.zen.com.tn/uploads/8_U2_A0262_e5cb1fe9ba.JPG,1 Couleurs,/fr/produit/5028-short,homme
CHEMISE,79.90 TND,https://images.zen.com.tn/uploads/8_U2_A1058_bb28c98af8.JPG,1 Couleurs,/fr/produit/5070-chemise,homme
PULL OVER,59.90 TND,https://images.zen.com.tn/uploads/8_U2_A0728_b99eeb4677.JPG,2 Couleurs,/fr/produit/5045-pull-over,homme
T-SHIRT,35.90 TND,https://images.zen.com.tn/uploads/8_U2_A0032_0809aa76b4.JPG,3 Couleurs,/fr/produit/4603-t-shirt,homme
VESTE,83.93 TND,https://images.zen.com.tn/uploads/8_U2_A8331_a1c3800d5c.jpg,2 Couleurs,/fr/produit/4596-veste,homme
POLO,34.93 TND  49.90 TND,https://images.zen.com.tn/uploads/8_U2_A1339_e3ae0c4865.jpg,1 Couleurs,/fr/produit/4689-polo,homme
SHORT,45.90 TND,https://images.zen.com.tn/uploads/8_U2_A0304_b1f6549aae.JPG,3 Couleurs,/fr/produit/5054-short,homme
T SHIRT,45.90 TND,https://images.zen.com.tn/uploads/8_U2_A0622_696ca80a5b.JPG,3 Couleurs,/fr/produit/5053-t-shirt,homme
CHEMISE,69.90 TND,https://images.zen.com.tn/medias/fx_folder_31_08_2024/8_U2_A6454_fbfa919634.webp,1 Couleurs,/fr/produit/3479-chemise,homme
CHEMISE,69.90 TND,https://images.zen.com.tn/medias/fx_folder_31_08_2024/8_U2_A6426_02e2f5244b.webp,1 Couleurs,/fr/produit/3481-chemise,homme
CHEMISE,69.90 TND,https://images.zen.com.tn/medias/folder_15_11_2024/8_U2_A0401_12f3310495.webp,1 Couleurs,/fr/produit/4036-chemise,homme
SHORT,69.90 TND,https://images.zen.com.tn/medias/fx_folder_31_08_2024/8_U2_A5635_77fd30df7c.webp,4 Couleurs,/fr/produit/3540-short,homme
SHORT,69.90 TND,https://images.zen.com.tn/medias/fx_folder_31_08_2024/8_U2_A5717_6e60ef0b3e.webp,3 Couleurs,/fr/produit/3524-short,homme
BERMUDA,45.90 TND,https://images.zen.com.tn/uploads/8_U2_A0331_c174cad9b8.JPG,2 Couleurs,/fr/produit/5050-bermuda,homme
T SHIRT,49.90 TND,https://images.zen.com.tn/uploads/8_U2_A0603_2da533d6cc.JPG,2 Couleurs,/fr/produit/5049-t-shirt,homme
BODY,39.90 TND,https://images.zen.com.tn/uploads/8_U2_A0588_47dc2907ad.jpg,2 Couleurs,/fr/produit/4922-body,homme
BODY,39.90 TND,https://images.zen.com.tn/uploads/8_U2_A0769_0b8ee9d4ec.jpg,4 Couleurs,/fr/produit/4923-body,homme
CHEMISE,65.90 TND,https://images.zen.com.tn/uploads/8_U2_A9792_7e8588b70f.JPG,1 Couleurs,/fr/produit/4397-chemise,homme
T SHIRT,39.90 TND,https://images.zen.com.tn/uploads/8_U2_A9546_2f09d97c16.JPG,2 Couleurs,/fr/produit/4984-t-shirt,homme
T SHIRT,39.90 TND,https://images.zen.com.tn/uploads/8_U2_A0646_32474dcd69.JPG,1 Couleurs,/fr/produit/5036-t-shirt,homme
T SHIRT,39.90 TND,https://images.zen.com.tn/uploads/8_U2_A9866_b4cee8d10d.jpg,1 Couleurs,/fr/produit/4952-t-shirt,homme
JEAN COMFORT SLIM,79.90 TND,https://images.zen.com.tn/uploads/8_U2_A0234_3341aa03a5.JPG,2 Couleurs,/fr/produit/5046-jean-comfort-slim,homme
T SHIRT,35.90 TND,https://images.zen.com.tn/uploads/8_U2_A8133_fdcf9d95cb.jpg,4 Couleurs,/fr/produit/4667-t-shirt,homme
CHEMISE,69.90 TND,https://images.zen.com.tn/uploads/8_U2_A0649_2936e2945a.jpg,1 Couleurs,/fr/produit/5006-chemise,homme
T SHIRT,35.90 TND,https://images.zen.com.tn/uploads/8_U2_A9960_bd8d61a00a.jpg,2 Couleurs,/fr/produit/3578-t-shirt,homme
BERMUDA,45.90 TND,https://images.zen.com.tn/uploads/8_U2_A9964_a5e43618eb.jpg,2 Couleurs,/fr/produit/3579-bermuda,homme
CHEMISE,79.90 TND,https://images.zen.com.tn/medias/fx_folder_31_08_2024/8_U2_A6994_de994ab09d.webp,1 Couleurs,/fr/produit/3541-chemise,homme
CHEMISE,79.90 TND,https://images.zen.com.tn/medias/folder_25_09_2024/8_U2_A0748_4b733581ab.webp,5 Couleurs,/fr/produit/3628-chemise,homme
CHEMISE,69.90 TND,https://images.zen.com.tn/uploads/8_U2_A1421_9f12897257.jpg,3 Couleurs,/fr/produit/4885-chemise,homme
T SHIRT,39.90 TND,https://images.zen.com.tn/uploads/8_U2_A7944_ee18a777d0.jpg,2 Couleurs,/fr/produit/4716-t-shirt,homme
T SHIRT,45.90 TND,https://images.zen.com.tn/uploads/8_U2_A9853_03d2c923bd.jpg,2 Couleurs,/fr/produit/5002-t-shirt,homme
T SHIRT,45.90 TND,https://images.zen.com.tn/uploads/8_U2_A0104_b334450d22.jpg,3 Couleurs,/fr/produit/4895-t-shirt,homme
BODY,39.90 TND,https://images.zen.com.tn/uploads/8_U2_A9226_8dfd69e277.JPG,3 Couleurs,/fr/produit/4735-body,homme
BODY,39.90 TND,https://images.zen.com.tn/uploads/8_U2_A9268_4febd10ab2.JPG,3 Couleurs,/fr/produit/4710-body,homme
CEINTURE,49.90 TND,https://images.zen.com.tn/uploads/8_U2_A8557_09f6e9a97c.JPG,2 Couleurs,/fr/produit/4968-ceinture,homme
CEINTURE,49.90 TND,https://images.zen.com.tn/uploads/8_U2_A8573_aab76e1ded.JPG,1 Couleurs,/fr/produit/4967-ceinture,homme
POLO,34.93 TND  49.90 TND,https://images.zen.com.tn/uploads/8_U2_A0929_3659baa5ca.jpg,3 Couleurs,/fr/produit/4688-polo,homme
T SHIRT,39.90 TND,https://images.zen.com.tn/uploads/8_U2_A0665_b49e146596.jpg,1 Couleurs,/fr/produit/4945-t-shirt,homme
T SHIRT,45.90 TND,https://images.zen.com.tn/uploads/8_U2_A9667_0849571910.JPG,3 Couleurs,/fr/produit/4963-t-shirt,homme
T SHIRT,45.90 TND,https://images.zen.com.tn/uploads/8_U2_A0061_19a6ea9dae.jpg,3 Couleurs,/fr/produit/4951-t-shirt,homme
T SHIRT,39.90 TND,https://images.zen.com.tn/uploads/8_U2_A9475_18e260550b.JPG,3 Couleurs,/fr/produit/4949-t-shirt,homme
BERMUDA,45.90 TND,https://images.zen.com.tn/uploads/8_U2_A0352_0425ede0f2.jpg,3 Couleurs,/fr/produit/4925-bermuda,homme
T SHIRT,39.90 TND,https://images.zen.com.tn/uploads/8_U2_A0352_b96065d13d.jpg,3 Couleurs,/fr/produit/4924-t-shirt,homme
CHEMISE,69.90 TND,https://images.zen.com.tn/medias/folder_09_07_2024/8_U2_A1082_187187803e.webp,1 Couleurs,/fr/produit/3355-chemise,homme
CHEMISE,89.90 TND,https://images.zen.com.tn/uploads/8_U2_A1484_0509bad1d0.jpg,4 Couleurs,/fr/produit/4361-chemise,homme
PULL,20.93 TND  29.90 TND,https://images.zen.com.tn/uploads/8_U2_A8575_2e0f01188c.jpg,2 Couleurs,/fr/produit/3889-pull,homme
JEAN BOB,79.90 TND,https://images.zen.com.tn/uploads/8_U2_A0755_ab0aa74fc2.jpg,1 Couleurs,/fr/produit/4920-jean-bob,homme
T SHIRT,39.90 TND,https://images.zen.com.tn/uploads/8_U2_A8741_f854d46a8c.jpg,2 Couleurs,/fr/produit/4433-t-shirt,homme
PANTALON STRAIGHT,62.93 TND  89.90 TND,https://images.zen.com.tn/uploads/8_U2_A0929_f8d428e992.jpg,2 Couleurs,/fr/produit/4763-pantalon-straight,homme
CHEMISE,69.90 TND,https://images.zen.com.tn/medias/fx_folder_31_08_2024/8_U2_A6623_90c665ff31.webp,2 Couleurs,/fr/produit/3534-chemise,homme
CHEMISE,79.90 TND,https://images.zen.com.tn/medias/folder_30_07_2024/8_U2_A9187_dbc90b02d3.webp,2 Couleurs,/fr/produit/3455-chemise,homme
CHEMISE,79.90 TND,https://images.zen.com.tn/medias/images/8U2A9770.webp,5 Couleurs,/fr/produit/3574-chemise,homme
VESTE DE COSTUME,209.90 TND,https://images.zen.com.tn/uploads/BLEU_MARINE_6_406882e692.jpg,5 Couleurs,/fr/produit/4585-veste-de-costume,homme
T-SHIRT,35.90 TND,https://images.zen.com.tn/uploads/8_U2_A0179_ffd243db7c.jpg,3 Couleurs,/fr/produit/4355-t-shirt,homme
PANTALON DE COSTUME,79.90 TND,https://images.zen.com.tn/uploads/8_U2_A1578_26de6e9369.jpg,5 Couleurs,/fr/produit/4586-pantalon-de-costume,homme
CHEMISE,48.93 TND,https://images.zen.com.tn/medias/fx_folder_31_08_2024/8_U2_A6951_eb75e31bc2.webp,1 Couleurs,/fr/produit/3512-chemise,homme
CHEMISE,48.93 TND  69.90 TND,https://images.zen.com.tn/medias/folder_31_07_2024/8_U2_A2028_518de5b531.webp,1 Couleurs,/fr/produit/3511-chemise,homme
BASKET,129.90 TND,https://images.zen.com.tn/uploads/8_U2_A0914_60e6bc82b9.JPG,2 Couleurs,/fr/produit/4801-basket,homme
VESTE,90.93 TND,https://images.zen.com.tn/uploads/8_U2_A9759_89286fdc19.jpg,2 Couleurs,/fr/produit/4477-veste,homme
BASKET,129.90 TND,https://images.zen.com.tn/uploads/8_U2_A0959_aed5cfc82f.JPG,2 Couleurs,/fr/produit/4802-basket,homme
BASKET,119.90 TND,https://images.zen.com.tn/uploads/8_U2_A4481_a21e47af52.JPG,2 Couleurs,/fr/produit/4908-basket,homme
POLO,34.93 TND,https://images.zen.com.tn/uploads/8_U2_A1236_42f9d4e729.jpg,1 Couleurs,/fr/produit/4765-polo,homme
JEAN BOB,79.90 TND,https://images.zen.com.tn/uploads/8_U2_A8693_23be83a52a.jpg,1 Couleurs,/fr/produit/4692-jean-bob,homme
T SHIRT,49.90 TND,https://images.zen.com.tn/uploads/8_U2_A8236_de0b5d07f0.jpg,1 Couleurs,/fr/produit/4388-t-shirt,homme
T SHIRT,39.90 TND,https://images.zen.com.tn/uploads/8_U2_A7929_c704e22c85.jpg,1 Couleurs,/fr/produit/4420-t-shirt,homme
CHEMISE,69.90 TND,https://images.zen.com.tn/uploads/8_U2_A8195_962b0ddbff.jpg,1 Couleurs,/fr/produit/4234-chemise,homme
PANTALON,62.93 TND  89.90 TND,https://images.zen.com.tn/uploads/8_U2_A1339_e1becbd3a5.jpg,3 Couleurs,/fr/produit/4512-pantalon,homme
JEAN STRAIGHT FIT,89.90 TND,https://images.zen.com.tn/uploads/8_U2_A4331_518690e952.JPG,1 Couleurs,/fr/produit/4459-jean-straight-fit,homme
JEAN LOOSE FIT,79.90 TND,https://images.zen.com.tn/uploads/jeans_2_58d7d6d0d4.jpg,1 Couleurs,/fr/produit/4693-jean-loose-fit,homme
T SHIRT,39.90 TND,https://images.zen.com.tn/uploads/8_U2_A7898_fa55e57a74.jpg,2 Couleurs,/fr/produit/4668-t-shirt,homme
JEAN,79.90 TND,https://images.zen.com.tn/uploads/8_U2_A8005_6976e7ef87.jpg,1 Couleurs,/fr/produit/4643-jean,homme
VESTE,83.93 TND  119.90 TND,https://images.zen.com.tn/uploads/8_U2_A8541_414d56150d.jpg,1 Couleurs,/fr/produit/4639-veste,homme
T SHIRT,34.93 TND  49.90 TND,https://images.zen.com.tn/uploads/8_U2_A8223_da2eabc686.jpg,1 Couleurs,/fr/produit/4466-t-shirt,homme
T SHIRT MANCHES LONGUES,20.93 TND,https://images.zen.com.tn/uploads/8_U2_A0157_260b64d4b4.jpg,3 Couleurs,/fr/produit/4479-t-shirt-manches-longues,homme
T SHIRT,35.90 TND,https://images.zen.com.tn/uploads/8_U2_A8094_07c45ce35f.jpg,6 Couleurs,/fr/produit/4532-t-shirt,homme
JEAN SLIM FIT,89.90 TND,https://images.zen.com.tn/uploads/8_U2_A0107_29e8a60b53.jpg,1 Couleurs,/fr/produit/4593-jean-slim-fit,homme
PANTALON,55.93 TND,https://images.zen.com.tn/uploads/8_U2_A0014_c7c47c5219.jpg,2 Couleurs,/fr/produit/4545-pantalon,homme
CHEMISE,48.93 TND  69.90 TND,https://images.zen.com.tn/uploads/8_U2_A8387_3ae77ff170.jpg,3 Couleurs,/fr/produit/4127-chemise,homme
CHEMISE,41.93 TND  59.90 TND,https://images.zen.com.tn/uploads/8_U2_A8163_93f927e55d.jpg,5 Couleurs,/fr/produit/4187-chemise,homme
CHEMISE,48.93 TND,https://images.zen.com.tn/uploads/8_U2_A8240_423d06734d.jpg,1 Couleurs,/fr/produit/4186-chemise,homme
CHEMISE,62.93 TND  89.90 TND,https://images.zen.com.tn/uploads/8_U2_A8889_617f0d3f75.jpg,3 Couleurs,/fr/produit/4537-chemise,homme
BASKET,76.93 TND  109.90 TND,https://images.zen.com.tn/medias/folder_04_10_2024/8_U2_A4356_d8dd3611c6.webp,2 Couleurs,/fr/produit/3881-basket,homme
JEAN BAGGY,55.93 TND,https://images.zen.com.tn/uploads/8_U2_A8148_c11c7d40bd.jpg,1 Couleurs,/fr/produit/4513-jean-baggy,homme
PANTALON,46.13 TND  65.90 TND,https://images.zen.com.tn/uploads/8_U2_A3416_2daf4359a9.JPG,3 Couleurs,/fr/produit/4538-pantalon,homme
T SHIRT,45.90 TND,https://images.zen.com.tn/uploads/8_U2_A8362_749fc07e37.jpg,1 Couleurs,/fr/produit/4387-t-shirt,homme
SWEAT SHIRT,49.90 TND,https://images.zen.com.tn/uploads/8_U2_A9346_b6a9f6dbe8.jpg,1 Couleurs,/fr/produit/4442-sweat-shirt,homme
PANTALON,62.93 TND  89.90 TND,https://images.zen.com.tn/uploads/8_U2_A7756_f59312599a.JPG,2 Couleurs,/fr/produit/4427-pantalon,homme
PANTALON,62.93 TND  89.90 TND,https://images.zen.com.tn/uploads/8_U2_A0208_26a926518b.JPG,3 Couleurs,/fr/produit/4214-pantalon,homme
CHEMISE,48.93 TND,https://images.zen.com.tn/uploads/8_U2_A8361_46a41fb1cd.jpg,1 Couleurs,/fr/produit/4233-chemise,homme
T SHIRT,39.90 TND,https://images.zen.com.tn/uploads/8_U2_A0188_b16412f8cc.jpg,4 Couleurs,/fr/produit/4443-t-shirt,homme
PULL,20.93 TND  29.90 TND,https://images.zen.com.tn/uploads/8_U2_A1162_4490663f26.jpg,2 Couleurs,/fr/produit/4444-pull,homme
PULL,32.13 TND,https://images.zen.com.tn/uploads/8_U2_A0156_636c8e64d5.jpg,1 Couleurs,/fr/produit/4358-pull,homme
CHEMISE,48.93 TND  69.90 TND,https://images.zen.com.tn/uploads/8_U2_A9189_2c65b95095.jpg,1 Couleurs,/fr/produit/4343-chemise,homme
CHEMISE,69.90 TND,https://images.zen.com.tn/uploads/8_U2_A9784_840f43b2de.JPG,1 Couleurs,/fr/produit/4398-chemise,homme
CHEMISE,62.93 TND,https://images.zen.com.tn/uploads/8_U2_A8941_1f0128793b.jpg,3 Couleurs,/fr/produit/4445-chemise,homme
PANTALON,46.13 TND  65.90 TND,https://images.zen.com.tn/uploads/8_U2_A9923_489205280e_1_c506c777f4.jfif,2 Couleurs,/fr/produit/4434-pantalon,homme
POLO,55.93 TND  79.90 TND,https://images.zen.com.tn/uploads/8_U2_A9236_73b10401ca.jpg,5 Couleurs,/fr/produit/4368-polo,homme
SWEAT SHIRT,69.90 TND,https://images.zen.com.tn/uploads/8_U2_A6895_62cfd03a9e.jpg,3 Couleurs,/fr/produit/4265-sweat-shirt,homme
T SHIRT,45.90 TND,https://images.zen.com.tn/uploads/8_U2_A8003_19ee4743ce.jpg,1 Couleurs,/fr/produit/4421-t-shirt,homme
SWEAT SHIRT,48.93 TND  69.90 TND,https://images.zen.com.tn/uploads/8_U2_A6733_e51814d5b8.jpg,1 Couleurs,/fr/produit/4236-sweat-shirt,homme
T SHIRT,39.90 TND,https://images.zen.com.tn/uploads/8_U2_A8592_0bd24b5a96.jpg,1 Couleurs,/fr/produit/4431-t-shirt,homme
PARFUM,45.90 TND,https://images.zen.com.tn/medias/folder_22_12_2023/8_U2_A0113d_4975b72760.webp,2 Couleurs,/fr/produit/1959-parfum,homme
VESTE,69.93 TND  99.90 TND,https://images.zen.com.tn/medias/folder_09_05_2024/8_U2_A3872_871705cccf.webp,3 Couleurs,/fr/produit/2680-veste,homme
SWEAT SHIRT,41.93 TND,https://images.zen.com.tn/uploads/8_U2_A9054_ba851375cc.JPG,2 Couleurs,/fr/produit/4279-sweat-shirt,homme
JOGGER,48.93 TND  69.90 TND,https://images.zen.com.tn/uploads/8_U2_A9563_caa0476657.JPG,1 Couleurs,/fr/produit/4203-jogger,homme
SWEAT SHIRT,55.93 TND  79.90 TND,https://images.zen.com.tn/uploads/8_U2_A6762_f619108ad8.jpg,3 Couleurs,/fr/produit/4105-sweat-shirt,homme
PULL OVER COL ROULE,55.93 TND,https://images.zen.com.tn/medias/folder_27_09_2024/8_U2_A0213_291b34c2df.webp,5 Couleurs,/fr/produit/3741-pull-over-col-roule,homme
SWEAT SHIRT,55.93 TND  79.90 TND,https://images.zen.com.tn/uploads/8_U2_A6836_c1f4b57496.jpg,2 Couleurs,/fr/produit/4132-sweat-shirt,homme
SWEAT SHIRT,55.93 TND  79.90 TND,https://images.zen.com.tn/uploads/8_U2_A6691_80f1566759.jpg,3 Couleurs,/fr/produit/4194-sweat-shirt,homme
SUR CHEMISE,76.93 TND,https://images.zen.com.tn/uploads/8_U2_A9421_cc721a04cf.jpg,2 Couleurs,/fr/produit/4288-sur-chemise,homme
EAU DE PARFUM,79.90 TND,https://images.zen.com.tn/uploads/8_U2_A8791_55f0510350.JPG,2 Couleurs,/fr/produit/4232-eau-de-parfum,homme
PARFUM,45.90 TND,https://images.zen.com.tn/uploads/8_U2_A8841_f15d9f3f23.JPG,2 Couleurs,/fr/produit/4315-parfum,homme
SWEAT SHIRT,48.93 TND,https://images.zen.com.tn/uploads/8_U2_A0231_453a875aba.jpg,1 Couleurs,/fr/produit/4278-sweat-shirt,homme
PANTALON DE JOGGING,41.93 TND  59.90 TND,https://images.zen.com.tn/uploads/BLEU_MARINE_3_e822c5b637.JPG,1 Couleurs,/fr/produit/4280-pantalon-de-jogging,homme
CARDIGAN,55.93 TND  79.90 TND,https://images.zen.com.tn/uploads/8_U2_A8893_f9ee2db112.JPG,2 Couleurs,/fr/produit/4299-cardigan,homme
PULL DE PYJAMA,25.13 TND,https://images.zen.com.tn/uploads/8_U2_A6651_ec807478d6.jpg,2 Couleurs,/fr/produit/4262-pull-de-pyjama,homme
PANTALON DE PYJAMA,34.93 TND  49.90 TND,https://images.zen.com.tn/uploads/8_U2_A5695_d0343d9ac6.JPG,2 Couleurs,/fr/produit/4263-pantalon-de-pyjama,homme
PULL OVER,55.93 TND  79.90 TND,https://images.zen.com.tn/uploads/8_U2_A7469_67b81bb77a.jpg,3 Couleurs,/fr/produit/4271-pull-over,homme
SWEAT SHIRT,55.93 TND,https://images.zen.com.tn/uploads/8_U2_A6866_2fb42d9130.jpg,2 Couleurs,/fr/produit/4253-sweat-shirt,homme
JOGGER,41.93 TND  59.90 TND,https://images.zen.com.tn/uploads/8_U2_A7420_725dc08259.jpg,3 Couleurs,/fr/produit/4225-jogger,homme
JOGGER,55.93 TND  79.90 TND,https://images.zen.com.tn/uploads/8_U2_A8127_bf90f29ad1.JPG,3 Couleurs,/fr/produit/4155-jogger,homme
CARDIGAN,55.93 TND,https://images.zen.com.tn/uploads/8_U2_A8210_926f941b8c.jpg,4 Couleurs,/fr/produit/4206-cardigan,homme
SWEAT,55.93 TND  79.90 TND,https://images.zen.com.tn/uploads/8_U2_A6914_ef4cc54eed.jpg,3 Couleurs,/fr/produit/4091-sweat,homme
JEAN,62.93 TND  89.90 TND,https://images.zen.com.tn/uploads/8_U2_A8173_43ead16eaa.JPG,2 Couleurs,/fr/produit/4184-jean,homme
JEAN SLIM FIT,62.93 TND,https://images.zen.com.tn/uploads/8_U2_A8179_98cecf81a3.JPG,1 Couleurs,/fr/produit/4170-jean-slim-fit,homme
JOGGER,48.93 TND  69.90 TND,https://images.zen.com.tn/uploads/8_U2_A7109_00ecfebaa9.jpg,1 Couleurs,/fr/produit/4156-jogger,homme
JEAN,55.93 TND  79.90 TND,https://images.zen.com.tn/medias/folder_26_02_2024/8_U2_A3482_a7ba6a10ab.webp,2 Couleurs,/fr/produit/2300-jean,homme
SWEAT SHIRT,48.93 TND,https://images.zen.com.tn/uploads/8_U2_A7139_8270794f1e.jpg,1 Couleurs,/fr/produit/4138-sweat-shirt,homme
SWEAT,48.93 TND  69.90 TND,https://images.zen.com.tn/uploads/8_U2_A6998_a6aa708d4b.jpg,1 Couleurs,/fr/produit/4140-sweat,homme
JEAN,55.93 TND  79.90 TND,https://images.zen.com.tn/uploads/8_U2_A3292_11422faec5.JPG,2 Couleurs,/fr/produit/4129-jean,homme
JEAN,79.90 TND,https://images.zen.com.tn/uploads/8_U2_A3306_3189f0223d.JPG,2 Couleurs,/fr/produit/4130-jean,homme
SWEAT SHIRT,55.93 TND  79.90 TND,https://images.zen.com.tn/uploads/8_U2_A7169_0c13918a62.jpg,3 Couleurs,/fr/produit/4093-sweat-shirt,homme
VESTE,69.93 TND  99.90 TND,https://images.zen.com.tn/medias/folder_21_10_2024/8_U2_A7890_dad08e464a.webp,1 Couleurs,/fr/produit/2687-veste,homme
BASKET,119.90 TND,https://images.zen.com.tn/medias/folder_23_03_2024/8_U2_A3270_b1f71d6275.webp,2 Couleurs,/fr/produit/2730-basket,homme
BASKET,119.90 TND,https://images.zen.com.tn/medias/folder_23_09_2024/8_U2_A1040_6ca3d36701.webp,2 Couleurs,/fr/produit/3785-basket,homme
BASKET,109.90 TND,https://images.zen.com.tn/medias/folder_02_10_2024/8_U2_A4268_694fc970d8.webp,2 Couleurs,/fr/produit/3840-basket,homme
BASKET,83.94 TND,https://images.zen.com.tn/medias/folder_23_09_2024/8_U2_A1623_39f2127868.webp,1 Couleurs,/fr/produit/3778-basket,homme
PANTALON,62.93 TND  89.90 TND,https://images.zen.com.tn/uploads/8_U2_A8355_d5a274a4cb.jpg,2 Couleurs,/fr/produit/3934-pantalon,homme
PULL OVER,48.93 TND  69.90 TND,https://images.zen.com.tn/medias/folder_27_09_2024/8_U2_A0483_8623bb9f21.webp,3 Couleurs,/fr/produit/3657-pull-over,homme
SWEAT SHIRT,41.93 TND,https://images.zen.com.tn/uploads/8_U2_A7200_ffd74fe769.jpg,3 Couleurs,/fr/produit/4075-sweat-shirt,homme
DOUDOUNE,125.93 TND  179.90 TND,https://images.zen.com.tn/uploads/8_U2_A8379_1f9fd745b9.jpg,2 Couleurs,/fr/produit/3925-doudoune,homme
VESTE DE COSTUME,174.93 TND  249.90 TND,https://images.zen.com.tn/uploads/8_U2_A8468_0d239fe9ec.jpg,1 Couleurs,/fr/produit/3955-veste-de-costume,homme
JOGGER,48.93 TND,https://images.zen.com.tn/uploads/8_U2_A0806_ddafef741c.JPG,3 Couleurs,/fr/produit/3970-jogger,homme
JOGGER,48.93 TND  69.90 TND,https://images.zen.com.tn/medias/folder_14_11_2024/8_U2_A0797_581566ce12.webp,3 Couleurs,/fr/produit/4082-jogger,homme
PANTALON JOGGER,41.93 TND  59.90 TND,https://images.zen.com.tn/medias/images/8U2A2864.webp,1 Couleurs,/fr/produit/3798-pantalon-jogger,homme
SWEAT,62.93 TND,https://images.zen.com.tn/uploads/8_U2_A8230_78b1b93dfe.jpg,1 Couleurs,/fr/produit/4009-sweat,homme
MOCASSIN,159.90 TND,https://images.zen.com.tn/medias/folder_23_10_2024/8_U2_A2447_15d67e1199.webp,1 Couleurs,/fr/produit/3959-mocassin,homme
DERBIES,159.90 TND,https://images.zen.com.tn/medias/folder_23_10_2024/8_U2_A2472_8808201c0f.webp,1 Couleurs,/fr/produit/3960-derbies,homme
PULL OVER,48.93 TND,https://images.zen.com.tn/medias/fx_folder_31_08_2024/8_U2_A6089_d3a7f0a367.webp,2 Couleurs,/fr/produit/3438-pull-over,homme
GILET,76.93 TND  109.90 TND,https://images.zen.com.tn/uploads/8_U2_A7813_7cc01ef7fa.jpg,1 Couleurs,/fr/produit/3981-gilet,homme
JOGGER,48.93 TND  69.90 TND,https://images.zen.com.tn/uploads/8_U2_A7785_667ca9d298.jpg,2 Couleurs,/fr/produit/3987-jogger,homme
PANTALON,62.93 TND,https://images.zen.com.tn/uploads/8_U2_A8541_8487dffdfa.jpg,1 Couleurs,/fr/produit/3947-pantalon,homme
PULL OVER,48.93 TND  69.90 TND,https://images.zen.com.tn/medias/folder_01_10_2024/8_U2_A0471_0330a7cfc6.webp,3 Couleurs,/fr/produit/3658-pull-over,homme
PULL OVER,48.93 TND  69.90 TND,https://images.zen.com.tn/medias/folder_27_09_2024/8_U2_A0360_b2c3a9da01.webp,3 Couleurs,/fr/produit/3678-pull-over,homme
CARDIGAN,55.93 TND,https://images.zen.com.tn/uploads/8_U2_A8420_13141a9867.jpg,2 Couleurs,/fr/produit/3954-cardigan,homme
PULL OVER,55.93 TND  79.90 TND,https://images.zen.com.tn/medias/folder_27_09_2024/8_U2_A0269_2b3bf38e3f.webp,3 Couleurs,/fr/produit/3742-pull-over,homme
PULL OVER,55.93 TND  79.90 TND,https://images.zen.com.tn/medias/folder_27_09_2024/8_U2_A0244_632d9dd786.webp,2 Couleurs,/fr/produit/3743-pull-over,homme
JEAN BAGGY,79.90 TND,https://images.zen.com.tn/uploads/8_U2_A7832_db93aee445.jpg,2 Couleurs,/fr/produit/3951-jean-baggy,homme
SWEAT SHIRT,62.93 TND  89.90 TND,https://images.zen.com.tn/uploads/8_U2_A8144_1d422ef03c.jpg,2 Couleurs,/fr/produit/3944-sweat-shirt,homme
PULL OVER COL V,55.93 TND  79.90 TND,https://images.zen.com.tn/uploads/8_U2_A8410_b3ad90e72f.jpg,4 Couleurs,/fr/produit/3917-pull-over-col-v,homme
JOGGER,48.93 TND,https://images.zen.com.tn/uploads/8_U2_A8126_42373d48b0.jpg,2 Couleurs,/fr/produit/3851-jogger,homme
PULL,20.93 TND  29.90 TND,https://images.zen.com.tn/uploads/8_U2_A8154_bd417991ee.jpg,4 Couleurs,/fr/produit/3935-pull,homme
SWEAT SHIRT,48.93 TND  69.90 TND,https://images.zen.com.tn/medias/folder_23_07_2024/8_U2_A4245_3377e36ca1.webp,1 Couleurs,/fr/produit/2740-sweat-shirt,homme
SWEAT -SHIRT,48.93 TND,https://images.zen.com.tn/uploads/8_U2_A8553_a2db97dbb5.jpg,3 Couleurs,/fr/produit/3872-sweat--shirt,homme
SURCHEMISE,69.93 TND  99.90 TND,https://images.zen.com.tn/medias/folder_21_10_2024/8_U2_A7809_724ea7788d.webp,4 Couleurs,/fr/produit/3897-surchemise,homme
VESTE,76.93 TND  109.90 TND,https://images.zen.com.tn/medias/folder_19_04_2024/8_U2_A1568_e5e89edc4f.webp,1 Couleurs,/fr/produit/2859-veste,homme
PULL OVER,48.93 TND,https://images.zen.com.tn/medias/folder_25_09_2024/KAKI_2_a801496999.webp,4 Couleurs,/fr/produit/3707-pull-over,homme
MANTEAU,174.93 TND  249.90 TND,https://images.zen.com.tn/medias/folder_26_09_2024/8_U2_A0763_826bb6a6be.webp,1 Couleurs,/fr/produit/3695-manteau,homme
BLAZER,139.93 TND  199.90 TND,https://images.zen.com.tn/medias/fx_folder_31_08_2024/8_U2_A7099_42599b5ce1.webp,1 Couleurs,/fr/produit/3585-blazer,homme
PANTALON,62.93 TND,https://images.zen.com.tn/medias/folder_21_10_2024/8_U2_A0678_5be08a9ccb.webp,5 Couleurs,/fr/produit/3788-pantalon,homme
CHEMISE,48.93 TND  69.90 TND,https://images.zen.com.tn/medias/folder_26_09_2024/8_U2_A0493_33d28e4e09.webp,2 Couleurs,/fr/produit/3681-chemise,homme
SWEAT SHIRT,48.93 TND  69.90 TND,https://images.zen.com.tn/medias/folder_26_09_2024/8_U2_A9894_af60a8d7ef.webp,3 Couleurs,/fr/produit/3669-sweat-shirt,homme
PULL OVER,55.93 TND,https://images.zen.com.tn/medias/folder_19_10_2024/8_U2_A0340_52c35218de.webp,4 Couleurs,/fr/produit/3740-pull-over,homme
T SHIRT MANCHE,32.13 TND  45.90 TND,https://images.zen.com.tn/medias/folder_18_10_2024/8_U2_A9478_23073fcf7f.webp,2 Couleurs,/fr/produit/3488-t-shirt-manche,homme
PULL OVER,48.93 TND  69.90 TND,https://images.zen.com.tn/medias/folder_27_09_2024/8_U2_A0027_2e7b4afac7.webp,1 Couleurs,/fr/produit/3660-pull-over,homme
PANTALON,41.93 TND,https://images.zen.com.tn/medias/folder_25_09_2024/8_U2_A9907_69802acc9b.webp,1 Couleurs,/fr/produit/3708-pantalon,homme
SWEAT SHIRT,48.93 TND  69.90 TND,https://images.zen.com.tn/uploads/8_U2_A7878_c04b28a1c1.jpg,2 Couleurs,/fr/produit/3890-sweat-shirt,homme
SURCHEMISE,76.93 TND  109.90 TND,https://images.zen.com.tn/medias/folder_01_10_2024/8_U2_A0597_78de7467d6.webp,2 Couleurs,/fr/produit/3725-surchemise,homme
PANTALON,48.93 TND,https://images.zen.com.tn/medias/folder_27_09_2024/8_U2_A3638_8c002fbf99.webp,2 Couleurs,/fr/produit/3802-pantalon,homme
SWEAT SHIRT,48.93 TND  69.90 TND,https://images.zen.com.tn/uploads/8_U2_A7990_e6b2a9b106.jpg,1 Couleurs,/fr/produit/3805-sweat-shirt,homme
GILET,62.93 TND  89.90 TND,https://images.zen.com.tn/uploads/8_U2_A7926_d5074a1c88.jpg,2 Couleurs,/fr/produit/3680-gilet,homme
SWEAT SHIRT,55.93 TND,https://images.zen.com.tn/uploads/8_U2_A8137_464e45c14a.jpg,1 Couleurs,/fr/produit/3833-sweat-shirt,homme
PULL OVER,55.93 TND  79.90 TND,https://images.zen.com.tn/medias/fx_folder_31_08_2024/8_U2_A6279_ff11d6c27b.webp,6 Couleurs,/fr/produit/3437-pull-over,homme
T-SHIRT,35.90 TND,https://images.zen.com.tn/medias/folder_27_09_2024/8_U2_A9706_67ef255a97.webp,2 Couleurs,/fr/produit/3736-t-shirt,homme
T-SHIRT,25.13 TND,https://images.zen.com.tn/medias/folder_27_09_2024/8_U2_A9952_a8a85db214.webp,1 Couleurs,/fr/produit/3737-t-shirt,homme
T-SHIRT,27.93 TND  39.90 TND,https://images.zen.com.tn/medias/folder_27_09_2024/8_U2_A0401_6deeae205d.webp,3 Couleurs,/fr/produit/3762-t-shirt,homme
PANTALON JEANS,55.93 TND  79.90 TND,https://images.zen.com.tn/uploads/8_U2_A8025_85938107ef.jpg,1 Couleurs,/fr/produit/3700-pantalon-jeans,homme
MANTEAU,202.93 TND,https://images.zen.com.tn/medias/folder_21_10_2024/8_U2_A8102_ab7baf3673.webp,4 Couleurs,/fr/produit/2310-manteau,homme
SURCHEMISE,76.93 TND  109.90 TND,https://images.zen.com.tn/medias/folder_23_02_2024/8_U2_A4263_1a82c02a85.webp,2 Couleurs,/fr/produit/2223-surchemise,homme
T-SHIRT,45.90 TND,https://images.zen.com.tn/uploads/8_U2_A7892_8875119475.jpg,2 Couleurs,/fr/produit/3797-t-shirt,homme
VESTE,209.90 TND,https://images.zen.com.tn/medias/folder_27_09_2024/noir_7_41e11f2c82.webp,2 Couleurs,/fr/produit/3727-veste,homme
PANTALON,79.90 TND,https://images.zen.com.tn/medias/folder_25_09_2024/8_U2_A0706_05f6616d8d.webp,2 Couleurs,/fr/produit/3726-pantalon,homme
JOGGER,48.93 TND  69.90 TND,https://images.zen.com.tn/medias/folder_23_04_2024/8_U2_A8133_e5bcb17c6a.webp,1 Couleurs,/fr/produit/2620-jogger,homme
JOGGER,48.93 TND,https://images.zen.com.tn/medias/folder_21_02_2024/8_U2_A5158_be7258fb5d.webp,1 Couleurs,/fr/produit/2477-jogger,homme
SWEAT SHIRT,55.93 TND  79.90 TND,https://images.zen.com.tn/medias/folder_23_04_2024/8_U2_A7932_657d38a26b.webp,1 Couleurs,/fr/produit/2511-sweat-shirt,homme
JOGGER,48.93 TND  69.90 TND,https://images.zen.com.tn/medias/folder_23_02_2024/8_U2_A4208_8c76cc25cd.webp,1 Couleurs,/fr/produit/2177-jogger,homme
SWEAT SHIRT,48.93 TND,https://images.zen.com.tn/medias/folder_30_12_2023/8_U2_A4114_39e5ad9f5e.webp,3 Couleurs,/fr/produit/2068-sweat-shirt,homme
JOGGER,41.93 TND  59.90 TND,https://images.zen.com.tn/medias/folder_29_12_2023/8_U2_A4114_abef974956.webp,3 Couleurs,/fr/produit/2075-jogger,homme
T-SHIRT,25.13 TND  35.90 TND,https://images.zen.com.tn/medias/folder_25_09_2024/8_U2_A9820_b42dfaabdc.webp,1 Couleurs,/fr/produit/3685-t-shirt,homme
CHEMISE,48.93 TND,https://images.zen.com.tn/medias/folder_05_07_2024/8_U2_A0452_d5c95c5ba3.webp,2 Couleurs,/fr/produit/3164-chemise,homme
PANTALON,62.93 TND  89.90 TND,https://images.zen.com.tn/medias/folder_26_09_2024/8_U2_A9733_4d3ecc8a47.webp,2 Couleurs,/fr/produit/3715-pantalon,homme
PANTALON,62.93 TND  89.90 TND,https://images.zen.com.tn/medias/folder_11_09_2024/8_U2_A6283_beca97bd46.webp,1 Couleurs,/fr/produit/3670-pantalon,homme
CHEMISE,41.93 TND,https://images.zen.com.tn/medias/folder_26_09_2024/8_U2_A0509_de11c585c9.webp,5 Couleurs,/fr/produit/3665-chemise,homme
CHEMISE,48.93 TND  69.90 TND,https://images.zen.com.tn/medias/folder_26_09_2024/8_U2_A0663_e69b2fccf3.webp,2 Couleurs,/fr/produit/3599-chemise,homme
CHEMISE,41.93 TND  59.90 TND,https://images.zen.com.tn/medias/folder_30_07_2024/8_U2_A9096_6b003cfbb2.webp,1 Couleurs,/fr/produit/3284-chemise,homme
CHEMISE,48.93 TND,https://images.zen.com.tn/medias/folder_30_07_2024/8_U2_A9046_5d8e806ce4.webp,1 Couleurs,/fr/produit/3482-chemise,homme
PANTALON SLIM FIT,62.93 TND  89.90 TND,https://images.zen.com.tn/medias/folder_07_05_2024/8_U2_A0006_c04588cfe5.webp,5 Couleurs,/fr/produit/3006-pantalon-slim-fit,homme
BERMUDA,49.90 TND,https://images.zen.com.tn/medias/fx_folder_31_08_2024/8_U2_A5584_77419d991a.webp,1 Couleurs,/fr/produit/3568-bermuda,homme
PANTALON SLIM FIT,62.93 TND,https://images.zen.com.tn/medias/folder_25_09_2024/8_U2_A0620_5cce0026d5.webp,2 Couleurs,/fr/produit/3639-pantalon-slim-fit,homme
CHEMISE,48.93 TND  69.90 TND,https://images.zen.com.tn/medias/folder_02_09_2024/8_U2_A7044_fca25240a8.webp,1 Couleurs,/fr/produit/3522-chemise,homme
CHEMISE,48.93 TND  69.90 TND,https://images.zen.com.tn/medias/fx_folder_31_08_2024/8_U2_A6903_94b8de6686.webp,1 Couleurs,/fr/produit/3521-chemise,homme
CHEMISE,48.93 TND,https://images.zen.com.tn/medias/folder_27_08_2024/37_ZFCHH_13_5_5c36fee9fd.webp,1 Couleurs,/fr/produit/2641-chemise,homme
T SHIRT,35.90 TND,https://images.zen.com.tn/medias/fx_folder_31_08_2024/8_U2_A5584_b3e42338dc.webp,1 Couleurs,/fr/produit/3566-t-shirt,homme
PANTALON COSTUME,79.90 TND,https://images.zen.com.tn/medias/folder_05_10_2024/8_U2_A7208_57a31867f6.webp,3 Couleurs,/fr/produit/3583-pantalon-costume,homme
VESTE,209.90 TND,https://images.zen.com.tn/medias/folder_02_09_2024/8_U2_A7208_8a6632b5a1.webp,3 Couleurs,/fr/produit/3584-veste,homme
JEAN SKINNY,55.93 TND  79.90 TND,https://images.zen.com.tn/medias/folder_01_06_2024/jeans_snow_8_f267578ad5.webp,2 Couleurs,/fr/produit/3092-jean-skinny,homme
JEAN SLIM,48.93 TND  69.90 TND,https://images.zen.com.tn/medias/fx_folder_31_08_2024/8_U2_A6026_d7dad39a9e.webp,2 Couleurs,/fr/produit/3586-jean-slim,homme
PANTALON,55.93 TND,https://images.zen.com.tn/medias/folder_30_07_2024/8_U2_A9588_61c0d8dab9.webp,1 Couleurs,/fr/produit/3462-pantalon,homme
BERMUDA,49.90 TND,https://images.zen.com.tn/medias/fx_folder_31_08_2024/8_U2_A5618_2ab053fb8f.webp,1 Couleurs,/fr/produit/3567-bermuda,homme
BODY,20.93 TND  29.90 TND,https://images.zen.com.tn/medias/folder_10_07_2024/8_U2_A7110_4e4dbb2dfb.webp,1 Couleurs,/fr/produit/3450-body,homme
JEANS,48.93 TND,https://images.zen.com.tn/medias/folder_29_07_2024/BLEACH_5_fd05a68751.webp,3 Couleurs,/fr/produit/3168-jeans,homme
JEAN CONFORT FIT,48.93 TND  69.90 TND,https://images.zen.com.tn/medias/folder_20_08_2024/39_ZLOPNH_01_2_bf3cae65f2.webp,1 Couleurs,/fr/produit/3563-jean-confort-fit,homme
CHEMISE,48.93 TND  69.90 TND,https://images.zen.com.tn/medias/folder_14_05_2024/8_U2_A3766_dd4cf9511f.webp,1 Couleurs,/fr/produit/2839-chemise,homme
POLO,49.90 TND,https://images.zen.com.tn/medias/folder_30_07_2024/8_U2_A9440_660652048f.webp,1 Couleurs,/fr/produit/3448-polo,homme
CHEMISE,48.93 TND  69.90 TND,https://images.zen.com.tn/medias/folder_30_07_2024/8_U2_A9081_759052dccd.webp,2 Couleurs,/fr/produit/3478-chemise,homme
SHORT,69.90 TND,https://images.zen.com.tn/medias/folder_30_07_2024/8_U2_A9304_bfd0ee08e7.webp,3 Couleurs,/fr/produit/3460-short,homme
T-SHIRT,35.90 TND,https://images.zen.com.tn/medias/fx_folder_31_08_2024/8_U2_A6314_2eba0b3b14.webp,2 Couleurs,/fr/produit/3564-t-shirt,homme
PANTALON,62.93 TND  89.90 TND,https://images.zen.com.tn/medias/fx_folder_31_08_2024/8_U2_A6597_1609f797ca.webp,2 Couleurs,/fr/produit/3538-pantalon,homme
SHORT,49.90 TND,https://images.zen.com.tn/medias/folder_13_07_2024/8_U2_A7881_6a71011862.webp,1 Couleurs,/fr/produit/3465-short,homme
CHEMISE,59.90 TND,https://images.zen.com.tn/medias/folder_30_07_2024/8_U2_A9147_b821ea1d71.webp,1 Couleurs,/fr/produit/3442-chemise,homme
T-SHIRT,35.90 TND,https://images.zen.com.tn/medias/fx_folder_31_08_2024/8_U2_A6773_9fd7117594.webp,2 Couleurs,/fr/produit/3546-t-shirt,homme
PANTALON,62.93 TND  89.90 TND,https://images.zen.com.tn/medias/folder_14_05_2024/8_U2_A4057_45a5500dcf.webp,3 Couleurs,/fr/produit/2681-pantalon,homme
T SHIRT,39.90 TND,https://images.zen.com.tn/medias/folder_16_07_2024/8_U2_A2037_5683f808ca.webp,1 Couleurs,/fr/produit/3379-t-shirt,homme
T SHIRT,27.93 TND  39.90 TND,https://images.zen.com.tn/medias/fx_folder_31_08_2024/8_U2_A5875_3c59cc6fd9.webp,2 Couleurs,/fr/produit/3495-t-shirt,homme
T SHIRT BODY,25.13 TND  35.90 TND,https://images.zen.com.tn/medias/folder_12_07_2024/8_U2_A2545_a20e5458b9.webp,1 Couleurs,/fr/produit/3380-t-shirt-body,homme
T-SHIRT,29.90 TND,https://images.zen.com.tn/medias/folder_23_07_2024/8_U2_A4227_da9e1e9a19.webp,7 Couleurs,/fr/produit/2290-t-shirt,homme
SHORT,49.90 TND,https://images.zen.com.tn/medias/fx_folder_26_07_2024/8_U2_A8912_4a331bf9af.webp,7 Couleurs,/fr/produit/3496-short,homme
T SHIRT,25.13 TND  35.90 TND,https://images.zen.com.tn/medias/folder_29_07_2024/8_U2_A9256_3fe45b5558.webp,3 Couleurs,/fr/produit/3407-t-shirt,homme
CHEMISE,69.90 TND,https://images.zen.com.tn/medias/folder_30_07_2024/8_U2_A9174_0fb7b9b841.webp,1 Couleurs,/fr/produit/3443-chemise,homme
VESTE,209.90 TND,https://images.zen.com.tn/medias/fx_folder_31_08_2024/8_U2_A7182_6133e84b21.webp,2 Couleurs,/fr/produit/3402-veste,homme
PANTALON,79.90 TND,https://images.zen.com.tn/medias/fx_folder_31_08_2024/8_U2_A7227_47893a2027.webp,2 Couleurs,/fr/produit/3396-pantalon,homme
T SHIRT,35.90 TND,https://images.zen.com.tn/medias/fx_folder_31_08_2024/8_U2_A9269_9157b065a0.webp,1 Couleurs,/fr/produit/3346-t-shirt,homme
CEINTURE,39.90 TND,https://images.zen.com.tn/medias/folder_05_07_2024/1_S9_A8199_abd8f64f27.webp,2 Couleurs,/fr/produit/2634-ceinture,homme
SHORT LIN,69.90 TND,https://images.zen.com.tn/medias/folder_16_07_2024/8_U2_A1805_b5a4980249.webp,1 Couleurs,/fr/produit/3356-short-lin,homme
CHEMISE,48.93 TND,https://images.zen.com.tn/medias/folder_06_07_2024/8_U2_A0395_0c9c5351e4.webp,1 Couleurs,/fr/produit/3334-chemise,homme
T SHIRT,35.90 TND,https://images.zen.com.tn/medias/folder_16_07_2024/8_U2_A2760_291e6d8725_e4b2b8de39.webp,1 Couleurs,/fr/produit/3260-t-shirt,homme
SHORT,75.90 TND,https://images.zen.com.tn/medias/folder_16_07_2024/8_U2_A1934_febcd13ee3.webp,1 Couleurs,/fr/produit/3290-short,homme
CHEMISE,59.90 TND,https://images.zen.com.tn/medias/folder_17_07_2024/8_U2_A0375_a92042a7ba.webp,1 Couleurs,/fr/produit/3335-chemise,homme
PANTALON,55.93 TND  79.90 TND,https://images.zen.com.tn/medias/folder_09_02_2024/8_U2_A2619_d7793e9b97.webp,1 Couleurs,/fr/produit/2396-pantalon,homme
CHAPEAU EN RAPHIA AVEC BANDE TRESSÉE,49.90 TND,https://images.zen.com.tn/medias/folder_24_06_2024/8_U2_A4320_667b8e261f.webp,1 Couleurs,/fr/produit/246-chapeau-en-raphia-avec-bande-tressee,homme
SHORT,69.90 TND,https://images.zen.com.tn/medias/folder_16_07_2024/8_U2_A1902_a54167500d.webp,2 Couleurs,/fr/produit/3249-short,homme
CHEMISE,55.93 TND  79.90 TND,https://images.zen.com.tn/medias/folder_05_07_2024/8_U2_A0721_df8cf00a63.webp,2 Couleurs,/fr/produit/3285-chemise,homme
DEBARDEUR,25.90 TND,https://images.zen.com.tn/medias/folder_05_07_2024/8_U2_A2481_3e4667294c.webp,4 Couleurs,/fr/produit/3261-debardeur,homme
SHORT,69.90 TND,https://images.zen.com.tn/medias/folder_23_07_2024/8_U2_A2672_055d02c9d7.webp,2 Couleurs,/fr/produit/3293-short,homme
T SHIRT,35.90 TND,https://images.zen.com.tn/medias/folder_23_02_2024/8_U2_A3668_1fbf59cb75.webp,1 Couleurs,/fr/produit/2250-t-shirt,homme
T SHIRT,39.90 TND,https://images.zen.com.tn/medias/folder_17_07_2024/8_U2_A2009_c0eb3b33b6.webp,1 Couleurs,/fr/produit/3319-t-shirt,homme
CASQUETTE,29.90 TND,https://images.zen.com.tn/medias/folder_11_06_2024/8_U2_A2341_f6f1215c56.webp,1 Couleurs,/fr/produit/3032-casquette,homme
CHEMISE,59.90 TND,https://images.zen.com.tn/medias/fx_folder_26_07_2024/8_U2_A0880_129f94c093.webp,1 Couleurs,/fr/produit/3188-chemise,homme
CHEMISE,48.93 TND  69.90 TND,https://images.zen.com.tn/medias/folder_23_07_2024/8_U2_A0530_385b8d177a.webp,1 Couleurs,/fr/produit/3189-chemise,homme
DEBARDEUR,25.90 TND,https://images.zen.com.tn/medias/folder_16_07_2024/8_U2_A1620_1b6e1f5b04.webp,2 Couleurs,/fr/produit/3213-debardeur,homme
T SHIRT,39.90 TND,https://images.zen.com.tn/medias/folder_16_07_2024/8_U2_A1902_df63f4947f.webp,1 Couleurs,/fr/produit/3271-t-shirt,homme
T SHIRT,39.90 TND,https://images.zen.com.tn/medias/folder_06_07_2024/8_U2_A2425_57aeebba48.webp,1 Couleurs,/fr/produit/3159-t-shirt,homme
TSHIRT,35.90 TND,https://images.zen.com.tn/medias/folder_29_07_2024/8_U2_A9015_eae5628b37.webp,3 Couleurs,/fr/produit/3212-tshirt,homme
T SHIRT,39.90 TND,https://images.zen.com.tn/medias/folder_16_07_2024/8_U2_A1979_8f4d8a6932.webp,1 Couleurs,/fr/produit/3236-t-shirt,homme
T SHIRT,35.90 TND,https://images.zen.com.tn/medias/folder_16_07_2024/8_U2_A2760_291e6d8725_5abec0580a.webp,4 Couleurs,/fr/produit/3259-t-shirt,homme
BERMUDA,49.90 TND,https://images.zen.com.tn/medias/folder_16_07_2024/8_U2_A1533_d259cfcec8.webp,2 Couleurs,/fr/produit/3211-bermuda,homme
T SHIRT,35.90 TND,https://images.zen.com.tn/medias/folder_06_07_2024/8_U2_A2858_af66706837.webp,2 Couleurs,/fr/produit/3194-t-shirt,homme
BODY,27.93 TND  39.90 TND,https://images.zen.com.tn/medias/folder_31_05_2024/8_U2_A6339_1a357eff1d.webp,2 Couleurs,/fr/produit/2944-body,homme
T SHIRT,39.90 TND,https://images.zen.com.tn/medias/folder_09_07_2024/8_U2_A2079_7940dec42e.webp,1 Couleurs,/fr/produit/3193-t-shirt,homme
T SHIRT,39.90 TND,https://images.zen.com.tn/medias/folder_31_05_2024/8_U2_A6085_f8dd4aaa46.webp,1 Couleurs,/fr/produit/3109-t-shirt,homme
POLO,34.93 TND  49.90 TND,https://images.zen.com.tn/medias/folder_09_07_2024/8_U2_A0937d_197462c09a.webp,1 Couleurs,/fr/produit/3241-polo,homme
PANTACOURT,69.90 TND,https://images.zen.com.tn/medias/folder_28_05_2024/8_U2_A6505_fdde8c5850.webp,2 Couleurs,/fr/produit/3093-pantacourt,homme
SHORT,75.90 TND,https://images.zen.com.tn/medias/folder_06_07_2024/8_U2_A2416_ad2c63d2dd.webp,3 Couleurs,/fr/produit/3191-short,homme
POLO,32.13 TND  45.90 TND,https://images.zen.com.tn/medias/folder_28_05_2024/8_U2_A6285_d151bf36e5.webp,2 Couleurs,/fr/produit/3163-polo,homme
T SHIRT,35.90 TND,https://images.zen.com.tn/medias/folder_31_05_2024/8_U2_A6539_064cadedfc.webp,3 Couleurs,/fr/produit/3108-t-shirt,homme
SHORT,69.90 TND,https://images.zen.com.tn/medias/folder_28_05_2024/8_U2_A6243_f66d4eccdb.webp,1 Couleurs,/fr/produit/3141-short,homme
SHORT,69.90 TND,https://images.zen.com.tn/medias/folder_31_05_2024/8_U2_A6150_1cec05b2c7.webp,3 Couleurs,/fr/produit/3140-short,homme
SHORT,49.90 TND,https://images.zen.com.tn/medias/folder_01_06_2024/8_U2_A5938_c2c5444e48.webp,3 Couleurs,/fr/produit/3071-short,homme
CHEMISE,49.90 TND,https://images.zen.com.tn/medias/folder_01_06_2024/8_U2_A5939_1aab614b9c.webp,2 Couleurs,/fr/produit/2981-chemise,homme
SHORT,45.90 TND,https://images.zen.com.tn/medias/folder_01_06_2024/8_U2_A6002_498b9ccacd.webp,2 Couleurs,/fr/produit/2876-short,homme
SHORT,49.90 TND,https://images.zen.com.tn/medias/folder_31_05_2024/8_U2_A6717_e373debdc8.webp,5 Couleurs,/fr/produit/2996-short,homme
CHEMISE,55.93 TND  79.90 TND,https://images.zen.com.tn/medias/folder_31_05_2024/8_U2_A6458_2a7f12461c.webp,1 Couleurs,/fr/produit/2979-chemise,homme
CHEMISE,48.93 TND  69.90 TND,https://images.zen.com.tn/medias/folder_31_05_2024/8_U2_A6367_4b2c01c49b.webp,1 Couleurs,/fr/produit/2980-chemise,homme
CHEMISE,69.90 TND,https://images.zen.com.tn/medias/folder_31_05_2024/8_U2_A6397_bca3cb0910.webp,3 Couleurs,/fr/produit/3056-chemise,homme
CHEMISE,79.90 TND,https://images.zen.com.tn/medias/folder_31_05_2024/8_U2_A6377_c016f9d1c5.webp,1 Couleurs,/fr/produit/2326-chemise,homme
MOCCASSIN,83.93 TND  119.90 TND,https://images.zen.com.tn/medias/folder_03_04_2024/1_S9_A9141_7e0b64e783.webp,1 Couleurs,/fr/produit/2807-moccassin,homme
BERMUDA,69.90 TND,https://images.zen.com.tn/medias/folder_28_05_2024/8_U2_A6490_94d25d8ec5.webp,2 Couleurs,/fr/produit/3057-bermuda,homme
CASQUETTE,29.90 TND,https://images.zen.com.tn/medias/folder_07_05_2024/8_U2_A2129_850cc0d3b6.webp,1 Couleurs,/fr/produit/3049-casquette,homme
PANTALON,55.93 TND  79.90 TND,https://images.zen.com.tn/medias/fx_folder_31_08_2024/8_U2_A6526_ac4832d4c0.webp,2 Couleurs,/fr/produit/2827-pantalon,homme
CHEMISE,69.90 TND,https://images.zen.com.tn/medias/folder_09_05_2024/8_U2_A3603_b802f090b5.webp,2 Couleurs,/fr/produit/2759-chemise,homme
BERMUDA,49.90 TND,https://images.zen.com.tn/medias/folder_22_02_2024/8_U2_A4067_fe15aa1b9d.webp,4 Couleurs,/fr/produit/1351-bermuda,homme
JEAN SLIM FIT,55.93 TND  79.90 TND,https://images.zen.com.tn/medias/folder_17_05_2024/8_U2_A3954_f35196d327.webp,2 Couleurs,/fr/produit/2652-jean-slim-fit,homme
MULE,69.90 TND,https://images.zen.com.tn/medias/folder_25_05_2024/8_U2_A5802_07411e826d.webp,2 Couleurs,/fr/produit/3151-mule,homme
BERMUDA,45.90 TND,https://images.zen.com.tn/medias/folder_30_05_2024/8_U2_A5975_edbbaa8427.webp,2 Couleurs,/fr/produit/3098-bermuda,homme
PARFUM,45.90 TND,https://images.zen.com.tn/medias/folder_18_05_2024/8_U2_A7705_bdca9165b6.webp,2 Couleurs,/fr/produit/3171-parfum,homme
CHEMISE,48.93 TND,https://images.zen.com.tn/medias/folder_01_02_2024/8_U2_A3772_e2c0354eab.webp,3 Couleurs,/fr/produit/2329-chemise,homme
CASQUETTE,29.90 TND,https://images.zen.com.tn/medias/folder_07_05_2024/8_U2_A2132_a685a86cb6.webp,2 Couleurs,/fr/produit/3050-casquette,homme
PANTALON,48.93 TND  69.90 TND,https://images.zen.com.tn/medias/folder_09_05_2024/8_U2_A4164_0c6702eb72.webp,1 Couleurs,/fr/produit/2786-pantalon,homme
T SHIRT,39.90 TND,https://images.zen.com.tn/medias/folder_09_05_2024/8_U2_A4164_e3f5694445.webp,2 Couleurs,/fr/produit/2774-t-shirt,homme
CHEMISE,69.90 TND,https://images.zen.com.tn/medias/folder_09_05_2024/8_U2_A3623_e59cfdb0b4.webp,1 Couleurs,/fr/produit/2758-chemise,homme
BODY,25.13 TND  35.90 TND,https://images.zen.com.tn/medias/folder_09_05_2024/8_U2_A3822_dd80a1eaf3.webp,3 Couleurs,/fr/produit/2669-body,homme
PANTALON,69.90 TND,https://images.zen.com.tn/medias/folder_09_05_2024/8_U2_A4275_f64f037960.webp,2 Couleurs,/fr/produit/2760-pantalon,homme
POLO,45.90 TND,https://images.zen.com.tn/medias/folder_29_02_2024/8_U2_A3897_60c56f64a6.webp,1 Couleurs,/fr/produit/2225-polo,homme
T SHIRT,39.90 TND,https://images.zen.com.tn/medias/folder_01_06_2024/8_U2_A6025_dec6587193.webp,1 Couleurs,/fr/produit/2961-t-shirt,homme
CHEMISE,69.90 TND,https://images.zen.com.tn/medias/folder_14_11_2023/8_U2_A9047_f066a260bc.webp,2 Couleurs,/fr/produit/1411-chemise,homme
CHEMISE,79.90 TND,https://images.zen.com.tn/medias/folder_28_08_2023/8_U2_A7895_f32fa9c4ce.webp,5 Couleurs,/fr/produit/1235-chemise,homme
SHORT,45.90 TND,https://images.zen.com.tn/medias/folder_13_05_2024/8_U2_A3508_5bbc94ef13.webp,3 Couleurs,/fr/produit/2754-short,homme
BODY,27.93 TND,https://images.zen.com.tn/medias/folder_09_05_2024/8_U2_A3885_83c889d505.webp,2 Couleurs,/fr/produit/2773-body,homme
VESTE,199.90 TND,https://images.zen.com.tn/medias/folder_09_05_2024/8_U2_A4275_e5e8a985fe.webp,2 Couleurs,/fr/produit/2761-veste,homme
BODY,20.93 TND  29.90 TND,https://images.zen.com.tn/medias/folder_09_05_2024/8_U2_A3954_dcdfc3ab3c.webp,5 Couleurs,/fr/produit/2815-body,homme
CHAPEAU,69.90 TND,https://images.zen.com.tn/medias/folder_27_04_2024/8_U2_A7676_876add2131.webp,1 Couleurs,/fr/produit/2912-chapeau,homme
CHEMISE,41.93 TND  59.90 TND,https://images.zen.com.tn/medias/folder_23_04_2024/8_U2_A8403_0574cd0666.webp,5 Couleurs,/fr/produit/2327-chemise,homme
CHEMISE,69.90 TND,https://images.zen.com.tn/medias/folder_07_11_2023/8_U2_A8894_ff377b28d4.webp,3 Couleurs,/fr/produit/1283-chemise,homme
GILET,55.93 TND,https://images.zen.com.tn/medias/folder_23_04_2024/8_U2_A8170_4a9b91e2e4.webp,2 Couleurs,/fr/produit/2624-gilet,homme
JEAN,62.93 TND  89.90 TND,https://images.zen.com.tn/medias/folder_14_05_2024/8_U2_A4229_2d9116b3ba.webp,1 Couleurs,/fr/produit/2684-jean,homme
MOCCASSIN,90.93 TND  129.90 TND,https://images.zen.com.tn/medias/folder_03_04_2024/1_S9_A9092_fe9f316b9b.webp,1 Couleurs,/fr/produit/2806-moccassin,homme
T SHIRT,35.90 TND,https://images.zen.com.tn/medias/folder_22_04_2024/8_U2_A8148_f28cd938fe.webp,4 Couleurs,/fr/produit/2618-t-shirt,homme
MOCASSIN,48.93 TND  69.90 TND,https://images.zen.com.tn/medias/folder_02_03_2024/8_U2_A2163_2a85efd3ff.webp,1 Couleurs,/fr/produit/2550-mocassin,homme
MOCASSIN,48.93 TND  69.90 TND,https://images.zen.com.tn/medias/folder_02_03_2024/8_U2_A2179_f6c4f5f7cc.webp,1 Couleurs,/fr/produit/2551-mocassin,homme
T-SHIRT,29.90 TND,https://images.zen.com.tn/medias/folder_23_02_2024/8_U2_A4288_4edf38c75f.webp,5 Couleurs,/fr/produit/2291-t-shirt,homme
T SHIRT,25.90 TND,https://images.zen.com.tn/medias/folder_23_02_2024/8_U2_A4107_b7bd7cd086.webp,3 Couleurs,/fr/produit/2275-t-shirt,homme
T SHIRT,39.90 TND,https://images.zen.com.tn/medias/folder_03_06_2024/8_U2_A6742_6ea714f71a.webp,3 Couleurs,/fr/produit/2479-t-shirt,homme
T SHIRT,39.90 TND,https://images.zen.com.tn/medias/folder_23_02_2024/8_U2_A3479_671aa5a4e6.webp,3 Couleurs,/fr/produit/2181-t-shirt,homme
T SHIRT,35.90 TND,https://images.zen.com.tn/medias/folder_23_02_2024/8_U2_A3306_200aba541c.webp,1 Couleurs,/fr/produit/2180-t-shirt,homme
T SHIRT,39.90 TND,https://images.zen.com.tn/medias/folder_23_02_2024/8_U2_A3300_fe8aa8528e.webp,1 Couleurs,/fr/produit/2382-t-shirt,homme
VESTE,62.93 TND,https://images.zen.com.tn/medias/folder_22_04_2024/8_U2_A8274_9c08d29d5b.webp,1 Couleurs,/fr/produit/2497-veste,homme
VESTE,62.93 TND  89.90 TND,https://images.zen.com.tn/medias/folder_29_12_2023/8_U2_A3914_ae5e4c319f.webp,4 Couleurs,/fr/produit/2078-veste,homme
BLOUSON,90.93 TND  129.90 TND,https://images.zen.com.tn/medias/folder_16_01_2024/8_U2_A0117_dadca47ff2.webp,2 Couleurs,/fr/produit/2183-blouson,homme
T SHIRT,35.90 TND,https://images.zen.com.tn/medias/folder_29_12_2023/8_U2_A4360_ae4162468b.webp,1 Couleurs,/fr/produit/2069-t-shirt,homme
T SHIRT,49.90 TND,https://images.zen.com.tn/medias/folder_22_04_2024/8_U2_A8221_886d21f07a.webp,1 Couleurs,/fr/produit/2454-t-shirt,homme
T SHIRT,39.90 TND,https://images.zen.com.tn/medias/folder_23_02_2024/8_U2_A3331_040eba55e3.webp,1 Couleurs,/fr/produit/2274-t-shirt,homme
SWEAT SHIRT,48.93 TND,https://images.zen.com.tn/medias/folder_23_02_2024/8_U2_A3705_739fe8f28a.webp,2 Couleurs,/fr/produit/2130-sweat-shirt,homme
POLO,34.93 TND  49.90 TND,https://images.zen.com.tn/medias/folder_22_04_2024/8_U2_A8320_0d0895558b.webp,2 Couleurs,/fr/produit/2486-polo,homme
GILET,62.93 TND  89.90 TND,https://images.zen.com.tn/medias/folder_23_02_2024/8_U2_A4049_b60495a849.webp,1 Couleurs,/fr/produit/2383-gilet,homme
SURCHEMISE,76.93 TND,https://images.zen.com.tn/medias/folder_30_12_2023/8_U2_A4333_197e19e5c8.webp,1 Couleurs,/fr/produit/2003-surchemise,homme
CHEMISE,48.93 TND  69.90 TND,https://images.zen.com.tn/medias/folder_23_04_2024/8_U2_A8483_96059a2630.webp,1 Couleurs,/fr/produit/2328-chemise,homme
CHEMISE,48.93 TND  69.90 TND,https://images.zen.com.tn/medias/folder_23_04_2024/8_U2_A8460_6b734edd50.webp,1 Couleurs,/fr/produit/2297-chemise,homme
JOGGER,48.93 TND,https://images.zen.com.tn/medias/folder_23_02_2024/8_U2_A3429_ff6df475a6.webp,3 Couleurs,/fr/produit/2384-jogger,homme
PANTALON,55.93 TND  79.90 TND,https://images.zen.com.tn/medias/folder_29_02_2024/8_U2_A3442_6bb821713d.webp,2 Couleurs,/fr/produit/2244-pantalon,homme
JEAN,55.93 TND  79.90 TND,https://images.zen.com.tn/medias/folder_26_02_2024/8_U2_A3917_6dfcc48313.webp,1 Couleurs,/fr/produit/2270-jean,homme
JEAN,55.93 TND,https://images.zen.com.tn/medias/folder_23_02_2024/8_U2_A3837_bfab341ba1.webp,2 Couleurs,/fr/produit/2305-jean,homme
PANTALON,62.93 TND  89.90 TND,https://images.zen.com.tn/medias/folder_26_02_2024/8_U2_A3688_9ac8eadab4.webp,2 Couleurs,/fr/produit/2449-pantalon,homme
PANTALON,62.93 TND  89.90 TND,https://images.zen.com.tn/medias/folder_02_02_2024/8_U2_A3746_18b112b795.webp,2 Couleurs,/fr/produit/2334-pantalon,homme
CHAUSSETTES,5.90 TND,https://images.zen.com.tn/medias/folder_02_03_2024/8_U2_A0223_14a6786c53.webp,1 Couleurs,/fr/produit/2500-chaussettes,homme
CASQUETTE,29.90 TND,https://images.zen.com.tn/medias/folder_14_03_2024/1_S9_A7987_be023d3848.webp,2 Couleurs,/fr/produit/2482-casquette,homme
JEAN SKINNY,55.93 TND  79.90 TND,https://images.zen.com.tn/medias/folder_23_02_2024/8_U2_A3768_4013366341.webp,2 Couleurs,/fr/produit/2100-jean-skinny,homme
CHEMISE SLIM FIT À CARREAUX HOMME,69.90 TND,https://images.zen.com.tn/medias/folder_21_09_2023/8_U2_A5449_1e33d882d0.webp,1 Couleurs,/fr/produit/1257-chemise-slim-fit-a-carreaux-homme,homme
PANTALON,55.93 TND  79.90 TND,https://images.zen.com.tn/medias/folder_06_12_2023/8_U2_A1295_896c2f2391.webp,1 Couleurs,/fr/produit/1929-pantalon,homme
SWEAT SHIRT,48.93 TND  69.90 TND,https://images.zen.com.tn/medias/folder_29_12_2023/8_U2_A4274_11c1c2e161.webp,3 Couleurs,/fr/produit/2066-sweat-shirt,homme
SWEAT SHIRT,55.93 TND,https://images.zen.com.tn/medias/folder_23_02_2024/8_U2_A3778_5fa3fae1c2.webp,2 Couleurs,/fr/produit/2192-sweat-shirt,homme
JOGGER,41.93 TND  59.90 TND,https://images.zen.com.tn/medias/folder_22_02_2024/8_U2_A3460_9149125d07.webp,1 Couleurs,/fr/produit/2139-jogger,homme
SWEAT SHIRT,48.93 TND  69.90 TND,https://images.zen.com.tn/medias/folder_22_02_2024/8_U2_A3949_1717dcda2e.webp,1 Couleurs,/fr/produit/2138-sweat-shirt,homme
PANTALON SLIM FIT,62.93 TND,https://images.zen.com.tn/medias/folder_29_12_2023/8_U2_A4663_bcb2e89c4c.webp,2 Couleurs,/fr/produit/2084-pantalon-slim-fit,homme
SWEAT SHIRT,48.93 TND  69.90 TND,https://images.zen.com.tn/medias/folder_23_02_2024/8_U2_A3934_bf7d5bfc45.webp,2 Couleurs,/fr/produit/2129-sweat-shirt,homme
CHEMISE SLIM FIT,41.93 TND  59.90 TND,https://images.zen.com.tn/medias/folder_08_01_2024/8_U2_A1085_c084bfc442.webp,1 Couleurs,/fr/produit/1757-chemise-slim-fit,homme
GILET,62.93 TND,https://images.zen.com.tn/medias/folder_23_02_2024/8_U2_A3727_3c3a0fd606.webp,2 Couleurs,/fr/produit/2086-gilet,homme
JEAN,55.93 TND  79.90 TND,https://images.zen.com.tn/medias/folder_29_12_2023/stone_3_34c208863d.webp,4 Couleurs,/fr/produit/2026-jean,homme
T SHIRT,20.93 TND  29.90 TND,https://images.zen.com.tn/medias/folder_16_12_2023/8_U2_A3483_5a4c821a07.webp,2 Couleurs,/fr/produit/1850-t-shirt,homme
T SHIRT,29.90 TND,https://images.zen.com.tn/medias/folder_16_12_2023/8_U2_A3267_fcee355c2a.webp,10 Couleurs,/fr/produit/1894-t-shirt,homme
T SHIRT,29.90 TND,https://images.zen.com.tn/medias/folder_29_12_2023/8_U2_A4367_e757ac3f57.webp,7 Couleurs,/fr/produit/2035-t-shirt,homme
SWEAT SHIRT,48.93 TND  69.90 TND,https://images.zen.com.tn/medias/folder_29_12_2023/8_U2_A4086_cc1a2bb9e9.webp,3 Couleurs,/fr/produit/2019-sweat-shirt,homme
BODY,20.93 TND,https://images.zen.com.tn/medias/folder_29_12_2023/8_U2_A4441_0f3ee3f588.webp,2 Couleurs,/fr/produit/1967-body,homme
JEAN,55.93 TND  79.90 TND,https://images.zen.com.tn/medias/folder_29_12_2023/8_U2_A4569_84130c3ff1.webp,2 Couleurs,/fr/produit/1986-jean,homme
PANTALON SLIM FIT,55.93 TND  79.90 TND,https://images.zen.com.tn/medias/folder_16_12_2023/8_U2_A4166_6733d03b23.webp,3 Couleurs,/fr/produit/1808-pantalon-slim-fit,homme
JEAN SKINNY,55.93 TND,https://images.zen.com.tn/medias/folder_16_12_2023/8_U2_A3944_d287594487.webp,3 Couleurs,/fr/produit/1807-jean-skinny,homme
JEAN SKINNY HOMME,55.93 TND  79.90 TND,https://images.zen.com.tn/medias/folder_16_12_2023/8_U2_A3483_8ddd1e4cc1.webp,7 Couleurs,/fr/produit/1806-jean-skinny-homme,homme
JOGGER,55.93 TND  79.90 TND,https://images.zen.com.tn/medias/folder_29_12_2023/8_U2_A4015_ea50423723.webp,1 Couleurs,/fr/produit/2030-jogger,homme
TRICOT DE CORPS  LOT DE 2,29.90 TND,https://images.zen.com.tn/medias/folder_02_01_2024/8_U2_A4873_9aa56cb111.webp,1 Couleurs,/fr/produit/2064-tricot-de-corps--lot-de-2,homme
SWEAT SHIRT,41.93 TND  59.90 TND,https://images.zen.com.tn/medias/folder_29_12_2023/8_U2_A4214_d3ee231731.webp,3 Couleurs,/fr/produit/1995-sweat-shirt,homme
PANTALON,55.93 TND  79.90 TND,https://images.zen.com.tn/medias/folder_29_12_2023/8_U2_A4632_b4a7adcf6f.webp,1 Couleurs,/fr/produit/1870-pantalon,homme
PANTALON,55.93 TND,https://images.zen.com.tn/medias/folder_29_12_2023/8_U2_A4621_2e49da7200.webp,2 Couleurs,/fr/produit/1872-pantalon,homme
SWEAT À CAPUCHE,69.93 TND  99.90 TND,https://images.zen.com.tn/medias/folder_15_12_2023/8_U2_A4429_d13c4321e6.webp,2 Couleurs,/fr/produit/1971-sweat-a-capuche,homme
VESTE SANS MANCHES,55.93 TND  79.90 TND,https://images.zen.com.tn/medias/folder_15_12_2023/8_U2_A3409_ed68474480.webp,1 Couleurs,/fr/produit/1847-veste-sans-manches,homme
JEAN SLIM FIT,55.93 TND,https://images.zen.com.tn/medias/folder_15_12_2023/jeans_mec_5_550618da25.webp,5 Couleurs,/fr/produit/1890-jean-slim-fit,homme
CEINTURE,49.90 TND,https://images.zen.com.tn/medias/folder_06_12_2023/8_U2_A0017_808cb4a85b.webp,1 Couleurs,/fr/produit/1930-ceinture,homme
PANTALON CHIC SLIM FIT,62.93 TND  89.90 TND,https://images.zen.com.tn/medias/folder_15_11_2023/8_U2_A9719_72f402c0e9.webp,2 Couleurs,/fr/produit/1610-pantalon-chic-slim-fit,homme
CEINTURE,49.90 TND,https://images.zen.com.tn/medias/folder_29_11_2023/8_U2_A8519_f7d99f9c20.webp,1 Couleurs,/fr/produit/1853-ceinture,homme
CEINTURE CUIR NOIR,49.90 TND,https://images.zen.com.tn/medias/folder_29_11_2023/8_U2_A8497_236ae5f99a.webp,1 Couleurs,/fr/produit/1854-ceinture-cuir-noir,homme
CEINTURE CUIR NOIR,49.90 TND,https://images.zen.com.tn/medias/folder_29_11_2023/8_U2_A8475_d6cc6904b4.webp,1 Couleurs,/fr/produit/1852-ceinture-cuir-noir,homme
CEINTURE EN CUIR,49.90 TND,https://images.zen.com.tn/medias/folder_29_11_2023/8_U2_A8427_11235bf80f.webp,2 Couleurs,/fr/produit/1851-ceinture-en-cuir,homme
PANTALON,62.93 TND  89.90 TND,https://images.zen.com.tn/medias/folder_14_12_2023/8_U2_A1179_233a544ba8.webp,2 Couleurs,/fr/produit/1748-pantalon,homme
PANTALON À CARREAUX HOMME,55.93 TND  79.90 TND,https://images.zen.com.tn/medias/folder_14_11_2023/8_U2_A0961_fd3d157d26.webp,1 Couleurs,/fr/produit/1688-pantalon-a-carreaux-homme,homme
PANTALON,62.93 TND,https://images.zen.com.tn/medias/folder_20_12_2023/8_U2_A1064_25bdfea2fb.webp,3 Couleurs,/fr/produit/1646-pantalon,homme
DOUDOUNE SANS MANCHES HOMME,97.93 TND  139.90 TND,https://images.zen.com.tn/medias/folder_14_11_2023/8_U2_A1767_f4bd916f4b.webp,2 Couleurs,/fr/produit/1668-doudoune-sans-manches-homme,homme
PANTALON,48.93 TND  69.90 TND,https://images.zen.com.tn/medias/folder_06_11_2023/8_U2_A8064_bb7481f02a.webp,1 Couleurs,/fr/produit/1523-pantalon,homme
VESTE DENIM,83.93 TND,https://images.zen.com.tn/medias/folder_06_11_2023/8_U2_A8205_a243466d6c.webp,1 Couleurs,/fr/produit/1503-veste-denim,homme
VESTE,83.93 TND  119.90 TND,https://images.zen.com.tn/medias/folder_06_11_2023/8_U2_A7918_4688d547b0.webp,2 Couleurs,/fr/produit/1377-veste,homme
CEINTURE CUIR,49.90 TND,https://images.zen.com.tn/medias/folder_29_09_2023/BLEU_5_15678367dc.webp,1 Couleurs,/fr/produit/1476-ceinture-cuir,homme
CHAUSSETTES,5.90 TND,https://images.zen.com.tn/medias/folder_02_09_2023/8_U2_A0205_746f7ffd77.webp,2 Couleurs,/fr/produit/1390-chaussettes,homme
T SHIRT OVERSIZE HOMME,39.90 TND,https://images.zen.com.tn/medias/folder_23_09_2023/8_U2_A4846_d29a36615a.webp,1 Couleurs,/fr/produit/1413-t-shirt-oversize-homme,homme
JEAN STRAIGHT FIT POUR HOMME,62.93 TND  89.90 TND,https://images.zen.com.tn/medias/folder_22_09_2023/jeans_bleach_4_6dd8ac3692.webp,2 Couleurs,/fr/produit/1461-jean-straight-fit-pour-homme,homme
CHAUSSURE,79.95 TND,https://images.zen.com.tn/medias/folder_31_08_2023/MARRON_2_fe16c84db6.webp,2 Couleurs,/fr/produit/1374-chaussure,homme
PANTALON,55.93 TND  79.90 TND,https://images.zen.com.tn/medias/fx_folder_01_08_2023/8_U2_A1660_d6bb8bc186.webp,1 Couleurs,/fr/produit/1210-pantalon,homme
T SHIRT,25.90 TND,https://images.zen.com.tn/medias/fx_folder_01_08_2023/8_U2_A1495_31eb8ae7b5.webp,1 Couleurs,/fr/produit/1193-t-shirt,homme
BERMUDA,69.90 TND,https://images.zen.com.tn/medias/fx_folder_01_08_2023/8_U2_A1446_e1f02a904c.webp,3 Couleurs,/fr/produit/1208-bermuda,homme
T SHIRT,18.13 TND  25.90 TND,https://images.zen.com.tn/medias/fx_folder_18_05_2023/8_U2_A0124_1b851578d8.JPG,6 Couleurs,/fr/produit/298-t-shirt,homme
,,No image available,,,homme
,,No image available,,,homme
MOCASSIN,54.95 TND  109.90 TND,https://images.zen.com.tn/medias/folder_25_09_2023/8_U2_A6779_ce9632b9d8.webp,1 Couleurs,https://www.zen.com.tn/fr/produit/1532-mocassin,femme
BASKET,139.90 TND,https://images.zen.com.tn/uploads/8_U2_A4645_c5de8cac3b.JPG,2 Couleurs,https://www.zen.com.tn/fr/produit/4932-basket,femme
BASKETS,129.90 TND,https://images.zen.com.tn/uploads/8_U2_A0851_f5c32383d6.JPG,2 Couleurs,https://www.zen.com.tn/fr/produit/4804-baskets,femme
BASKETS,90.93 TND  129.90 TND,https://images.zen.com.tn/uploads/8_U2_A0889_3d8604854d.JPG,2 Couleurs,https://www.zen.com.tn/fr/produit/4803-baskets,femme
MOCASSIN,76.93 TND  109.90 TND,https://images.zen.com.tn/uploads/8_U2_A4527_ce75bcb4e4.JPG,1 Couleurs,https://www.zen.com.tn/fr/produit/4617-mocassin,femme
MOCASSIN,76.93 TND,https://images.zen.com.tn/uploads/8_U2_A4550_5fdddd83ae.JPG,1 Couleurs,https://www.zen.com.tn/fr/produit/4618-mocassin,femme
BASKET,129.90 TND,https://images.zen.com.tn/medias/folder_02_10_2024/8_U2_A4330_6dda084a4f.webp,1 Couleurs,https://www.zen.com.tn/fr/produit/3838-basket,femme
BOTTINE A TALON,97.93 TND  139.90 TND,https://images.zen.com.tn/uploads/8_U2_A3985_e1a21c64a7_e762162c71.jpg,1 Couleurs,https://www.zen.com.tn/fr/produit/4104-bottine-a-talon,femme
MULE,69.90 TND,https://images.zen.com.tn/medias/folder_07_05_2024/8_U2_A0142_ff667d8733.webp,1 Couleurs,https://www.zen.com.tn/fr/produit/2994-mule,femme
MULE,69.90 TND,https://images.zen.com.tn/medias/folder_29_05_2024/8_U2_A8176_b8d74af9d2.webp,1 Couleurs,https://www.zen.com.tn/fr/produit/3184-mule,femme
BASKET,90.93 TND  129.90 TND,https://images.zen.com.tn/medias/folder_19_06_2024/8_U2_A9715_8d3b4ff6e9.webp,1 Couleurs,https://www.zen.com.tn/fr/produit/3351-basket,femme
BALLERINE,62.93 TND,https://images.zen.com.tn/medias/folder_07_11_2024/8_U2_A2427_e5f8fd5a7f.webp,1 Couleurs,https://www.zen.com.tn/fr/produit/3971-ballerine,femme
BALLERINE,62.93 TND  89.90 TND,https://images.zen.com.tn/medias/folder_21_10_2024/8_U2_A7935_9b4f10090c.webp,2 Couleurs,https://www.zen.com.tn/fr/produit/3876-ballerine,femme
BASKET,83.94 TND  139.90 TND,https://images.zen.com.tn/medias/folder_23_09_2024/8_U2_A1235_0ace4b1641.webp,1 Couleurs,https://www.zen.com.tn/fr/produit/3777-basket,femme
BASKET,83.93 TND,https://images.zen.com.tn/medias/folder_02_10_2024/8_U2_A4125_d1f176c498.webp,1 Couleurs,https://www.zen.com.tn/fr/produit/3837-basket,femme
ESCARPINS A TALON,53.94 TND  89.90 TND,https://images.zen.com.tn/medias/folder_25_01_2024/8_U2_A8901_f833f0fb46.webp,2 Couleurs,https://www.zen.com.tn/fr/produit/2215-escarpins-a-talon,femme
MOCASSIN,55.93 TND  79.90 TND,https://images.zen.com.tn/medias/fx_folder_03_05_2024/8_U2_A0179_408808ae01.webp,2 Couleurs,https://www.zen.com.tn/fr/produit/2901-mocassin,femme
MULE,69.90 TND,https://images.zen.com.tn/medias/folder_22_02_2024/8_U2_A5896_9ed7eb8b6a.webp,3 Couleurs,https://www.zen.com.tn/fr/produit/2535-mule,femme
MULE,79.90 TND,https://images.zen.com.tn/medias/folder_22_02_2024/8_U2_A5911_1f5ad66835.webp,2 Couleurs,https://www.zen.com.tn/fr/produit/2536-mule,femme
PANTOUFLE POUR FEMME,49.90 TND,https://images.zen.com.tn/medias/folder_13_09_2023/8_U2_A3951_6f06d5dd5f.webp,2 Couleurs,https://www.zen.com.tn/fr/produit/1454-pantoufle-pour-femme,femme
PANTOUFLE,49.90 TND,https://images.zen.com.tn/medias/folder_18_10_2024/8_U2_A3968_926fe95936.webp,2 Couleurs,https://www.zen.com.tn/fr/produit/3880-pantoufle,femme
SANDALE,89.90 TND,https://images.zen.com.tn/medias/folder_13_06_2024/8_U2_A8466_19cc9ed899.webp,3 Couleurs,https://www.zen.com.tn/fr/produit/3309-sandale,femme
SANDALE,79.90 TND,https://images.zen.com.tn/medias/folder_19_03_2024/8_U2_A0591_3d81ec08c4.webp,1 Couleurs,https://www.zen.com.tn/fr/produit/2690-sandale,femme
SANDALE,69.90 TND,https://images.zen.com.tn/medias/folder_07_03_2024/8_U2_A6245_b2ddc93533.webp,1 Couleurs,https://www.zen.com.tn/fr/produit/2547-sandale,femme
TONGS,49.90 TND,https://images.zen.com.tn/medias/folder_07_05_2024/8_U2_A0362_307a2d8e4c.webp,2 Couleurs,https://www.zen.com.tn/fr/produit/2939-tongs,femme
TONGS,49.90 TND,https://images.zen.com.tn/medias/folder_07_05_2024/8_U2_A0451_44be0dce3f.webp,2 Couleurs,https://www.zen.com.tn/fr/produit/2970-tongs,femme
BALLERINE,62.93 TND,https://images.zen.com.tn/medias/folder_21_10_2024/8_U2_A7732_90bcada83f.webp,2 Couleurs,https://www.zen.com.tn/fr/produit/3875-ballerine,femme
TONGS,49.90 TND,https://images.zen.com.tn/medias/folder_07_05_2024/8_U2_A0518_ff9563b7b8.webp,1 Couleurs,https://www.zen.com.tn/fr/produit/3025-tongs,femme
MULE,79.90 TND,https://images.zen.com.tn/medias/folder_22_02_2024/8_U2_A5933_f094e8a722.webp,1 Couleurs,https://www.zen.com.tn/fr/produit/2534-mule,femme
,,,,,femme
CLAQUETTE,49.90 TND,https://images.zen.com.tn/uploads/8_U2_A2020_c1111a2d25.JPG,1 Couleurs,https://www.zen.com.tn/fr/produit/5057-claquette,homme
BASKET,129.90 TND,https://images.zen.com.tn/uploads/8_U2_A0914_60e6bc82b9.JPG,2 Couleurs,https://www.zen.com.tn/fr/produit/4801-basket,homme
BASKET,129.90 TND,https://images.zen.com.tn/uploads/8_U2_A0959_aed5cfc82f.JPG,2 Couleurs,https://www.zen.com.tn/fr/produit/4802-basket,homme
BASKET,119.90 TND,https://images.zen.com.tn/uploads/8_U2_A4481_a21e47af52.JPG,2 Couleurs,https://www.zen.com.tn/fr/produit/4908-basket,homme
BASKET,76.93 TND  109.90 TND,https://images.zen.com.tn/medias/folder_04_10_2024/8_U2_A4356_d8dd3611c6.webp,2 Couleurs,https://www.zen.com.tn/fr/produit/3881-basket,homme
PANTOUFLE À CARREAUX,49.90 TND,https://images.zen.com.tn/medias/folder_13_09_2023/8_U2_A4038_42062493d9.webp,1 Couleurs,https://www.zen.com.tn/fr/produit/1456-pantoufle-a-carreaux,homme
TONG,49.90 TND,https://images.zen.com.tn/medias/folder_07_05_2024/8_U2_A0307_d942ff12bd.webp,2 Couleurs,https://www.zen.com.tn/fr/produit/3027-tong,homme
TONG,49.90 TND,https://images.zen.com.tn/medias/folder_07_05_2024/8_U2_A0256_3444b32821.webp,2 Couleurs,https://www.zen.com.tn/fr/produit/3028-tong,homme
TONGS,49.90 TND,https://images.zen.com.tn/medias/folder_07_05_2024/8_U2_A0404_2093ac4aff.webp,2 Couleurs,https://www.zen.com.tn/fr/produit/2940-tongs,homme
TONGS,49.90 TND,https://images.zen.com.tn/medias/folder_01_06_2024/8_U2_A1398_1209746aa7.webp,2 Couleurs,https://www.zen.com.tn/fr/produit/3031-tongs,homme
BASKET,83.94 TND  139.90 TND,https://images.zen.com.tn/medias/folder_08_08_2024/8_U2_A3745_2f8a28b4f6.webp,2 Couleurs,https://www.zen.com.tn/fr/produit/3573-basket,homme
BASKET,119.90 TND,https://images.zen.com.tn/medias/folder_23_03_2024/8_U2_A3270_b1f71d6275.webp,2 Couleurs,https://www.zen.com.tn/fr/produit/2730-basket,homme
BASKET,119.90 TND,https://images.zen.com.tn/medias/folder_23_09_2024/8_U2_A1040_6ca3d36701.webp,2 Couleurs,https://www.zen.com.tn/fr/produit/3785-basket,homme
BASKET,109.90 TND,https://images.zen.com.tn/medias/folder_02_10_2024/8_U2_A4268_694fc970d8.webp,2 Couleurs,https://www.zen.com.tn/fr/produit/3840-basket,homme
BASKET,83.94 TND,https://images.zen.com.tn/medias/folder_23_09_2024/8_U2_A1623_39f2127868.webp,1 Couleurs,https://www.zen.com.tn/fr/produit/3778-basket,homme
MOCASSIN,159.90 TND,https://images.zen.com.tn/medias/folder_23_10_2024/8_U2_A2447_15d67e1199.webp,1 Couleurs,https://www.zen.com.tn/fr/produit/3959-mocassin,homme
DERBIES,159.90 TND,https://images.zen.com.tn/medias/folder_23_10_2024/8_U2_A2472_8808201c0f.webp,1 Couleurs,https://www.zen.com.tn/fr/produit/3960-derbies,homme
MOCCASSIN,83.93 TND,https://images.zen.com.tn/medias/folder_03_04_2024/1_S9_A9141_7e0b64e783.webp,1 Couleurs,https://www.zen.com.tn/fr/produit/2807-moccassin,homme
MULE,69.90 TND,https://images.zen.com.tn/medias/folder_25_05_2024/8_U2_A5802_07411e826d.webp,2 Couleurs,https://www.zen.com.tn/fr/produit/3151-mule,homme
MOCCASSIN,90.93 TND  129.90 TND,https://images.zen.com.tn/medias/folder_03_04_2024/1_S9_A9092_fe9f316b9b.webp,1 Couleurs,https://www.zen.com.tn/fr/produit/2806-moccassin,homme
MOCASSIN,48.93 TND,https://images.zen.com.tn/medias/folder_02_03_2024/8_U2_A2163_2a85efd3ff.webp,1 Couleurs,https://www.zen.com.tn/fr/produit/2550-mocassin,homme
MOCASSIN,48.93 TND  69.90 TND,https://images.zen.com.tn/medias/folder_02_03_2024/8_U2_A2179_f6c4f5f7cc.webp,1 Couleurs,https://www.zen.com.tn/fr/produit/2551-mocassin,homme
CHAUSSURE,79.95 TND  159.90 TND,https://images.zen.com.tn/medias/folder_31_08_2023/MARRON_2_fe16c84db6.webp,2 Couleurs,https://www.zen.com.tn/fr/produit/1374-chaussure,homme
,,,,,homme
