Name,Price,Description,Image URL,Number of Colors,Product Link
N/A,N/A,No description available,No image available,N/A,N/A
N/A,N/A,No description available,No image available,N/A,N/A
N/A,N/A,No description available,No image available,N/A,N/A
N/A,N/A,No description available,No image available,N/A,N/A
N/A,N/A,No description available,No image available,N/A,N/A
N/A,N/A,No description available,No image available,N/A,N/A
BLOUSE,25.90 TND,No description available,https://images.zen.com.tn/medias/folder_15_07_2024/8_U2_A8297_b54d678f42.webp,1 Couleurs,/fr/produit/3475-blouse
BLOUSE,25.90 TND,No description available,https://images.zen.com.tn/medias/folder_15_07_2024/8_U2_A8297_b54d678f42.webp,1 Couleurs,/fr/produit/3475-blouse
BLOUSE,25.90 TND,No description available,https://images.zen.com.tn/medias/folder_07_10_2024/8_U2_A5699_8a5653f7e3.webp,3 Couleurs,/fr/produit/3818-blouse
BLOUSE,25.90 TND,No description available,https://images.zen.com.tn/medias/folder_07_10_2024/8_U2_A5680_539a09439d.webp,1 Couleurs,/fr/produit/3817-blouse
ENSEMBLE,55.90 TND,No description available,https://images.zen.com.tn/medias/folder_06_08_2024/8_U2_A3895_004fb00fc3.webp,2 Couleurs,/fr/produit/3529-ensemble
ROBE,39.90 TND,No description available,https://images.zen.com.tn/uploads/8_U2_A3686_10a18d0d8e.JPG,2 Couleurs,/fr/produit/3888-robe
ROBE,49.90 TND,No description available,https://images.zen.com.tn/medias/folder_20_07_2024/8_U2_A8822_713bb4e414.webp,2 Couleurs,/fr/produit/3485-robe
ROBE,59.90 TND,No description available,https://images.zen.com.tn/medias/folder_10_09_2024/8_U2_A0055_4bb11eb66f.webp,1 Couleurs,/fr/produit/3576-robe
T SHIRT,25.90 TND,No description available,https://images.zen.com.tn/uploads/8_U2_A1173_a16a81d3ed.JPG,1 Couleurs,/fr/produit/5040-t-shirt
CHEMISE,39.90 TND,No description available,https://images.zen.com.tn/medias/folder_02_07_2024/8_U2_A5713_a95cf12468.webp,1 Couleurs,/fr/produit/3388-chemise
CHEMISE,27.93 TND  39.90 TND,No description available,https://images.zen.com.tn/uploads/8_U2_A0388_cfcb522e89.JPG,1 Couleurs,/fr/produit/4221-chemise
JUPE,27.93 TND  39.90 TND,No description available,https://images.zen.com.tn/uploads/8_U2_A1605_cebd592ad2.JPG,1 Couleurs,/fr/produit/4660-jupe
ROBE,69.90 TND,No description available,https://images.zen.com.tn/uploads/8_U2_A1190_23f00213fe.JPG,1 Couleurs,/fr/produit/5128-robe
SANDALE,79.90 TND,No description available,https://images.zen.com.tn/uploads/8_U2_A8155_2af414e2d7.JPG,2 Couleurs,/fr/produit/4970-sandale
T-SHIRT,25.90 TND,No description available,https://images.zen.com.tn/uploads/8_U2_A1166_d545d59649.JPG,1 Couleurs,/fr/produit/5075-t-shirt
T-SHIRT,25.90 TND,No description available,https://images.zen.com.tn/uploads/8_U2_A1155_3a8fa9c2fa.JPG,2 Couleurs,/fr/produit/5074-t-shirt
JUPE,39.90 TND,No description available,https://images.zen.com.tn/uploads/8_U2_A1360_cb492f73fc.JPG,3 Couleurs,/fr/produit/5022-jupe
SANDALE,79.90 TND,No description available,https://images.zen.com.tn/uploads/8_U2_A8373_6960d3efcc.JPG,2 Couleurs,/fr/produit/4975-sandale
SHORT,29.90 TND,No description available,https://images.zen.com.tn/uploads/8_U2_A1222_c0a53784e9.JPG,8 Couleurs,/fr/produit/4766-short
T SHIRT MANCHES LONGUES,27.93 TND  39.90 TND,No description available,https://images.zen.com.tn/uploads/8_U2_A8550_39d1679954.jpg,2 Couleurs,/fr/produit/4767-t-shirt-manches-longues
SHORT,25.90 TND,No description available,https://images.zen.com.tn/uploads/8_U2_A1231_c86bb6ebaf.JPG,7 Couleurs,/fr/produit/4740-short
CHEMISE,35.90 TND,No description available,https://images.zen.com.tn/medias/folder_06_08_2024/8_U2_A3869_f595c995aa.webp,3 Couleurs,/fr/produit/3544-chemise
POLO,35.90 TND,No description available,https://images.zen.com.tn/medias/folder_06_08_2024/8_U2_A3734_42461b6c00.webp,2 Couleurs,/fr/produit/3536-polo
POLO,29.90 TND,No description available,https://images.zen.com.tn/medias/folder_06_08_2024/8_U2_A3728_bdd9b94ed6.webp,1 Couleurs,/fr/produit/3556-polo
POLO,25.90 TND,No description available,https://images.zen.com.tn/medias/images/8U2A9956.webp,3 Couleurs,/fr/produit/3631-polo
ROBE,49.90 TND,No description available,https://images.zen.com.tn/medias/folder_10_09_2024/8_U2_A0029_f1d0d61355.webp,2 Couleurs,/fr/produit/3596-robe
SHORT,45.90 TND,No description available,https://images.zen.com.tn/medias/folder_07_10_2024/8_U2_A5627_e4e73fe5ab.webp,2 Couleurs,/fr/produit/3819-short
SHORT,45.90 TND,No description available,https://images.zen.com.tn/medias/images/8U2A0146.webp,3 Couleurs,/fr/produit/3621-short
SANDALE,79.90 TND,No description available,https://images.zen.com.tn/uploads/8_U2_A8464_36293675da.JPG,3 Couleurs,/fr/produit/4971-sandale
MOCASSIN,41.94 TND  69.90 TND,No description available,https://images.zen.com.tn/medias/folder_13_01_2024/8_U2_A8169_141c8aaaab.webp,1 Couleurs,/fr/produit/2203-mocassin
T SHIRT,25.90 TND,No description available,https://images.zen.com.tn/uploads/8_U2_A9801_e47f95675f.JPG,1 Couleurs,/fr/produit/4760-t-shirt
T SHIRT,25.90 TND,No description available,https://images.zen.com.tn/uploads/8_U2_A0089_2d7d0a68db.JPG,3 Couleurs,/fr/produit/4871-t-shirt
T SHIRT,29.90 TND,No description available,https://images.zen.com.tn/uploads/8_U2_A0413_8b76396804.JPG,3 Couleurs,/fr/produit/4867-t-shirt
T-SHIRT,29.90 TND,No description available,https://images.zen.com.tn/uploads/8_U2_A9064_da76d424ac.JPG,3 Couleurs,/fr/produit/4992-t-shirt
T-SHIRT,29.90 TND,No description available,https://images.zen.com.tn/uploads/8_U2_A9161_0f877f8c3d.JPG,3 Couleurs,/fr/produit/4962-t-shirt
T SHIRT MANCHES LONGUES,25.13 TND  35.90 TND,No description available,https://images.zen.com.tn/uploads/8_U2_A9987_451e6b419e.JPG,2 Couleurs,/fr/produit/4669-t-shirt-manches-longues
T SHIRT MANCHES LONGUES,27.93 TND,No description available,https://images.zen.com.tn/uploads/8_U2_A0260_a00787e8eb.JPG,3 Couleurs,/fr/produit/4862-t-shirt-manches-longues
SWEAT SHIRT,34.93 TND  49.90 TND,No description available,https://images.zen.com.tn/uploads/8_U2_A4408_3a83e0f5b0.JPG,2 Couleurs,/fr/produit/4589-sweat-shirt
ROBE,46.13 TND  65.90 TND,No description available,https://images.zen.com.tn/uploads/8_U2_A9570_ab6f41efef.JPG,1 Couleurs,/fr/produit/4723-robe
PULL OVER,34.93 TND,No description available,https://images.zen.com.tn/uploads/8_U2_A9594_7828ebdfce.JPG,2 Couleurs,/fr/produit/4686-pull-over
JEAN WIDE LEG,65.90 TND,No description available,https://images.zen.com.tn/uploads/8_U2_A1348_e3451951d3.JPG,2 Couleurs,/fr/produit/4861-jean-wide-leg
PANTALON,48.93 TND  69.90 TND,No description available,https://images.zen.com.tn/uploads/8_U2_A9365_51442f2d39.JPG,2 Couleurs,/fr/produit/4320-pantalon
LEGGING,27.93 TND,No description available,https://images.zen.com.tn/uploads/8_U2_A9564_6b16e1c680.JPG,1 Couleurs,/fr/produit/4298-legging
JUPE,27.93 TND  39.90 TND,No description available,https://images.zen.com.tn/uploads/8_U2_A1612_4dab475306.JPG,1 Couleurs,/fr/produit/4606-jupe
JUPE,32.13 TND  45.90 TND,No description available,https://images.zen.com.tn/uploads/8_U2_A3824_bfd4659deb.JPG,1 Couleurs,/fr/produit/4523-jupe
JUPE,27.93 TND,No description available,https://images.zen.com.tn/uploads/8_U2_A5010_2467969517.JPG,1 Couleurs,/fr/produit/4927-jupe
JUPE,27.93 TND  39.90 TND,No description available,https://images.zen.com.tn/uploads/8_U2_A0426_f4e016a3c6.JPG,1 Couleurs,/fr/produit/4394-jupe
JUPE,32.13 TND  45.90 TND,No description available,https://images.zen.com.tn/uploads/8_U2_A1656_75328191ed.JPG,1 Couleurs,/fr/produit/4728-jupe
GILET,41.93 TND,No description available,https://images.zen.com.tn/uploads/8_U2_A4368_38a4b46b4c.JPG,2 Couleurs,/fr/produit/4542-gilet
DEBARDEUR,34.93 TND  49.90 TND,No description available,https://images.zen.com.tn/uploads/8_U2_A2448_926a14bc11.JPG,2 Couleurs,/fr/produit/4492-debardeur
DEBARDEUR,34.93 TND  49.90 TND,No description available,https://images.zen.com.tn/uploads/8_U2_A2406_9067739c96.JPG,3 Couleurs,/fr/produit/4463-debardeur
CHEMISE,39.13 TND,No description available,https://images.zen.com.tn/uploads/8_U2_A9468_7a9166fee0.JPG,1 Couleurs,/fr/produit/4684-chemise
CHEMISE,32.13 TND  45.90 TND,No description available,https://images.zen.com.tn/uploads/8_U2_A5564_21ca010e76.JPG,1 Couleurs,/fr/produit/4239-chemise
CHEMISE,34.93 TND  49.90 TND,No description available,https://images.zen.com.tn/uploads/8_U2_A9951_6844491c68.JPG,1 Couleurs,/fr/produit/4827-chemise
CHEMISE,32.13 TND,No description available,https://images.zen.com.tn/uploads/8_U2_A9477_9d3b26fe5c.JPG,2 Couleurs,/fr/produit/4746-chemise
BLOUSE,49.90 TND,No description available,https://images.zen.com.tn/uploads/8_U2_A9142_a508916032.JPG,2 Couleurs,/fr/produit/4953-blouse
BLOUSE,32.13 TND  45.90 TND,No description available,https://images.zen.com.tn/uploads/8_U2_A5499_50318fd1a4.JPG,1 Couleurs,/fr/produit/4909-blouse
VESTE,48.93 TND,No description available,https://images.zen.com.tn/uploads/8_U2_A9770_1d6a9c082b.JPG,2 Couleurs,/fr/produit/4772-veste
T SHIRT,27.93 TND  39.90 TND,No description available,https://images.zen.com.tn/uploads/8_U2_A2373_da986b9836.JPG,2 Couleurs,/fr/produit/4519-t-shirt
T SHIRT MANCHES LONGUES,27.93 TND  39.90 TND,No description available,https://images.zen.com.tn/uploads/8_U2_A5377_ef7913f062.JPG,3 Couleurs,/fr/produit/4743-t-shirt-manches-longues
SWEAT SHIRT,39.13 TND,No description available,https://images.zen.com.tn/uploads/8_U2_A5575_33f1b3fafc.JPG,2 Couleurs,/fr/produit/4326-sweat-shirt
PANTALON,46.13 TND  65.90 TND,No description available,https://images.zen.com.tn/uploads/8_U2_A1400_2b63c604cd.JPG,2 Couleurs,/fr/produit/4646-pantalon
JACKET,48.93 TND  69.90 TND,No description available,https://images.zen.com.tn/uploads/8_U2_A9079_4433f0840e.JPG,1 Couleurs,/fr/produit/4987-jacket
VESTE,34.93 TND,No description available,https://images.zen.com.tn/uploads/8_U2_A1840_5cb21c7dc8.JPG,1 Couleurs,/fr/produit/4783-veste
SALOPETTE,25.13 TND  35.90 TND,No description available,https://images.zen.com.tn/uploads/8_U2_A9430_e58994f513.JPG,2 Couleurs,/fr/produit/4302-salopette
JEAN,49.90 TND,No description available,https://images.zen.com.tn/uploads/JEAN_STONE_2_515a18b4c6.JPG,2 Couleurs,/fr/produit/4284-jean
JEAN,49.90 TND,No description available,https://images.zen.com.tn/uploads/8_U2_A6112_7a02f1be49.JPG,2 Couleurs,/fr/produit/4373-jean
JUPE,25.13 TND  35.90 TND,No description available,https://images.zen.com.tn/uploads/8_U2_A8997_abd7104619.JPG,2 Couleurs,/fr/produit/4996-jupe
JUPE,25.13 TND  35.90 TND,No description available,https://images.zen.com.tn/uploads/8_U2_A1281_403cbfa79d.JPG,3 Couleurs,/fr/produit/4781-jupe
ENSEMBLE,46.13 TND,No description available,https://images.zen.com.tn/uploads/8_U2_A1667_0995be262c.JPG,2 Couleurs,/fr/produit/4674-ensemble
CHEMISE,27.93 TND  39.90 TND,No description available,https://images.zen.com.tn/uploads/8_U2_A5582_7ed81dee0d.JPG,1 Couleurs,/fr/produit/4241-chemise
T SHIRT MANCHES  LONGUES,20.93 TND  29.90 TND,No description available,https://images.zen.com.tn/uploads/8_U2_A5581_d46c9b2c61.JPG,3 Couleurs,/fr/produit/4893-t-shirt-manches--longues
SWEAT SHIRT,39.13 TND,No description available,https://images.zen.com.tn/uploads/8_U2_A9411_4c7a7adbf7.JPG,2 Couleurs,/fr/produit/4612-sweat-shirt
JUPE SHORT,25.13 TND  35.90 TND,No description available,https://images.zen.com.tn/uploads/8_U2_A1639_bac015b4c0.JPG,2 Couleurs,/fr/produit/4717-jupe-short
T SHIRT MANCHE,25.13 TND  35.90 TND,No description available,https://images.zen.com.tn/uploads/8_U2_A0194_9161d8c995.JPG,1 Couleurs,/fr/produit/4583-t-shirt-manche
CHEMISE,39.13 TND,No description available,https://images.zen.com.tn/uploads/8_U2_A9497_67d6631df6.JPG,2 Couleurs,/fr/produit/4649-chemise
JACKET,46.13 TND  65.90 TND,No description available,https://images.zen.com.tn/uploads/8_U2_A5692_0f47e2d2e8.JPG,1 Couleurs,/fr/produit/4890-jacket
PANTALON,48.93 TND  69.90 TND,No description available,https://images.zen.com.tn/uploads/8_U2_A9034_2f4506bade.JPG,1 Couleurs,/fr/produit/5003-pantalon
PANTALON,65.90 TND,No description available,https://images.zen.com.tn/uploads/8_U2_A9082_0d69d117c1.JPG,2 Couleurs,/fr/produit/5004-pantalon
PANTALON,48.93 TND  69.90 TND,No description available,https://images.zen.com.tn/uploads/8_U2_A9017_333c9d35f2.JPG,2 Couleurs,/fr/produit/5005-pantalon
SALOPETTE,27.93 TND  39.90 TND,No description available,https://images.zen.com.tn/uploads/8_U2_A8970_4c3deca6de.JPG,1 Couleurs,/fr/produit/5012-salopette
SAC,55.90 TND,No description available,https://images.zen.com.tn/uploads/8_U2_A9858_ae1efdc03c.JPG,2 Couleurs,/fr/produit/5014-sac
SWEAT SHIRT,34.93 TND  49.90 TND,No description available,https://images.zen.com.tn/uploads/8_U2_A9378_984ccbdf1d.JPG,2 Couleurs,/fr/produit/4696-sweat-shirt
SALOPETTE,27.93 TND  39.90 TND,No description available,https://images.zen.com.tn/uploads/8_U2_A8957_f2f6c8e711.JPG,1 Couleurs,/fr/produit/4685-salopette
ROBE,41.93 TND,No description available,https://images.zen.com.tn/uploads/8_U2_A9449_cb6f305c19.JPG,1 Couleurs,/fr/produit/4718-robe
PANTALON,32.13 TND  45.90 TND,No description available,https://images.zen.com.tn/uploads/8_U2_A9061_0f39186a9f.JPG,3 Couleurs,/fr/produit/4995-pantalon
ROBE,25.13 TND  35.90 TND,No description available,https://images.zen.com.tn/uploads/8_U2_A8987_6488d742c9.JPG,1 Couleurs,/fr/produit/4609-robe
T-SHIRT,25.13 TND,No description available,https://images.zen.com.tn/uploads/8_U2_A9019_1f1c9a6773.JPG,2 Couleurs,/fr/produit/4969-t-shirt
CEINTURE,29.90 TND,No description available,https://images.zen.com.tn/uploads/8_U2_A8615_1bd9911b71.JPG,3 Couleurs,/fr/produit/4966-ceinture
LEGGING,35.90 TND,No description available,https://images.zen.com.tn/uploads/8_U2_A8669_d2a04ebc0e.JPG,3 Couleurs,/fr/produit/4960-legging
T SHIRT MANCHES LONGUES,27.93 TND,No description available,https://images.zen.com.tn/uploads/8_U2_A9026_ca824fcdb7.JPG,2 Couleurs,/fr/produit/4985-t-shirt-manches-longues
CHEMISE,32.13 TND  45.90 TND,No description available,https://images.zen.com.tn/uploads/8_U2_A9458_d2bbdbcd3c.JPG,2 Couleurs,/fr/produit/4661-chemise
BLOUSE,32.13 TND  45.90 TND,No description available,https://images.zen.com.tn/uploads/8_U2_A9441_5429152aae.JPG,1 Couleurs,/fr/produit/4720-blouse
ROBE,34.93 TND,No description available,https://images.zen.com.tn/uploads/8_U2_A9433_ac44fe4cb8.JPG,1 Couleurs,/fr/produit/4676-robe
ROBE,32.13 TND  45.90 TND,No description available,https://images.zen.com.tn/uploads/8_U2_A9425_6b30eea050.JPG,1 Couleurs,/fr/produit/4672-robe
T SHIRT,29.90 TND,No description available,https://images.zen.com.tn/uploads/8_U2_A9048_b9eb20e712.JPG,2 Couleurs,/fr/produit/4982-t-shirt
T SHIRT,39.90 TND,No description available,https://images.zen.com.tn/uploads/8_U2_A8996_e33abd8b0b.JPG,1 Couleurs,/fr/produit/4983-t-shirt
ROBE,69.90 TND,No description available,https://images.zen.com.tn/uploads/8_U2_A9005_4ad8b2c38e.JPG,2 Couleurs,/fr/produit/4993-robe
ROBE,41.93 TND  59.90 TND,No description available,https://images.zen.com.tn/uploads/8_U2_A9275_1168add56e.JPG,1 Couleurs,/fr/produit/4946-robe
JEAN,48.93 TND,No description available,https://images.zen.com.tn/uploads/8_U2_A8694_b649572ebc.JPG,1 Couleurs,/fr/produit/4990-jean
JEAN FLARE,69.90 TND,No description available,https://images.zen.com.tn/uploads/8_U2_A8728_146db3e0ef.JPG,2 Couleurs,/fr/produit/4965-jean-flare
CHEMISE,34.93 TND  49.90 TND,No description available,https://images.zen.com.tn/uploads/8_U2_A9103_52e0959c97.JPG,2 Couleurs,/fr/produit/4959-chemise
T-SHIRT ML,27.93 TND,No description available,https://images.zen.com.tn/uploads/8_U2_A2291_35a376b8b5.JPG,3 Couleurs,/fr/produit/4454-t-shirt-ml
JUPE JEANS,59.90 TND,No description available,https://images.zen.com.tn/uploads/8_U2_A8706_fb8ffd5eac.JPG,1 Couleurs,/fr/produit/4981-jupe-jeans
JUPE,27.93 TND  39.90 TND,No description available,https://images.zen.com.tn/uploads/8_U2_A4945_5e69becfbf.JPG,3 Couleurs,/fr/produit/4931-jupe
PANTALON,34.93 TND,No description available,https://images.zen.com.tn/uploads/8_U2_A5178_6c4ce7d7b7.JPG,1 Couleurs,/fr/produit/4882-pantalon
POLO,25.13 TND  35.90 TND,No description available,https://images.zen.com.tn/uploads/8_U2_A5685_2d76f2ce18.JPG,1 Couleurs,/fr/produit/4915-polo
T SHIRT,29.90 TND,No description available,https://images.zen.com.tn/uploads/8_U2_A9276_b9b5b3399b.JPG,1 Couleurs,/fr/produit/4759-t-shirt
VESTE,48.93 TND,No description available,https://images.zen.com.tn/uploads/8_U2_A5407_2b38f7a13a.JPG,2 Couleurs,/fr/produit/4916-veste
BLOUSE,41.93 TND  59.90 TND,No description available,https://images.zen.com.tn/uploads/8_U2_A9924_494317bc2e.JPG,1 Couleurs,/fr/produit/4833-blouse
SAC À BANDOULIÉRE,55.90 TND,No description available,https://images.zen.com.tn/uploads/8_U2_A3169_f75a2c86ac.JPG,1 Couleurs,/fr/produit/4474-sac-a-bandouliere
ROBE,39.13 TND,No description available,https://images.zen.com.tn/uploads/8_U2_A0139_f44a2f4893.JPG,1 Couleurs,/fr/produit/4859-robe
JEAN WIDE LEG,59.90 TND,No description available,https://images.zen.com.tn/uploads/STONE_2_274c26c6db.JPG,2 Couleurs,/fr/produit/4926-jean-wide-leg
PULL OVER,34.93 TND  49.90 TND,No description available,https://images.zen.com.tn/uploads/8_U2_A1815_6668303398.JPG,2 Couleurs,/fr/produit/4722-pull-over
CHEMISE,27.93 TND,No description available,https://images.zen.com.tn/uploads/8_U2_A9313_53ca6c6adf.JPG,1 Couleurs,/fr/produit/4787-chemise
JUPE,25.13 TND  35.90 TND,No description available,https://images.zen.com.tn/uploads/8_U2_A4995_2c8c61d669.JPG,2 Couleurs,/fr/produit/4928-jupe
PANTALON,34.93 TND  49.90 TND,No description available,https://images.zen.com.tn/uploads/8_U2_A0408_20b0cdfb8a.JPG,1 Couleurs,/fr/produit/4426-pantalon
SOUS PULL,20.93 TND,No description available,https://images.zen.com.tn/uploads/8_U2_A5779_1987c924e8.JPG,3 Couleurs,/fr/produit/4929-sous-pull
BALLERINE,39.13 TND  55.90 TND,No description available,https://images.zen.com.tn/uploads/8_U2_A4227_261d3d6f24.JPG,3 Couleurs,/fr/produit/4588-ballerine
SAC Ã BANDOULIERE,55.90 TND,No description available,https://images.zen.com.tn/uploads/8_U2_A3053_7903a88a32.JPG,2 Couleurs,/fr/produit/4476-sac-a-bandouliere
BASKET,99.90 TND,No description available,https://images.zen.com.tn/uploads/8_U2_A4169_366a5c3e72.JPG,2 Couleurs,/fr/produit/4934-basket
T SHIRT,35.90 TND,No description available,https://images.zen.com.tn/uploads/8_U2_A0242_6648f31ddd.JPG,2 Couleurs,/fr/produit/4807-t-shirt
PULL OVER,41.93 TND  59.90 TND,No description available,https://images.zen.com.tn/uploads/8_U2_A2253_ed66e2b926.JPG,2 Couleurs,/fr/produit/4493-pull-over
PANTALON,69.90 TND,No description available,https://images.zen.com.tn/uploads/8_U2_A1424_2381ad394b.JPG,2 Couleurs,/fr/produit/4756-pantalon
PANTALON,69.90 TND,No description available,https://images.zen.com.tn/uploads/8_U2_A1415_42d2928085.JPG,2 Couleurs,/fr/produit/4755-pantalon
BLOUSE,32.13 TND  45.90 TND,No description available,https://images.zen.com.tn/uploads/8_U2_A5617_339646720b.JPG,2 Couleurs,/fr/produit/4887-blouse
PULL,20.93 TND,No description available,https://images.zen.com.tn/uploads/8_U2_A5758_77754c29c6.JPG,3 Couleurs,/fr/produit/4690-pull
T SHIRT MANCHE,25.13 TND  35.90 TND,No description available,https://images.zen.com.tn/uploads/8_U2_A5730_a2f1e7a5c7.JPG,2 Couleurs,/fr/produit/4714-t-shirt-manche
ENSEMBLE,41.93 TND  59.90 TND,No description available,https://images.zen.com.tn/uploads/8_U2_A5200_02043d507f.JPG,2 Couleurs,/fr/produit/4910-ensemble
PANTALON,59.90 TND,No description available,https://images.zen.com.tn/uploads/8_U2_A5120_8cf2057a90.JPG,2 Couleurs,/fr/produit/4906-pantalon
ROBE,27.93 TND  39.90 TND,No description available,https://images.zen.com.tn/uploads/8_U2_A1598_a0aeae6b21.JPG,1 Couleurs,/fr/produit/4782-robe
PANTALON,34.93 TND  49.90 TND,No description available,https://images.zen.com.tn/uploads/8_U2_A5096_7252dc4af2.JPG,2 Couleurs,/fr/produit/4891-pantalon
PANTALON,65.90 TND,No description available,https://images.zen.com.tn/uploads/8_U2_A1454_e7e263f4a5.JPG,2 Couleurs,/fr/produit/4792-pantalon
T SHIRT MANCHES LONGUES,25.13 TND  35.90 TND,No description available,https://images.zen.com.tn/uploads/8_U2_A5329_d9215017d9.JPG,2 Couleurs,/fr/produit/4883-t-shirt-manches-longues
ROBE,32.13 TND  45.90 TND,No description available,https://images.zen.com.tn/uploads/8_U2_A5170_f3632c0b89.JPG,1 Couleurs,/fr/produit/4896-robe
JUPE,25.13 TND,No description available,https://images.zen.com.tn/uploads/8_U2_A4960_2128e10d9c.JPG,1 Couleurs,/fr/produit/4905-jupe
SWEAT SHIRT,34.93 TND  49.90 TND,No description available,https://images.zen.com.tn/uploads/8_U2_A5400_c1e82e7973.JPG,1 Couleurs,/fr/produit/4666-sweat-shirt
PANTALON,46.13 TND  65.90 TND,No description available,https://images.zen.com.tn/uploads/8_U2_A1524_de648e2909.JPG,1 Couleurs,/fr/produit/4707-pantalon
T SHIRT,29.90 TND,No description available,https://images.zen.com.tn/uploads/8_U2_A9675_fc4e1f5a12.JPG,3 Couleurs,/fr/produit/4614-t-shirt
CARDIGANS,34.93 TND  49.90 TND,No description available,https://images.zen.com.tn/uploads/8_U2_A5265_b7b8b37e87.JPG,1 Couleurs,/fr/produit/4453-cardigans
T SHIRT,29.90 TND,No description available,https://images.zen.com.tn/uploads/8_U2_A9729_f4ce96856f.JPG,2 Couleurs,/fr/produit/4613-t-shirt
ENSEMBLE,41.93 TND,No description available,https://images.zen.com.tn/uploads/8_U2_A1717_1274d130e6.JPG,1 Couleurs,/fr/produit/4857-ensemble
JACKET,27.93 TND  39.90 TND,No description available,https://images.zen.com.tn/uploads/8_U2_A1568_0030b1e581.JPG,1 Couleurs,/fr/produit/4650-jacket
ROBE,34.93 TND  49.90 TND,No description available,https://images.zen.com.tn/uploads/8_U2_A0003_6e0a66ffb9.JPG,1 Couleurs,/fr/produit/4768-robe
ROBE,34.93 TND,No description available,https://images.zen.com.tn/uploads/8_U2_A0149_656da4a38f.JPG,1 Couleurs,/fr/produit/4797-robe
CHEMISE,27.93 TND  39.90 TND,No description available,https://images.zen.com.tn/uploads/8_U2_A0132_07bac9879e.JPG,1 Couleurs,/fr/produit/4798-chemise
BASKET,129.90 TND,No description available,https://images.zen.com.tn/uploads/8_U2_A4290_78eb8f8e43.JPG,2 Couleurs,/fr/produit/4938-basket
T SHIRT MANCHES LONGUES,27.93 TND,No description available,https://images.zen.com.tn/uploads/8_U2_A5574_a110575a01.JPG,3 Couleurs,/fr/produit/4914-t-shirt-manches-longues
PANTALON,59.90 TND,No description available,https://images.zen.com.tn/uploads/8_U2_A1316_2fe0011ea8.JPG,2 Couleurs,/fr/produit/4868-pantalon
PANTALON,65.90 TND,No description available,https://images.zen.com.tn/uploads/8_U2_A1470_e5190aaf32.JPG,2 Couleurs,/fr/produit/4791-pantalon
JUPE,27.93 TND,No description available,https://images.zen.com.tn/uploads/8_U2_A1302_942d90c3fd.JPG,1 Couleurs,/fr/produit/4799-jupe
CARDIGANS,32.13 TND  45.90 TND,No description available,https://images.zen.com.tn/uploads/8_U2_A5600_a1e9b605bf.JPG,3 Couleurs,/fr/produit/4754-cardigans
PANTALON,46.13 TND  65.90 TND,No description available,https://images.zen.com.tn/uploads/8_U2_A2493_0546824d9f.JPG,3 Couleurs,/fr/produit/4514-pantalon
CHEMISE,45.90 TND,No description available,https://images.zen.com.tn/uploads/8_U2_A5521_3c9eb820c4.JPG,2 Couleurs,/fr/produit/4898-chemise
ROBE,39.13 TND  55.90 TND,No description available,https://images.zen.com.tn/uploads/8_U2_A5259_357f50cfd7.JPG,1 Couleurs,/fr/produit/4877-robe
T SHIRT MANCHES LONGUES,27.93 TND  39.90 TND,No description available,https://images.zen.com.tn/uploads/8_U2_A0216_3fb56b4356.JPG,1 Couleurs,/fr/produit/4863-t-shirt-manches-longues
BLOUSE,32.13 TND,No description available,https://images.zen.com.tn/uploads/8_U2_A5268_99b872cde8.JPG,1 Couleurs,/fr/produit/4912-blouse
ROBE,39.13 TND  55.90 TND,No description available,https://images.zen.com.tn/uploads/8_U2_A5278_adc7221f2e.JPG,1 Couleurs,/fr/produit/4897-robe
T SHIRT MANCHES LONGUES,20.93 TND  29.90 TND,No description available,https://images.zen.com.tn/uploads/8_U2_A0117_1494b3a129.JPG,2 Couleurs,/fr/produit/4794-t-shirt-manches-longues
CHEMISE,27.93 TND,No description available,https://images.zen.com.tn/uploads/8_U2_A5506_412a7f29a9.JPG,1 Couleurs,/fr/produit/4889-chemise
CHEMISE,32.13 TND  45.90 TND,No description available,https://images.zen.com.tn/uploads/8_U2_A5424_05c3c2b7f5.JPG,2 Couleurs,/fr/produit/4878-chemise
ROBE,41.93 TND  59.90 TND,No description available,https://images.zen.com.tn/uploads/8_U2_A5282_f8d7ca1c56.JPG,2 Couleurs,/fr/produit/4911-robe
CHEMISE,27.93 TND,No description available,https://images.zen.com.tn/uploads/8_U2_A9871_7c99f5d3e6.JPG,3 Couleurs,/fr/produit/4828-chemise
ROBE,41.93 TND  59.90 TND,No description available,https://images.zen.com.tn/uploads/8_U2_A5482_ab4e4301dc.JPG,1 Couleurs,/fr/produit/4875-robe
POLO,32.13 TND  45.90 TND,No description available,https://images.zen.com.tn/uploads/8_U2_A5647_fb0654e2e6.JPG,5 Couleurs,/fr/produit/4892-polo
BASKET,119.90 TND,No description available,https://images.zen.com.tn/uploads/8_U2_A4737_2120480dab.JPG,2 Couleurs,/fr/produit/4935-basket
BASKET,119.90 TND,No description available,https://images.zen.com.tn/uploads/8_U2_A4692_7baed9eeac.JPG,2 Couleurs,/fr/produit/4943-basket
BASKET,129.90 TND,No description available,https://images.zen.com.tn/uploads/8_U2_A4270_b0f28ca5ef.JPG,1 Couleurs,/fr/produit/4944-basket
BASKET,129.90 TND,No description available,https://images.zen.com.tn/uploads/8_U2_A4527_dc0c0bc405.JPG,2 Couleurs,/fr/produit/4933-basket
BASKET,99.90 TND,No description available,https://images.zen.com.tn/uploads/8_U2_A4411_cafed2b772.JPG,1 Couleurs,/fr/produit/4941-basket
PULL,20.93 TND  29.90 TND,No description available,https://images.zen.com.tn/uploads/8_U2_A5355_4ae926d41a.JPG,2 Couleurs,/fr/produit/4713-pull
MOCASSIN,62.93 TND,No description available,https://images.zen.com.tn/uploads/8_U2_A4136_29b37595b9.JPG,2 Couleurs,/fr/produit/4576-mocassin
BALLERINE,39.13 TND  55.90 TND,No description available,https://images.zen.com.tn/uploads/8_U2_A3845_293e1142ad.JPG,4 Couleurs,/fr/produit/4578-ballerine
BALLERINE,41.93 TND  59.90 TND,No description available,https://images.zen.com.tn/uploads/8_U2_A4053_1c94edcf1c.JPG,1 Couleurs,/fr/produit/4581-ballerine
BALLERINE,41.93 TND,No description available,https://images.zen.com.tn/uploads/8_U2_A4075_32c4bd52f3.JPG,1 Couleurs,/fr/produit/4582-ballerine
BALLERINE,39.13 TND  55.90 TND,No description available,https://images.zen.com.tn/uploads/8_U2_A4229_185cc98723.JPG,2 Couleurs,/fr/produit/4579-ballerine
BALLERINE,32.13 TND  45.90 TND,No description available,https://images.zen.com.tn/uploads/8_U2_A3950_8954422bfd.JPG,7 Couleurs,/fr/produit/4580-ballerine
SAC,55.90 TND,No description available,https://images.zen.com.tn/uploads/8_U2_A3011_0e8e1b6f81.JPG,2 Couleurs,/fr/produit/4475-sac
VESTE,41.93 TND  59.90 TND,No description available,https://images.zen.com.tn/uploads/8_U2_A8731_7a306d0cd1.jpg,2 Couleurs,/fr/produit/4775-veste
T SHIRT MANCHES LONGUES,20.93 TND  29.90 TND,No description available,https://images.zen.com.tn/uploads/8_U2_A5456_cb6ac24ff3.JPG,3 Couleurs,/fr/produit/4699-t-shirt-manches-longues
BASKETS,83.93 TND,No description available,https://images.zen.com.tn/uploads/8_U2_A1029_be2480d9d7.JPG,2 Couleurs,/fr/produit/4800-baskets
BLOUSE,27.93 TND  39.90 TND,No description available,https://images.zen.com.tn/uploads/8_U2_A0075_d75d8a6c63.JPG,2 Couleurs,/fr/produit/4858-blouse
VESTE,39.13 TND  55.90 TND,No description available,https://images.zen.com.tn/uploads/8_U2_A9962_7f5e06474f.JPG,1 Couleurs,/fr/produit/4864-veste
ENSEMBLE MAILLE,67.13 TND,No description available,https://images.zen.com.tn/uploads/8_U2_A2659_4753fbde10.JPG,2 Couleurs,/fr/produit/4510-ensemble-maille
JACKET,41.93 TND  59.90 TND,No description available,https://images.zen.com.tn/uploads/8_U2_A1574_e64f80c276.JPG,1 Couleurs,/fr/produit/4749-jacket
SWEAT SHIRT,32.13 TND  45.90 TND,No description available,https://images.zen.com.tn/uploads/8_U2_A9901_ad9729aa20.JPG,3 Couleurs,/fr/produit/4865-sweat-shirt
VESTE,48.93 TND,No description available,https://images.zen.com.tn/uploads/8_U2_A9387_a50686481b.JPG,2 Couleurs,/fr/produit/4793-veste
T-SHIRT MANCHES LONGUES,20.93 TND  29.90 TND,No description available,https://images.zen.com.tn/uploads/8_U2_A0178_9e36b8d71a.JPG,2 Couleurs,/fr/produit/4836-t-shirt-manches-longues
TSHIRT MANCHES LONGUES,20.93 TND  29.90 TND,No description available,https://images.zen.com.tn/uploads/8_U2_A9831_a754dc4c75.JPG,1 Couleurs,/fr/produit/4698-tshirt-manches-longues
PANTALON,34.93 TND,No description available,https://images.zen.com.tn/uploads/8_U2_A1486_0c391e0cb7.JPG,1 Couleurs,/fr/produit/4487-pantalon
LEGGING,34.93 TND  49.90 TND,No description available,https://images.zen.com.tn/uploads/8_U2_A1493_7bafac2a52.JPG,3 Couleurs,/fr/produit/4657-legging
SALOPETTE,32.13 TND  45.90 TND,No description available,https://images.zen.com.tn/uploads/8_U2_A1590_d86aedea0e.JPG,1 Couleurs,/fr/produit/4738-salopette
T SHIRT MANCHES LONGUES,27.93 TND,No description available,https://images.zen.com.tn/uploads/8_U2_A9524_fae9d11273.JPG,1 Couleurs,/fr/produit/4778-t-shirt-manches-longues
PANTALON  JEANS,59.90 TND,No description available,https://images.zen.com.tn/uploads/8_U2_A1546_1b8536d36f.JPG,1 Couleurs,/fr/produit/4724-pantalon--jeans
JEAN BAGGY,41.93 TND  59.90 TND,No description available,https://images.zen.com.tn/uploads/8_U2_A1560_2d36569dc4.JPG,2 Couleurs,/fr/produit/4641-jean-baggy
VESTE,55.93 TND,No description available,https://images.zen.com.tn/uploads/8_U2_A9514_27e622bc0e.JPG,1 Couleurs,/fr/produit/4747-veste
T SHIRT MANCHE,20.93 TND  29.90 TND,No description available,https://images.zen.com.tn/uploads/8_U2_A9972_330894c8b2.JPG,3 Couleurs,/fr/produit/4447-t-shirt-manche
SALOPETTE,27.93 TND  39.90 TND,No description available,https://images.zen.com.tn/uploads/8_U2_A7483_152079fc60.JPG,2 Couleurs,/fr/produit/4378-salopette
SAC À BANDOULIERE,55.90 TND,No description available,https://images.zen.com.tn/uploads/8_U2_A4523_3618fddeee.JPG,1 Couleurs,/fr/produit/4471-sac-a-bandouliere
ROBE,41.93 TND  59.90 TND,No description available,https://images.zen.com.tn/uploads/8_U2_A5543_a2d99b2efa.JPG,2 Couleurs,/fr/produit/4324-robe
ROBE,41.93 TND  59.90 TND,No description available,https://images.zen.com.tn/uploads/8_U2_A9577_6d73465848.JPG,2 Couleurs,/fr/produit/4719-robe
ROBE,39.13 TND,No description available,https://images.zen.com.tn/uploads/8_U2_A0199_38382bd353.JPG,2 Couleurs,/fr/produit/4795-robe
ROBE,39.13 TND  55.90 TND,No description available,https://images.zen.com.tn/uploads/8_U2_A3533_024488b507.JPG,1 Couleurs,/fr/produit/4543-robe
ROBE,39.13 TND  55.90 TND,No description available,https://images.zen.com.tn/uploads/8_U2_A5529_86aa9671d8.JPG,1 Couleurs,/fr/produit/4321-robe
PULL,20.93 TND,No description available,https://images.zen.com.tn/uploads/8_U2_A2245_48f7c66dc3.JPG,2 Couleurs,/fr/produit/4458-pull
PANTALON,20.93 TND  29.90 TND,No description available,https://images.zen.com.tn/uploads/8_U2_A2616_e8484fbc5c.JPG,2 Couleurs,/fr/produit/4457-pantalon
PANTALON,20.93 TND  29.90 TND,No description available,https://images.zen.com.tn/uploads/8_U2_A0509_a8749200d6_a02b3ccafc.jpg,3 Couleurs,/fr/produit/4448-pantalon
JACKET,32.13 TND,No description available,https://images.zen.com.tn/uploads/8_U2_A1273_fbdff0c030.JPG,1 Couleurs,/fr/produit/4739-jacket
JACKET,32.13 TND  45.90 TND,No description available,https://images.zen.com.tn/uploads/8_U2_A9448_ac7b2de67f.JPG,2 Couleurs,/fr/produit/4202-jacket
BOLERO,32.13 TND  45.90 TND,No description available,https://images.zen.com.tn/uploads/8_U2_A3561_c449685322.JPG,3 Couleurs,/fr/produit/4541-bolero
BLOUSE,39.90 TND,No description available,https://images.zen.com.tn/uploads/8_U2_A5536_ae005ba133.JPG,1 Couleurs,/fr/produit/4323-blouse
T SHIRT,35.90 TND,No description available,https://images.zen.com.tn/uploads/8_U2_A2367_9d81a05d39.JPG,2 Couleurs,/fr/produit/4518-t-shirt
JOGGER,34.93 TND  49.90 TND,No description available,https://images.zen.com.tn/uploads/8_U2_A3817_b03a755d46.JPG,3 Couleurs,/fr/produit/4566-jogger
GILET,27.93 TND,No description available,https://images.zen.com.tn/uploads/8_U2_A0481_3436eb34b5.JPG,1 Couleurs,/fr/produit/4217-gilet
CHEMISE,41.93 TND  59.90 TND,No description available,https://images.zen.com.tn/uploads/8_U2_A9289_b74de090f8.JPG,1 Couleurs,/fr/produit/4242-chemise
CHEMISE,59.90 TND,No description available,https://images.zen.com.tn/medias/folder_04_10_2024/8_U2_A5492_c2a6831187.webp,3 Couleurs,/fr/produit/3636-chemise
T SHIRT MANCHES LONGUES,20.93 TND,No description available,https://images.zen.com.tn/uploads/8_U2_A9378_e8cae19760.JPG,3 Couleurs,/fr/produit/4741-t-shirt-manches-longues
ROBE,32.13 TND  45.90 TND,No description available,https://images.zen.com.tn/uploads/8_U2_A0068_97b7743853.JPG,1 Couleurs,/fr/produit/4730-robe
ROBE,27.93 TND  39.90 TND,No description available,https://images.zen.com.tn/uploads/8_U2_A5924_fa77eaeef2.JPG,1 Couleurs,/fr/produit/4363-robe
ROBE,34.93 TND,No description available,https://images.zen.com.tn/uploads/8_U2_A3496_d115c16aab.JPG,1 Couleurs,/fr/produit/4525-robe
ROBE,34.93 TND  49.90 TND,No description available,https://images.zen.com.tn/uploads/8_U2_A5954_09a572d9b1.JPG,1 Couleurs,/fr/produit/4353-robe
ROBE,32.13 TND  45.90 TND,No description available,https://images.zen.com.tn/uploads/8_U2_A0036_d67456df5d.JPG,1 Couleurs,/fr/produit/4675-robe
ROBE,34.93 TND,No description available,https://images.zen.com.tn/uploads/8_U2_A9979_bd1e842a1a.JPG,1 Couleurs,/fr/produit/4435-robe
JUPE SHORT,25.13 TND  35.90 TND,No description available,https://images.zen.com.tn/uploads/8_U2_A0363_8a5a7ee753.JPG,1 Couleurs,/fr/produit/4399-jupe-short
CHEMISE,32.13 TND  45.90 TND,No description available,https://images.zen.com.tn/uploads/8_U2_A9505_6ef8a987b0.JPG,1 Couleurs,/fr/produit/4748-chemise
CHEMISE,39.13 TND,No description available,https://images.zen.com.tn/uploads/8_U2_A9347_2575d12f19.JPG,1 Couleurs,/fr/produit/4309-chemise
SUR CHEMISE,39.13 TND  55.90 TND,No description available,https://images.zen.com.tn/uploads/8_U2_A5946_f12b03351b.JPG,1 Couleurs,/fr/produit/4365-sur-chemise
CHEMISE,32.13 TND  45.90 TND,No description available,https://images.zen.com.tn/medias/folder_28_10_2024/8_U2_A3041_440368fe91.webp,2 Couleurs,/fr/produit/3965-chemise
CHEMISE,32.13 TND,No description available,https://images.zen.com.tn/medias/folder_27_03_2024/8_U2_A4318_ea07dff235.webp,1 Couleurs,/fr/produit/2718-chemise
POLO,27.93 TND  39.90 TND,No description available,https://images.zen.com.tn/uploads/8_U2_A4416_de0f07eed6.JPG,2 Couleurs,/fr/produit/4564-polo
PANTALON,65.90 TND,No description available,https://images.zen.com.tn/uploads/8_U2_A4401_94abe6a2d8.JPG,2 Couleurs,/fr/produit/4146-pantalon
T-SHIRT,25.13 TND,No description available,https://images.zen.com.tn/medias/folder_01_11_2024/8_U2_A4564_8de81e4867.webp,1 Couleurs,/fr/produit/3980-t-shirt
JUPE,25.13 TND  35.90 TND,No description available,https://images.zen.com.tn/uploads/8_U2_A5270_4a9e609230.JPG,2 Couleurs,/fr/produit/4240-jupe
JUPE,27.93 TND  39.90 TND,No description available,https://images.zen.com.tn/uploads/8_U2_A0373_b1620f6d35.JPG,1 Couleurs,/fr/produit/4395-jupe
POLO,32.13 TND,No description available,https://images.zen.com.tn/uploads/8_U2_A4339_687a006111.JPG,1 Couleurs,/fr/produit/4575-polo
CHEMISE,34.93 TND  49.90 TND,No description available,https://images.zen.com.tn/uploads/8_U2_A9455_5af14d58c0.JPG,2 Couleurs,/fr/produit/4679-chemise
CHEMISE,34.93 TND  49.90 TND,No description available,https://images.zen.com.tn/medias/folder_31_10_2024/8_U2_A4590_e00ac5b475.webp,2 Couleurs,/fr/produit/3978-chemise
CHEMISE,27.93 TND,No description available,https://images.zen.com.tn/uploads/8_U2_A9994_2184680d42.JPG,1 Couleurs,/fr/produit/4764-chemise
T SHIRT MANCHE,32.13 TND  45.90 TND,No description available,https://images.zen.com.tn/uploads/8_U2_A3515_dfdc84c4d1.JPG,2 Couleurs,/fr/produit/4570-t-shirt-manche
SWEAT SHIRT,32.13 TND  45.90 TND,No description available,https://images.zen.com.tn/uploads/8_U2_A0018_ad5d2104d7.JPG,1 Couleurs,/fr/produit/4712-sweat-shirt
LEGGING,39.13 TND,No description available,https://images.zen.com.tn/uploads/8_U2_A2523_daf685282c.JPG,2 Couleurs,/fr/produit/4522-legging
GILET,39.13 TND  55.90 TND,No description available,https://images.zen.com.tn/uploads/8_U2_A4680_f9417f3732.JPG,2 Couleurs,/fr/produit/4524-gilet
GILET,32.13 TND  45.90 TND,No description available,https://images.zen.com.tn/uploads/8_U2_A9608_ab8ab62899.JPG,3 Couleurs,/fr/produit/4734-gilet
BLOUSE,27.93 TND,No description available,https://images.zen.com.tn/uploads/8_U2_A9683_a5f2ae4cab.JPG,1 Couleurs,/fr/produit/4677-blouse
CHEMISE,27.93 TND  39.90 TND,No description available,https://images.zen.com.tn/uploads/8_U2_A5930_3e1693d902.JPG,2 Couleurs,/fr/produit/4366-chemise
MOCASSIN,48.93 TND  69.90 TND,No description available,https://images.zen.com.tn/uploads/8_U2_A4489_e64677584e.JPG,1 Couleurs,/fr/produit/4440-mocassin
PULL,20.93 TND,No description available,https://images.zen.com.tn/uploads/8_U2_A9288_9bbcc38552.JPG,3 Couleurs,/fr/produit/4700-pull
ENSEMBLE,69.93 TND  99.90 TND,No description available,https://images.zen.com.tn/uploads/8_U2_A2696_0ff978b0d8.JPG,1 Couleurs,/fr/produit/4488-ensemble
ROBE,32.13 TND  45.90 TND,No description available,https://images.zen.com.tn/uploads/8_U2_A0415_0ff0e00705.JPG,1 Couleurs,/fr/produit/4396-robe
MOCASSIN,62.93 TND,No description available,https://images.zen.com.tn/uploads/8_U2_A4098_139bc60bfb.JPG,2 Couleurs,/fr/produit/4577-mocassin
LEGGING,27.93 TND  39.90 TND,No description available,https://images.zen.com.tn/uploads/8_U2_A6205_5764a318bb.JPG,1 Couleurs,/fr/produit/4349-legging
JUPE,27.93 TND  39.90 TND,No description available,https://images.zen.com.tn/uploads/8_U2_A3835_d236002927.JPG,1 Couleurs,/fr/produit/4552-jupe
ENSEMBLE,55.93 TND,No description available,https://images.zen.com.tn/uploads/8_U2_A4213_5d23667697.JPG,2 Couleurs,/fr/produit/4554-ensemble
DEBARDEUR,32.13 TND  45.90 TND,No description available,https://images.zen.com.tn/uploads/8_U2_A2440_89297c77c1.JPG,2 Couleurs,/fr/produit/4465-debardeur
T SHIRT MANCHES LONGUES,25.13 TND  35.90 TND,No description available,https://images.zen.com.tn/uploads/8_U2_A9762_50d2a57719.JPG,2 Couleurs,/fr/produit/4702-t-shirt-manches-longues
T SHIRT MANCHE,27.93 TND,No description available,https://images.zen.com.tn/uploads/8_U2_A9545_068bf071eb.JPG,2 Couleurs,/fr/produit/4701-t-shirt-manche
ROBE,27.93 TND  39.90 TND,No description available,https://images.zen.com.tn/uploads/8_U2_A6097_00d7c6b9ac.JPG,1 Couleurs,/fr/produit/4364-robe
ROBE,34.93 TND  49.90 TND,No description available,https://images.zen.com.tn/uploads/8_U2_A5478_91ca0940e2.JPG,1 Couleurs,/fr/produit/4377-robe
LEGGING,25.13 TND,No description available,https://images.zen.com.tn/uploads/8_U2_A6215_220772aae8.JPG,1 Couleurs,/fr/produit/4350-legging
ROBE,39.13 TND  55.90 TND,No description available,https://images.zen.com.tn/uploads/8_U2_A5660_50be4bd564.JPG,2 Couleurs,/fr/produit/4322-robe
CHEMISE,32.13 TND  45.90 TND,No description available,https://images.zen.com.tn/uploads/8_U2_A5590_bf5fb0a298.JPG,1 Couleurs,/fr/produit/4272-chemise
DEBARDEUR,27.93 TND,No description available,https://images.zen.com.tn/uploads/8_U2_A2472_176e2d3bf3.JPG,2 Couleurs,/fr/produit/4464-debardeur
BLOUSE,25.13 TND  35.90 TND,No description available,https://images.zen.com.tn/uploads/8_U2_A7862_b167fe0af1.JPG,1 Couleurs,/fr/produit/4406-blouse
BLOUSE,27.93 TND  39.90 TND,No description available,https://images.zen.com.tn/uploads/8_U2_A2298_8801f80a9d.JPG,1 Couleurs,/fr/produit/4449-blouse
ROBE,39.13 TND,No description available,https://images.zen.com.tn/uploads/8_U2_A9587_a13fa8aa64.JPG,1 Couleurs,/fr/produit/4529-robe
CARDIGAN,32.13 TND  45.90 TND,No description available,https://images.zen.com.tn/uploads/8_U2_A9786_e0d25ca79a.JPG,2 Couleurs,/fr/produit/4560-cardigan
ROBE,49.90 TND,No description available,https://images.zen.com.tn/uploads/8_U2_A5705_3c98b390f1.JPG,2 Couleurs,/fr/produit/4308-robe
T-SHIRT ML,25.13 TND,No description available,https://images.zen.com.tn/uploads/8_U2_A9706_8c3f021381.JPG,4 Couleurs,/fr/produit/4694-t-shirt-ml
CHEMISE,27.93 TND  39.90 TND,No description available,https://images.zen.com.tn/medias/folder_13_04_2024/8_U2_A9835_523fef8ec4.webp,1 Couleurs,/fr/produit/2853-chemise
MOCASSIN,48.93 TND  69.90 TND,No description available,https://images.zen.com.tn/uploads/8_U2_A4575_4e4601d03b.JPG,2 Couleurs,/fr/produit/4616-mocassin
POLO,27.93 TND,No description available,https://images.zen.com.tn/uploads/8_U2_A3639_916bfee025.JPG,3 Couleurs,/fr/produit/4557-polo
T SHIRT MANCHES LONGUES,27.93 TND  39.90 TND,No description available,https://images.zen.com.tn/uploads/8_U2_A4433_e97f6f278b.JPG,2 Couleurs,/fr/produit/4590-t-shirt-manches-longues
CEINTURE,29.90 TND,No description available,https://images.zen.com.tn/uploads/8_U2_A3771_550d4139df.JPG,2 Couleurs,/fr/produit/4460-ceinture
BASKET,76.93 TND,No description available,https://images.zen.com.tn/medias/folder_23_09_2024/8_U2_A1504_6c4e7c2376.webp,1 Couleurs,/fr/produit/3783-basket
BASKET,69.93 TND  99.90 TND,No description available,https://images.zen.com.tn/medias/folder_23_09_2024/8_U2_A1018_cc0fd711cb.webp,2 Couleurs,/fr/produit/3795-basket
T SHIRT MANCHE,27.93 TND  39.90 TND,No description available,https://images.zen.com.tn/uploads/8_U2_A3468_29e92af8f0.JPG,1 Couleurs,/fr/produit/4533-t-shirt-manche
ROBE,34.93 TND,No description available,https://images.zen.com.tn/uploads/8_U2_A4377_4af57f6f24.JPG,2 Couleurs,/fr/produit/4572-robe
CARDIGANS,34.93 TND  49.90 TND,No description available,https://images.zen.com.tn/uploads/8_U2_A0013_fedfcc6dc0.JPG,2 Couleurs,/fr/produit/4438-cardigans
T SHIRT,29.90 TND,No description available,https://images.zen.com.tn/uploads/8_U2_A7940_95525fa1ab.JPG,2 Couleurs,/fr/produit/4389-t-shirt
BASKET,99.90 TND,No description available,https://images.zen.com.tn/medias/folder_23_09_2024/8_U2_A1379_6e8999eb82.webp,2 Couleurs,/fr/produit/3779-basket
BASKET,99.90 TND,No description available,https://images.zen.com.tn/medias/folder_23_09_2024/8_U2_A0925_fe423a3a0e.webp,2 Couleurs,/fr/produit/3781-basket
T-SHIRT MANCHES LONGUES,25.13 TND  35.90 TND,No description available,https://images.zen.com.tn/uploads/8_U2_A7828_9b2b3954a5.JPG,2 Couleurs,/fr/produit/4414-t-shirt-manches-longues
JEAN FLARE,41.93 TND,No description available,https://images.zen.com.tn/uploads/8_U2_A9391_cf5ee2ca9a.JPG,2 Couleurs,/fr/produit/4307-jean-flare
JACKET,27.93 TND  39.90 TND,No description available,https://images.zen.com.tn/uploads/8_U2_A3669_fcc9fb23b7.JPG,2 Couleurs,/fr/produit/4109-jacket
CHEMISE,32.13 TND  45.90 TND,No description available,https://images.zen.com.tn/uploads/8_U2_A3454_690aa1ee2f.JPG,1 Couleurs,/fr/produit/4526-chemise
BOLERO,27.93 TND,No description available,https://images.zen.com.tn/uploads/8_U2_A9987_7672c6a8dd.JPG,4 Couleurs,/fr/produit/4439-bolero
PULL,20.93 TND  29.90 TND,No description available,https://images.zen.com.tn/uploads/8_U2_A7848_79d5bb62fa.JPG,3 Couleurs,/fr/produit/4415-pull
SWEAT SHIRT,27.93 TND  39.90 TND,No description available,https://images.zen.com.tn/uploads/8_U2_A5961_394d218570.JPG,1 Couleurs,/fr/produit/4305-sweat-shirt
VESTE,46.13 TND,No description available,https://images.zen.com.tn/uploads/8_U2_A3475_71fd917fea.JPG,2 Couleurs,/fr/produit/4539-veste
PULL,27.93 TND  39.90 TND,No description available,https://images.zen.com.tn/uploads/8_U2_A2273_5edf9f7d7b.JPG,3 Couleurs,/fr/produit/4480-pull
PANTALON CARGO,55.93 TND  79.90 TND,No description available,https://images.zen.com.tn/uploads/8_U2_A4451_95754ad70e.JPG,1 Couleurs,/fr/produit/4147-pantalon-cargo
T-SHIRT ML,27.93 TND,No description available,https://images.zen.com.tn/uploads/8_U2_A7912_fab583b0ff.JPG,3 Couleurs,/fr/produit/4413-t-shirt-ml
CARDIGAN,32.13 TND  45.90 TND,No description available,https://images.zen.com.tn/uploads/8_U2_A0339_8e050e16dd.JPG,3 Couleurs,/fr/produit/4216-cardigan
CHEMISE,39.13 TND  55.90 TND,No description available,https://images.zen.com.tn/uploads/8_U2_A2351_9c2717415d.JPG,1 Couleurs,/fr/produit/4462-chemise
VESTE,48.93 TND,No description available,https://images.zen.com.tn/uploads/8_U2_A0375_7f7b31d8f3.JPG,2 Couleurs,/fr/produit/4215-veste
SUR CHEMISE,46.13 TND  65.90 TND,No description available,https://images.zen.com.tn/uploads/8_U2_A9326_bce494b57d.JPG,2 Couleurs,/fr/produit/4289-sur-chemise
SWEAT SHIRT,32.13 TND  45.90 TND,No description available,https://images.zen.com.tn/uploads/8_U2_A5685_c23d460c57.JPG,2 Couleurs,/fr/produit/4347-sweat-shirt
PANTALON,48.93 TND,No description available,https://images.zen.com.tn/uploads/8_U2_A0384_7c61e6e9db.JPG,1 Couleurs,/fr/produit/4429-pantalon
SWEAT SHIRT,32.13 TND  45.90 TND,No description available,https://images.zen.com.tn/uploads/8_U2_A6020_73f8f05d4c.JPG,2 Couleurs,/fr/produit/4372-sweat-shirt
VESTE,48.93 TND  69.90 TND,No description available,https://images.zen.com.tn/uploads/8_U2_A9859_a978e691f8.JPG,3 Couleurs,/fr/produit/4185-veste
JEAN WIDE LEG,41.93 TND,No description available,https://images.zen.com.tn/uploads/8_U2_A9408_5f90114e98.JPG,2 Couleurs,/fr/produit/4306-jean-wide-leg
JOGGER,34.93 TND  49.90 TND,No description available,https://images.zen.com.tn/uploads/8_U2_A0460_15c6ccefdd.JPG,3 Couleurs,/fr/produit/4428-jogger
T SHIRT MANCHE,25.13 TND  35.90 TND,No description available,https://images.zen.com.tn/uploads/8_U2_A2337_be0a9f3a65.JPG,3 Couleurs,/fr/produit/4385-t-shirt-manche
PANTALON,46.13 TND,No description available,https://images.zen.com.tn/uploads/8_U2_A0392_4a0d392d31.JPG,2 Couleurs,/fr/produit/4430-pantalon
JEANS PANT,48.93 TND  69.90 TND,No description available,https://images.zen.com.tn/uploads/8_U2_A0491_63352a8e36.JPG,1 Couleurs,/fr/produit/4391-jeans-pant
T SHIRT MANCHE,27.93 TND  39.90 TND,No description available,https://images.zen.com.tn/uploads/8_U2_A7439_511f95f584.JPG,1 Couleurs,/fr/produit/4425-t-shirt-manche
JEAN,46.13 TND,No description available,https://images.zen.com.tn/uploads/8_U2_A5305_49d6495aae.JPG,1 Couleurs,/fr/produit/4257-jean
JOGGER,27.93 TND  39.90 TND,No description available,https://images.zen.com.tn/uploads/8_U2_A6140_85b854afe3.JPG,1 Couleurs,/fr/produit/4327-jogger
JOGGER,27.93 TND  39.90 TND,No description available,https://images.zen.com.tn/uploads/8_U2_A9525_231249df8e.JPG,3 Couleurs,/fr/produit/4294-jogger
JOGGER,25.13 TND,No description available,https://images.zen.com.tn/uploads/8_U2_A9557_66009b3dbe.JPG,1 Couleurs,/fr/produit/4295-jogger
SWEAT SHIRT,34.93 TND  49.90 TND,No description available,https://images.zen.com.tn/uploads/8_U2_A9273_a21e5329c0.JPG,3 Couleurs,/fr/produit/4293-sweat-shirt
SWEAT SHIRT,39.13 TND  55.90 TND,No description available,https://images.zen.com.tn/uploads/8_U2_A9337_2b3214c84d.JPG,1 Couleurs,/fr/produit/4282-sweat-shirt
JOGGER,27.93 TND,No description available,https://images.zen.com.tn/uploads/8_U2_A8415_1ad47966eb.JPG,2 Couleurs,/fr/produit/4285-jogger
JOGGER,27.93 TND  39.90 TND,No description available,https://images.zen.com.tn/uploads/8_U2_A5444_6aafa57ef5.JPG,3 Couleurs,/fr/produit/4276-jogger
JOGGER,25.13 TND  35.90 TND,No description available,https://images.zen.com.tn/uploads/8_U2_A5481_7bbff0f229.JPG,2 Couleurs,/fr/produit/4275-jogger
JOGGER,27.93 TND,No description available,https://images.zen.com.tn/uploads/8_U2_A5406_fa07960394.JPG,1 Couleurs,/fr/produit/4266-jogger
JOGGER,34.93 TND  49.90 TND,No description available,https://images.zen.com.tn/uploads/8_U2_A5372_b103968ee3.JPG,3 Couleurs,/fr/produit/4270-jogger
SWEAT SHIRT,34.93 TND  49.90 TND,No description available,https://images.zen.com.tn/uploads/8_U2_A3500_74333ee68f.JPG,3 Couleurs,/fr/produit/4115-sweat-shirt
SWEAT SHIRT,32.13 TND,No description available,https://images.zen.com.tn/uploads/8_U2_A0362_e4fd901d80.JPG,3 Couleurs,/fr/produit/4227-sweat-shirt
JOGGER,27.93 TND  39.90 TND,No description available,https://images.zen.com.tn/uploads/8_U2_A5338_4ef0b073d5.JPG,2 Couleurs,/fr/produit/4268-jogger
SWEAT SHIRT,25.13 TND  35.90 TND,No description available,https://images.zen.com.tn/uploads/8_U2_A5509_b474878659.JPG,2 Couleurs,/fr/produit/4269-sweat-shirt
JOGGER,34.93 TND,No description available,https://images.zen.com.tn/uploads/8_U2_A0506_cb3fb2fe2d.JPG,3 Couleurs,/fr/produit/4226-jogger
JEAN,48.93 TND  69.90 TND,No description available,https://images.zen.com.tn/medias/folder_18_03_2024/8_U2_A0504_1b202f24d3.webp,2 Couleurs,/fr/produit/2688-jean
JOGGER,27.93 TND  39.90 TND,No description available,https://images.zen.com.tn/medias/folder_04_10_2024/8_U2_A5555_9feb18705d.webp,2 Couleurs,/fr/produit/3845-jogger
JOGGER,34.93 TND,No description available,https://images.zen.com.tn/uploads/8_U2_A8946_27349938c5.JPG,4 Couleurs,/fr/produit/4177-jogger
SWEAT SHIRT,25.13 TND  35.90 TND,No description available,https://images.zen.com.tn/uploads/8_U2_A8408_1f00825774.JPG,2 Couleurs,/fr/produit/4160-sweat-shirt
SWEAT SHIRT,32.13 TND  45.90 TND,No description available,https://images.zen.com.tn/uploads/8_U2_A9852_93fedc0e10.JPG,2 Couleurs,/fr/produit/4200-sweat-shirt
SWEAT SHIRT,25.13 TND,No description available,https://images.zen.com.tn/uploads/8_U2_A0266_5f6db1fb29.JPG,2 Couleurs,/fr/produit/4229-sweat-shirt
JOGGER,27.93 TND  39.90 TND,No description available,https://images.zen.com.tn/uploads/8_U2_A9400_d6d6b7602c.jpg,1 Couleurs,/fr/produit/4204-jogger
SWEAT SHIRT,32.13 TND  45.90 TND,No description available,https://images.zen.com.tn/uploads/8_U2_A0305_289000cea1.JPG,1 Couleurs,/fr/produit/4224-sweat-shirt
JOGGER,34.93 TND,No description available,https://images.zen.com.tn/uploads/8_U2_A0512_0b1603b3c7.JPG,1 Couleurs,/fr/produit/4212-jogger
JOGGER,25.13 TND  35.90 TND,No description available,https://images.zen.com.tn/uploads/8_U2_A9393_24e8944a1b.JPG,2 Couleurs,/fr/produit/4201-jogger
SWEAT SHIRT,25.13 TND  35.90 TND,No description available,https://images.zen.com.tn/uploads/8_U2_A9832_f419aecfe0.JPG,2 Couleurs,/fr/produit/4205-sweat-shirt
JOGGER,34.93 TND,No description available,https://images.zen.com.tn/uploads/8_U2_A3604_f531da0538.JPG,3 Couleurs,/fr/produit/4117-jogger
SWET,27.93 TND  39.90 TND,No description available,https://images.zen.com.tn/uploads/8_U2_A8444_2c968dbc7a.JPG,2 Couleurs,/fr/produit/4178-swet
SOUS PULL,20.93 TND  29.90 TND,No description available,https://images.zen.com.tn/uploads/8_U2_A3448_b549cc2548.JPG,3 Couleurs,/fr/produit/4106-sous-pull
SWEAT SHIRT,25.13 TND,No description available,https://images.zen.com.tn/uploads/8_U2_A8460_20732d36f0.JPG,2 Couleurs,/fr/produit/4179-sweat-shirt
CALEÇON,18.13 TND  25.90 TND,No description available,https://images.zen.com.tn/uploads/8_U2_A8773_cd6af3fe75.JPG,1 Couleurs,/fr/produit/4191-calecon
JOGGER,32.13 TND  45.90 TND,No description available,https://images.zen.com.tn/uploads/8_U2_A8809_3dd01d595f.JPG,3 Couleurs,/fr/produit/4158-jogger
JOGGER,25.13 TND,No description available,https://images.zen.com.tn/uploads/8_U2_A8790_b132d73d9a.JPG,2 Couleurs,/fr/produit/4171-jogger
SWEAT SHIRT,25.13 TND  35.90 TND,No description available,https://images.zen.com.tn/uploads/8_U2_A8431_2ffceff11f.JPG,2 Couleurs,/fr/produit/4180-sweat-shirt
CARDIGANS,41.93 TND  59.90 TND,No description available,https://images.zen.com.tn/uploads/8_U2_A8396_f5cc568b86.JPG,1 Couleurs,/fr/produit/4173-cardigans
JOGGER,27.93 TND,No description available,https://images.zen.com.tn/uploads/8_U2_A4381_31bfe4c1ce.JPG,2 Couleurs,/fr/produit/4139-jogger
CHEMISE,39.13 TND  55.90 TND,No description available,https://images.zen.com.tn/uploads/8_U2_A4646_4c3f2c2a2d.JPG,1 Couleurs,/fr/produit/4126-chemise
PANTALON,48.93 TND  69.90 TND,No description available,https://images.zen.com.tn/medias/folder_14_11_2024/8_U2_A0269_fa505e1d98.webp,3 Couleurs,/fr/produit/4008-pantalon
SOUS PULL,20.93 TND,No description available,https://images.zen.com.tn/uploads/8_U2_A8528_dab4763045.JPG,3 Couleurs,/fr/produit/4169-sous-pull
SWEAT SHIRT,27.93 TND  39.90 TND,No description available,https://images.zen.com.tn/uploads/8_U2_A3559_8098e512bd.JPG,3 Couleurs,/fr/produit/4118-sweat-shirt
JOGGER,34.93 TND  49.90 TND,No description available,https://images.zen.com.tn/uploads/8_U2_A3617_6714af7013.JPG,4 Couleurs,/fr/produit/4116-jogger
PANTALON,46.13 TND,No description available,https://images.zen.com.tn/uploads/8_U2_A4483_f48d66fd74.JPG,3 Couleurs,/fr/produit/4134-pantalon
SWEAT SHIRT,32.13 TND  45.90 TND,No description available,https://images.zen.com.tn/uploads/8_U2_A4600_806f8a3eca.JPG,2 Couleurs,/fr/produit/4124-sweat-shirt
JOGGER,25.13 TND  35.90 TND,No description available,https://images.zen.com.tn/uploads/8_U2_A4425_0a04ab24c2.JPG,2 Couleurs,/fr/produit/4131-jogger
LOT DE 3 CHAUSSETTES,15.90 TND,No description available,https://images.zen.com.tn/uploads/8_U2_A3879_0151a5731e.JPG,1 Couleurs,/fr/produit/4112-lot-de-3-chaussettes
SURCHEMISE,39.13 TND  55.90 TND,No description available,https://images.zen.com.tn/medias/folder_13_11_2024/8_U2_A0441_50a45cc011.webp,1 Couleurs,/fr/produit/4004-surchemise
CHEMISE,39.13 TND  55.90 TND,No description available,https://images.zen.com.tn/medias/folder_16_11_2024/8_U2_A0362_56c3bececb.webp,1 Couleurs,/fr/produit/4087-chemise
SUR CHEMISE,41.93 TND,No description available,https://images.zen.com.tn/medias/folder_15_11_2024/8_U2_A0409_d9bc5733d4.webp,1 Couleurs,/fr/produit/4085-sur-chemise
CHEMISE,46.13 TND  65.90 TND,No description available,https://images.zen.com.tn/uploads/8_U2_A0420_aa1ae31a65.JPG,1 Couleurs,/fr/produit/4078-chemise
JOGGER,34.93 TND  49.90 TND,No description available,https://images.zen.com.tn/medias/folder_14_11_2024/8_U2_A0169_d9d7fca3bb.webp,2 Couleurs,/fr/produit/4095-jogger
JEAN CARGO,55.93 TND,No description available,https://images.zen.com.tn/uploads/8_U2_A0149_fc14b0ac91.JPG,1 Couleurs,/fr/produit/4097-jean-cargo
VESTE,39.13 TND  55.90 TND,No description available,https://images.zen.com.tn/uploads/8_U2_A3527_1e6d1811a1.JPG,1 Couleurs,/fr/produit/4114-veste
VESTE,60.13 TND  85.90 TND,No description available,https://images.zen.com.tn/uploads/8_U2_A3426_1588a8aad6.JPG,3 Couleurs,/fr/produit/4107-veste
PANTALON,48.93 TND,No description available,https://images.zen.com.tn/medias/folder_23_10_2024/8_U2_A2303_6aa37bd9a5.webp,1 Couleurs,/fr/produit/3950-pantalon
PANTALON,48.93 TND  69.90 TND,No description available,https://images.zen.com.tn/medias/folder_04_11_2024/8_U2_A4899_49d4710ecc.webp,3 Couleurs,/fr/produit/3986-pantalon
PANTALON WIDE LEG,48.93 TND  69.90 TND,No description available,https://images.zen.com.tn/uploads/8_U2_A0200_9b2e671593.JPG,3 Couleurs,/fr/produit/4098-pantalon-wide-leg
CHEMISE,55.93 TND,No description available,https://images.zen.com.tn/medias/folder_16_09_2023/8_U2_A4528_d9230f68da.webp,2 Couleurs,/fr/produit/1470-chemise
CHEMISE,48.93 TND  69.90 TND,No description available,https://images.zen.com.tn/medias/folder_09_12_2023/8_U2_A1730_143230fc9f.webp,1 Couleurs,/fr/produit/1946-chemise
VESTE,48.93 TND  69.90 TND,No description available,https://images.zen.com.tn/medias/folder_26_03_2024/8_U2_A2197_389a75992e.webp,2 Couleurs,/fr/produit/2725-veste
LEGGING,20.93 TND,No description available,https://images.zen.com.tn/medias/folder_01_10_2024/8_U2_A4455_29a969e072.webp,2 Couleurs,/fr/produit/3823-legging
VESTE,53.13 TND  75.90 TND,No description available,https://images.zen.com.tn/medias/folder_04_09_2024/8_U2_A9139_170f85fece.webp,2 Couleurs,/fr/produit/3641-veste
VESTE,46.13 TND  65.90 TND,No description available,https://images.zen.com.tn/medias/folder_06_10_2023/8_U2_A2667_6726c2445b.webp,1 Couleurs,/fr/produit/1566-veste
JOGGER,20.93 TND,No description available,https://images.zen.com.tn/medias/folder_11_12_2023/8_U2_A1958_468c955545.webp,1 Couleurs,/fr/produit/1965-jogger
SWEAT,32.13 TND  45.90 TND,No description available,https://images.zen.com.tn/medias/folder_04_11_2024/8_U2_A5118_bd5d8545fb.webp,1 Couleurs,/fr/produit/3989-sweat
PARKA,90.93 TND  129.90 TND,No description available,https://images.zen.com.tn/medias/folder_16_10_2024/8_U2_A8381_e81e37c27d.webp,2 Couleurs,/fr/produit/3920-parka
VESTE,62.93 TND,No description available,https://images.zen.com.tn/medias/folder_03_04_2024/8_U2_A6811_6f1ad9444c.webp,2 Couleurs,/fr/produit/2824-veste
PULL -OVER,34.93 TND  49.90 TND,No description available,https://images.zen.com.tn/uploads/8_U2_A3461_f35e7e5685.JPG,2 Couleurs,/fr/produit/4102-pull--over
JOGGER,18.13 TND  25.90 TND,No description available,https://images.zen.com.tn/medias/fx_folder_20_11_2024/8_U2_A0301_38c7be18c3.webp,2 Couleurs,/fr/produit/4074-jogger
PANTALON,46.13 TND,No description available,https://images.zen.com.tn/medias/folder_13_11_2024/8_U2_A0146_75a402ea89.webp,1 Couleurs,/fr/produit/4011-pantalon
PULLOVER,34.93 TND  49.90 TND,No description available,https://images.zen.com.tn/medias/folder_13_11_2024/8_U2_A0426_f6905b4389.webp,2 Couleurs,/fr/produit/4007-pullover
CARDIGANS,34.93 TND  49.90 TND,No description available,https://images.zen.com.tn/medias/folder_15_11_2024/8_U2_A0376_6f70670f55.webp,2 Couleurs,/fr/produit/4068-cardigans
JOGGER,32.13 TND,No description available,https://images.zen.com.tn/medias/folder_13_11_2024/8_U2_A0108_509c07a752.webp,2 Couleurs,/fr/produit/4041-jogger
PANTALON,32.13 TND  45.90 TND,No description available,https://images.zen.com.tn/medias/folder_14_11_2024/8_U2_A0254_14ea417d0a.webp,3 Couleurs,/fr/produit/4086-pantalon
PULL OVER,32.13 TND  45.90 TND,No description available,https://images.zen.com.tn/medias/folder_14_11_2024/8_U2_A0391_9c1744e2ac.webp,3 Couleurs,/fr/produit/4076-pull-over
CARDIGANS,41.93 TND,No description available,https://images.zen.com.tn/medias/folder_23_09_2024/8_U2_A9934_bea18da610.webp,3 Couleurs,/fr/produit/3732-cardigans
JOGGER,25.13 TND  35.90 TND,No description available,https://images.zen.com.tn/medias/folder_01_11_2024/8_U2_A4931_06f7408336.webp,1 Couleurs,/fr/produit/3990-jogger
SWEAT SHIRT,27.93 TND  39.90 TND,No description available,https://images.zen.com.tn/medias/folder_21_10_2024/8_U2_A0237_4280758f8a.webp,3 Couleurs,/fr/produit/3907-sweat-shirt
VESTE,55.93 TND,No description available,https://images.zen.com.tn/medias/folder_11_11_2024/8_U2_A7487_fa18f7b4dc.webp,3 Couleurs,/fr/produit/3997-veste
PANTALON,46.13 TND  65.90 TND,No description available,https://images.zen.com.tn/medias/folder_07_11_2024/8_U2_A4976_7e399eb342.webp,2 Couleurs,/fr/produit/3993-pantalon
JOGGER,41.93 TND  59.90 TND,No description available,https://images.zen.com.tn/medias/folder_14_10_2024/8_U2_A7040_0db806def2.webp,2 Couleurs,/fr/produit/3878-jogger
JEAN CARGO,48.93 TND,No description available,https://images.zen.com.tn/medias/folder_04_11_2024/8_U2_A5023_3b9d39a284.webp,1 Couleurs,/fr/produit/3992-jean-cargo
JEAN CARGO,48.93 TND  69.90 TND,No description available,https://images.zen.com.tn/medias/folder_01_11_2024/8_U2_A5006_21e58662f2.webp,2 Couleurs,/fr/produit/3982-jean-cargo
JOGGER,34.93 TND  49.90 TND,No description available,https://images.zen.com.tn/medias/folder_01_11_2024/8_U2_A4942_527afc2611.webp,3 Couleurs,/fr/produit/3988-jogger
CHEMISE,34.93 TND,No description available,https://images.zen.com.tn/medias/folder_31_10_2024/8_U2_A4613_74b3bd32ee.webp,2 Couleurs,/fr/produit/3976-chemise
JOGGER,18.13 TND  25.90 TND,No description available,https://images.zen.com.tn/medias/folder_31_10_2024/8_U2_A4801_b3242a7de0.webp,3 Couleurs,/fr/produit/3974-jogger
PANTALON,39.13 TND  55.90 TND,No description available,https://images.zen.com.tn/medias/folder_23_10_2024/8_U2_A2347_896588a572.webp,1 Couleurs,/fr/produit/3948-pantalon
PANTALON,41.93 TND,No description available,https://images.zen.com.tn/medias/folder_01_11_2024/8_U2_A4993_1e5bce1e66.webp,2 Couleurs,/fr/produit/3995-pantalon
JEAN WIDE LEG,48.93 TND  69.90 TND,No description available,https://images.zen.com.tn/medias/folder_29_10_2024/8_U2_A3101_bc12809baa.webp,2 Couleurs,/fr/produit/3968-jean-wide-leg
ROBE,27.93 TND  39.90 TND,No description available,https://images.zen.com.tn/medias/folder_28_10_2024/8_U2_A3133_223ad4e2d5.webp,1 Couleurs,/fr/produit/3942-robe
VESTE,41.93 TND,No description available,https://images.zen.com.tn/medias/folder_28_10_2024/8_U2_A2957_dcde953586.webp,1 Couleurs,/fr/produit/3961-veste
PANTOUFLE,39.90 TND,No description available,https://images.zen.com.tn/medias/folder_08_10_2024/8_U2_A3944_372922d5cf.webp,2 Couleurs,/fr/produit/3879-pantoufle
SWEAT SHIRT,27.93 TND  39.90 TND,No description available,https://images.zen.com.tn/medias/folder_28_10_2024/8_U2_A3009_c58f158354.webp,1 Couleurs,/fr/produit/3966-sweat-shirt
SUR CHEMISE,46.13 TND,No description available,https://images.zen.com.tn/medias/folder_28_10_2024/8_U2_A2925_2e68382e40.webp,2 Couleurs,/fr/produit/3963-sur-chemise
PANTALON,46.13 TND  65.90 TND,No description available,https://images.zen.com.tn/medias/folder_29_10_2024/8_U2_A3088_8b31db1386.webp,3 Couleurs,/fr/produit/3937-pantalon
PANTALON,48.93 TND  69.90 TND,No description available,https://images.zen.com.tn/medias/folder_23_10_2024/8_U2_A2293_c402bc1676.webp,2 Couleurs,/fr/produit/3953-pantalon
ROBE,34.93 TND,No description available,https://images.zen.com.tn/medias/folder_23_10_2024/8_U2_A2263_ce242ba9ba.webp,2 Couleurs,/fr/produit/3941-robe
SWEAT SHIRT,27.93 TND  39.90 TND,No description available,https://images.zen.com.tn/medias/folder_18_10_2024/8_U2_A0097_5f1b3c627a.webp,1 Couleurs,/fr/produit/3901-sweat-shirt
SWEAT SHIRT,32.13 TND  45.90 TND,No description available,https://images.zen.com.tn/medias/folder_21_10_2024/8_U2_A0149_937bc7671b.webp,1 Couleurs,/fr/produit/3902-sweat-shirt
T SHIRT MANCHE,20.93 TND,No description available,https://images.zen.com.tn/medias/folder_18_10_2024/8_U2_A0219_60fff0dc3a.webp,2 Couleurs,/fr/produit/3908-t-shirt-manche
SHORT,20.93 TND  29.90 TND,No description available,https://images.zen.com.tn/medias/folder_29_10_2024/8_U2_A3120_0d2c1afb71.webp,2 Couleurs,/fr/produit/3898-short
T SHIRT MANCHE,20.93 TND  29.90 TND,No description available,https://images.zen.com.tn/medias/folder_15_10_2024/8_U2_A7416_cfc4b82784.webp,3 Couleurs,/fr/produit/3857-t-shirt-manche
JUPE MAILLE,39.13 TND,No description available,https://images.zen.com.tn/medias/folder_23_09_2024/8_U2_A0108_8023645d5a.webp,3 Couleurs,/fr/produit/3747-jupe-maille
PULL OVER,41.93 TND  59.90 TND,No description available,https://images.zen.com.tn/medias/folder_23_09_2024/8_U2_A9984_2_d1f5fb2138.webp,3 Couleurs,/fr/produit/3746-pull-over
SUR CHEMISE,48.93 TND  69.90 TND,No description available,https://images.zen.com.tn/medias/folder_21_10_2024/8_U2_A0227_af21d9eba4.webp,1 Couleurs,/fr/produit/3916-sur-chemise
JOGGER,32.13 TND,No description available,https://images.zen.com.tn/medias/folder_08_10_2024/8_U2_A6683_743a2289ff.webp,1 Couleurs,/fr/produit/3883-jogger
JUPE,27.93 TND  39.90 TND,No description available,https://images.zen.com.tn/medias/folder_01_10_2024/8_U2_A4607_515537e89b.webp,1 Couleurs,/fr/produit/3803-jupe
PANTALON,41.93 TND  59.90 TND,No description available,https://images.zen.com.tn/medias/folder_08_10_2024/8_U2_A6691_35b66aba54.webp,2 Couleurs,/fr/produit/3895-pantalon
SALOPETTE,32.13 TND,No description available,https://images.zen.com.tn/medias/folder_23_09_2024/8_U2_A0122_be33d96aa5.webp,2 Couleurs,/fr/produit/3729-salopette
SHORT,25.13 TND  35.90 TND,No description available,https://images.zen.com.tn/medias/folder_21_10_2024/8_U2_A0244_6058f92d1f.webp,2 Couleurs,/fr/produit/3929-short
SWEAT SHIRT,27.93 TND  39.90 TND,No description available,https://images.zen.com.tn/medias/folder_18_10_2024/8_U2_A0115_767bde4a5e.webp,3 Couleurs,/fr/produit/3900-sweat-shirt
SWEAT SHIRT,27.93 TND,No description available,https://images.zen.com.tn/medias/folder_11_09_2024/8_U2_A6729_6e55d0992a.webp,3 Couleurs,/fr/produit/3689-sweat-shirt
SWEAT SHIRT,27.93 TND  39.90 TND,No description available,https://images.zen.com.tn/medias/folder_18_10_2024/8_U2_A0073_2374230f84.webp,3 Couleurs,/fr/produit/3915-sweat-shirt
DEBARDEUR,34.93 TND  49.90 TND,No description available,https://images.zen.com.tn/medias/folder_17_09_2024/8_U2_A6859_bf3a2f835e.webp,1 Couleurs,/fr/produit/3662-debardeur
DÉBARDEUR,34.93 TND,No description available,https://images.zen.com.tn/medias/folder_17_09_2024/8_U2_A6877_46c625fdd6.webp,3 Couleurs,/fr/produit/3672-debardeur
PULL OVER,34.93 TND  49.90 TND,No description available,https://images.zen.com.tn/medias/folder_17_09_2024/8_U2_A6579_c90cba946b.webp,3 Couleurs,/fr/produit/3654-pull-over
PULL OVER,32.13 TND  45.90 TND,No description available,https://images.zen.com.tn/medias/folder_17_09_2024/8_U2_A6555_437298cc17.webp,2 Couleurs,/fr/produit/3651-pull-over
PULL OVER,41.93 TND,No description available,https://images.zen.com.tn/medias/folder_17_09_2024/8_U2_A6522_1d34354078.webp,2 Couleurs,/fr/produit/3663-pull-over
PULL-OVER,34.93 TND  49.90 TND,No description available,https://images.zen.com.tn/medias/folder_21_10_2024/8_U2_A0029_60c93e7a9d.webp,3 Couleurs,/fr/produit/3914-pull-over
JOGGER,27.93 TND  39.90 TND,No description available,https://images.zen.com.tn/medias/folder_14_10_2024/8_U2_A7007_997b6d3868.webp,4 Couleurs,/fr/produit/3873-jogger
PANTALON,41.93 TND,No description available,https://images.zen.com.tn/medias/folder_21_10_2024/8_U2_A0286_d3fe5a3958.webp,2 Couleurs,/fr/produit/3910-pantalon
PANTALON,41.93 TND  59.90 TND,No description available,https://images.zen.com.tn/medias/folder_21_10_2024/8_U2_A0295_2b780aeaa6.webp,2 Couleurs,/fr/produit/3899-pantalon
T SHIRT MANCHE,18.13 TND  25.90 TND,No description available,https://images.zen.com.tn/medias/folder_18_10_2024/8_U2_A0198_f8591298ff.webp,3 Couleurs,/fr/produit/3903-t-shirt-manche
T-SHIRT ML,20.93 TND,No description available,https://images.zen.com.tn/medias/folder_15_10_2024/8_U2_A7486_ca7733225d.webp,2 Couleurs,/fr/produit/3874-t-shirt-ml
SWEAT,39.13 TND  55.90 TND,No description available,https://images.zen.com.tn/medias/folder_18_01_2024/8_U2_A8457_03310e9ed8.webp,2 Couleurs,/fr/produit/2179-sweat
PANTALON,39.13 TND  55.90 TND,No description available,https://images.zen.com.tn/medias/folder_02_04_2024/8_U2_A7157_e0a3163877.webp,2 Couleurs,/fr/produit/2833-pantalon
DOUDOUNE,55.93 TND,No description available,https://images.zen.com.tn/medias/folder_23_09_2024/8_U2_A0065_375998b538.webp,1 Couleurs,/fr/produit/3705-doudoune
PANTOUFLE,45.90 TND,No description available,https://images.zen.com.tn/medias/folder_04_10_2024/8_U2_A3921_8d0e14ac29.webp,2 Couleurs,/fr/produit/3870-pantoufle
PANTOUFLE,45.90 TND,No description available,https://images.zen.com.tn/medias/folder_04_10_2024/8_U2_A4074_79e886e7d6.webp,2 Couleurs,/fr/produit/3871-pantoufle
CHEMISE,41.93 TND,No description available,https://images.zen.com.tn/medias/folder_24_09_2024/8_U2_A3098_4b480e959c.webp,3 Couleurs,/fr/produit/3756-chemise
JOGGER,27.93 TND  39.90 TND,No description available,https://images.zen.com.tn/medias/folder_08_10_2024/8_U2_A6723_a07c9997e1.webp,3 Couleurs,/fr/produit/3852-jogger
JOGGER,25.13 TND  35.90 TND,No description available,https://images.zen.com.tn/medias/folder_08_10_2024/8_U2_A6675_237443703b.webp,1 Couleurs,/fr/produit/3884-jogger
DOUDOUNE,90.93 TND,No description available,https://images.zen.com.tn/medias/folder_16_10_2024/8_U2_A8291_9_645d930b02.webp,2 Couleurs,/fr/produit/3928-doudoune
VESTE,39.13 TND  55.90 TND,No description available,https://images.zen.com.tn/medias/folder_08_10_2024/8_U2_A6594_4d3eaf5c82.webp,2 Couleurs,/fr/produit/3893-veste
CHEMISE,27.93 TND  39.90 TND,No description available,https://images.zen.com.tn/medias/folder_09_03_2024/1_S9_A8474_4df63dbfe3.webp,2 Couleurs,/fr/produit/2616-chemise
DOUDOUNE,55.93 TND,No description available,https://images.zen.com.tn/medias/folder_23_09_2024/8_U2_A0075_fd8579308b.webp,2 Couleurs,/fr/produit/3704-doudoune
CARDIGANS,34.93 TND  49.90 TND,No description available,https://images.zen.com.tn/medias/folder_08_10_2024/8_U2_A3709_98e7b747fb.webp,3 Couleurs,/fr/produit/3815-cardigans
DÉBARDEUR,32.13 TND  45.90 TND,No description available,https://images.zen.com.tn/medias/folder_17_09_2024/8_U2_A6915_393a2dd468.webp,3 Couleurs,/fr/produit/3655-debardeur
PULL OVER,34.93 TND,No description available,https://images.zen.com.tn/medias/folder_25_09_2024/8_U2_A6593_492bb46edc.webp,2 Couleurs,/fr/produit/3653-pull-over
PULL OVER,41.93 TND  59.90 TND,No description available,https://images.zen.com.tn/medias/folder_27_09_2024/8_U2_A3677_a7dc8be021.webp,1 Couleurs,/fr/produit/3814-pull-over
PARKA,90.93 TND  129.90 TND,No description available,https://images.zen.com.tn/medias/folder_16_10_2024/8_U2_A8357_ac3372f34b.webp,1 Couleurs,/fr/produit/3919-parka
PANTALON MAILLE,34.93 TND,No description available,https://images.zen.com.tn/medias/folder_23_09_2024/8_U2_A0134_920f495dec.webp,3 Couleurs,/fr/produit/3749-pantalon-maille
PULL OVER,34.93 TND  49.90 TND,No description available,https://images.zen.com.tn/medias/folder_23_09_2024/8_U2_A9966_18e54ff60e.webp,2 Couleurs,/fr/produit/3748-pull-over
DOUDOUNE,97.93 TND  139.90 TND,No description available,https://images.zen.com.tn/medias/folder_16_10_2024/39_ZSODF_00_9_7319c401e5.webp,1 Couleurs,/fr/produit/3918-doudoune
JACKET,41.93 TND,No description available,https://images.zen.com.tn/medias/fx_folder_09_03_2024/8_U2_A8140_9af18f38f1.webp,2 Couleurs,/fr/produit/2544-jacket
CARDIGAN ' GILET ',32.13 TND  45.90 TND,No description available,https://images.zen.com.tn/medias/folder_08_01_2024/8_U2_A8147_19360073cf.webp,1 Couleurs,/fr/produit/2148-cardigan-'-gilet-'
CARDIGON,32.13 TND  45.90 TND,No description available,https://images.zen.com.tn/medias/folder_27_02_2024/8_U2_A7985_ddbf70129b.webp,3 Couleurs,/fr/produit/2144-cardigon
CARDIGAN,32.13 TND,No description available,https://images.zen.com.tn/medias/folder_08_01_2024/2_1_c224cc7815.webp,1 Couleurs,/fr/produit/2157-cardigan
T-SHIRT ML,25.13 TND  35.90 TND,No description available,https://images.zen.com.tn/medias/folder_17_02_2024/8_U2_A4803_4505421f24.webp,1 Couleurs,/fr/produit/2445-t-shirt-ml
T SHIRT MANCHE,20.93 TND  29.90 TND,No description available,https://images.zen.com.tn/medias/folder_15_10_2024/8_U2_A7465_33d140bff5.webp,2 Couleurs,/fr/produit/3863-t-shirt-manche
CHEMISE,34.93 TND,No description available,https://images.zen.com.tn/medias/folder_15_10_2024/8_U2_A7437_55626779e4.webp,1 Couleurs,/fr/produit/3853-chemise
ENSEMBLE PYJAMA,25.13 TND  35.90 TND,No description available,https://images.zen.com.tn/medias/folder_15_10_2024/8_U2_A7091_1_66fb28cb34.webp,1 Couleurs,/fr/produit/3864-ensemble-pyjama
ENSEMBLE,25.13 TND  35.90 TND,No description available,https://images.zen.com.tn/medias/folder_14_10_2024/8_U2_A7180_558ea6ebed.webp,2 Couleurs,/fr/produit/3865-ensemble
JUPE,32.13 TND,No description available,https://images.zen.com.tn/medias/folder_14_10_2024/8_U2_A7057_1b2295468b.webp,2 Couleurs,/fr/produit/3858-jupe
CHEMISE,39.13 TND  55.90 TND,No description available,https://images.zen.com.tn/medias/folder_08_10_2024/8_U2_A6619_2955775aaf.webp,2 Couleurs,/fr/produit/3867-chemise
JOGGER,25.13 TND  35.90 TND,No description available,https://images.zen.com.tn/medias/folder_24_09_2024/8_U2_A3272_a4c700c0a7.webp,3 Couleurs,/fr/produit/3767-jogger
LEGGING,25.13 TND,No description available,https://images.zen.com.tn/medias/folder_08_10_2024/8_U2_A6705_2780306120.webp,2 Couleurs,/fr/produit/3861-legging
SOUS PULL,18.13 TND  25.90 TND,No description available,https://images.zen.com.tn/medias/folder_04_10_2024/8_U2_A5326_9d39d0736b.webp,1 Couleurs,/fr/produit/3847-sous-pull
JOGGER,27.93 TND  39.90 TND,No description available,https://images.zen.com.tn/medias/folder_08_10_2024/8_U2_A3805_fe8cd24588.webp,1 Couleurs,/fr/produit/3806-jogger
JOGGER,27.93 TND,No description available,https://images.zen.com.tn/medias/folder_08_10_2024/8_U2_A3791_20da4ddcc7.webp,3 Couleurs,/fr/produit/3799-jogger
JOGGER,27.93 TND  39.90 TND,No description available,https://images.zen.com.tn/medias/folder_04_10_2024/8_U2_A5547_21f642d8ef.webp,3 Couleurs,/fr/produit/3846-jogger
JOGGER,25.13 TND  35.90 TND,No description available,https://images.zen.com.tn/medias/folder_04_10_2024/8_U2_A5518_785caba148.webp,4 Couleurs,/fr/produit/3841-jogger
JOGGER,25.13 TND,No description available,https://images.zen.com.tn/medias/folder_04_10_2024/8_U2_A5533_423a1674c0.webp,2 Couleurs,/fr/produit/3843-jogger
PANTALON,46.13 TND  65.90 TND,No description available,https://images.zen.com.tn/medias/folder_01_10_2024/8_U2_A4596_904b945dfb.webp,3 Couleurs,/fr/produit/3827-pantalon
T-SHIRT ML,25.13 TND  35.90 TND,No description available,https://images.zen.com.tn/medias/folder_01_10_2024/8_U2_A4894_675b7faca7.webp,3 Couleurs,/fr/produit/3825-t-shirt-ml
T-SHIRT ML,25.13 TND,No description available,https://images.zen.com.tn/medias/folder_04_10_2024/8_U2_A5293_a069dcc77d.webp,3 Couleurs,/fr/produit/3842-t-shirt-ml
SWEAT SHIRT,27.93 TND  39.90 TND,No description available,https://images.zen.com.tn/medias/folder_04_10_2024/8_U2_A5272_2d17add113.webp,1 Couleurs,/fr/produit/3844-sweat-shirt
PANTALON,41.93 TND  59.90 TND,No description available,https://images.zen.com.tn/medias/folder_24_09_2024/8_U2_A0214_c2beb78870.webp,2 Couleurs,/fr/produit/3701-pantalon
CALEÇON,13.93 TND,No description available,https://images.zen.com.tn/medias/folder_31_07_2024/8_U2_A1928_c099ae93bf.webp,2 Couleurs,/fr/produit/3518-calecon
T-SHIRTML,25.13 TND  35.90 TND,No description available,https://images.zen.com.tn/medias/folder_01_10_2024/8_U2_A4872_48f4b80857.webp,3 Couleurs,/fr/produit/3824-t-shirtml
PANTALON,48.93 TND  69.90 TND,No description available,https://images.zen.com.tn/medias/folder_24_09_2024/8_U2_A0205_95f5109722.webp,2 Couleurs,/fr/produit/3702-pantalon
BASKET,77.94 TND,No description available,https://images.zen.com.tn/medias/folder_23_09_2024/8_U2_A1346_9d72b8e54a.webp,2 Couleurs,/fr/produit/3775-basket
SALOPETTE,25.13 TND  35.90 TND,No description available,https://images.zen.com.tn/medias/folder_24_09_2024/8_U2_A3297_6e3430f0cb.webp,3 Couleurs,/fr/produit/3757-salopette
T-SHIRT ML,35.90 TND,No description available,https://images.zen.com.tn/medias/folder_25_09_2024/8_U2_A2919_70e54af588.webp,3 Couleurs,/fr/produit/3763-t-shirt-ml
JEANS,41.93 TND,No description available,https://images.zen.com.tn/medias/folder_25_09_2024/8_U2_A0186_1055e2861c.webp,2 Couleurs,/fr/produit/3734-jeans
SALOPETTE,20.93 TND  29.90 TND,No description available,https://images.zen.com.tn/medias/folder_24_09_2024/8_U2_A3323_88152a57bc.webp,2 Couleurs,/fr/produit/3758-salopette
T SHIRT MANCHE,20.93 TND  29.90 TND,No description available,https://images.zen.com.tn/medias/folder_25_09_2024/8_U2_A3015_cf5f18de08.webp,3 Couleurs,/fr/produit/3768-t-shirt-manche
PANTALON,41.93 TND,No description available,https://images.zen.com.tn/medias/folder_24_09_2024/8_U2_A0236_b74e128b80.gif,3 Couleurs,/fr/produit/3714-pantalon
JOGGER,27.93 TND  39.90 TND,No description available,https://images.zen.com.tn/medias/folder_10_01_2024/8_U2_A6785_77d6022cca.webp,3 Couleurs,/fr/produit/2126-jogger
JOGER,20.93 TND  29.90 TND,No description available,https://images.zen.com.tn/medias/folder_15_01_2024/8_U2_A0504_e6fbe9ce42.webp,2 Couleurs,/fr/produit/2118-joger
SWEAT SHIRT,39.13 TND,No description available,https://images.zen.com.tn/medias/folder_04_09_2024/8_U2_A9427_5763868154.webp,1 Couleurs,/fr/produit/3629-sweat-shirt
JOGGER,27.93 TND  39.90 TND,No description available,https://images.zen.com.tn/medias/images/8U2A3224.webp,1 Couleurs,/fr/produit/3792-jogger
PANTALON,48.93 TND  69.90 TND,No description available,https://images.zen.com.tn/medias/folder_24_09_2024/8_U2_A0164_71c33a3e46.webp,3 Couleurs,/fr/produit/3738-pantalon
SWEAT SHIRT,32.13 TND,No description available,https://images.zen.com.tn/medias/folder_24_09_2024/8_U2_A2891_27da359bef.webp,1 Couleurs,/fr/produit/3766-sweat-shirt
SWEAT SHIRT,25.13 TND  35.90 TND,No description available,https://images.zen.com.tn/medias/folder_09_12_2023/8_U2_A1773_d61c183a01.webp,3 Couleurs,/fr/produit/1966-sweat-shirt
SWEAT SHIRT,32.13 TND  45.90 TND,No description available,https://images.zen.com.tn/medias/folder_23_10_2023/8_U2_A9985_73e982cafa.webp,1 Couleurs,/fr/produit/1647-sweat-shirt
SWEAT SHIRT,34.93 TND,No description available,https://images.zen.com.tn/medias/folder_23_09_2024/8_U2_A0049_e2d4f1bc8e.webp,1 Couleurs,/fr/produit/3710-sweat-shirt
PULL,25.13 TND  35.90 TND,No description available,https://images.zen.com.tn/medias/folder_25_09_2024/8_U2_A3070_36669b83b9.webp,2 Couleurs,/fr/produit/3793-pull
JEAN,48.93 TND  69.90 TND,No description available,https://images.zen.com.tn/medias/folder_24_09_2024/8_U2_A0177_ad23d4beed.webp,1 Couleurs,/fr/produit/3716-jean
SWEAT SHIRT,27.93 TND,No description available,https://images.zen.com.tn/medias/folder_27_08_2024/8_U2_A8817_8e51cbe370.webp,2 Couleurs,/fr/produit/3632-sweat-shirt
PANTALON,41.93 TND  59.90 TND,No description available,https://images.zen.com.tn/medias/folder_11_09_2024/8_U2_A6798_bf67221a25.webp,2 Couleurs,/fr/produit/3691-pantalon
T SHIRT MANCHE,20.93 TND  29.90 TND,No description available,https://images.zen.com.tn/medias/folder_25_09_2024/8_U2_A2975_0669dd91f4.webp,3 Couleurs,/fr/produit/3769-t-shirt-manche
SWEAT SHIRT,27.93 TND,No description available,https://images.zen.com.tn/medias/folder_11_09_2024/8_U2_A6701_13a862b331.webp,3 Couleurs,/fr/produit/3668-sweat-shirt
PANTALON,20.93 TND  29.90 TND,No description available,https://images.zen.com.tn/medias/folder_25_09_2024/8_U2_A3252_e3d3441acb.webp,1 Couleurs,/fr/produit/3765-pantalon
PULL,20.93 TND  29.90 TND,No description available,https://images.zen.com.tn/medias/folder_24_09_2024/8_U2_A2901_1ea5a10d52.webp,2 Couleurs,/fr/produit/3764-pull
T SHIRT MANCHE,20.93 TND,No description available,https://images.zen.com.tn/medias/folder_25_09_2024/8_U2_A3040_de5799bd23.webp,2 Couleurs,/fr/produit/3807-t-shirt-manche
LEGGING,34.93 TND  49.90 TND,No description available,https://images.zen.com.tn/medias/folder_24_09_2024/8_U2_A0249_4b75c4a66b.webp,2 Couleurs,/fr/produit/3684-legging
T SHIRT MANCHE,25.13 TND  35.90 TND,No description available,https://images.zen.com.tn/medias/folder_11_09_2024/8_U2_A6677_a2c8902955.webp,2 Couleurs,/fr/produit/3712-t-shirt-manche
JOGGER,27.93 TND,No description available,https://images.zen.com.tn/medias/folder_19_09_2024/8_U2_A0270_f239ffa725.webp,2 Couleurs,/fr/produit/3711-jogger
BASKET,71.94 TND  119.90 TND,No description available,https://images.zen.com.tn/medias/folder_23_09_2024/8_U2_A1124_73294f68be.webp,1 Couleurs,/fr/produit/3776-basket
BASKET,83.93 TND  119.90 TND,No description available,https://images.zen.com.tn/medias/folder_23_09_2024/8_U2_A1671_d8a831623e.webp,2 Couleurs,/fr/produit/3786-basket
BASKET,65.94 TND,No description available,https://images.zen.com.tn/medias/folder_23_09_2024/8_U2_A0956_7b0f88c106.webp,2 Couleurs,/fr/produit/3774-basket
CALEÇON,18.13 TND  25.90 TND,No description available,https://images.zen.com.tn/medias/folder_31_07_2024/8_U2_A1922_eb9697b3c0.webp,1 Couleurs,/fr/produit/3499-calecon
SOUS PULL,18.13 TND  25.90 TND,No description available,https://images.zen.com.tn/medias/folder_10_08_2024/8_U2_A4331_6ce750433d.webp,5 Couleurs,/fr/produit/3570-sous-pull
T SHIRT MANCHE,20.93 TND,No description available,https://images.zen.com.tn/medias/folder_17_09_2024/8_U2_A9893_23419d5970.webp,2 Couleurs,/fr/produit/3713-t-shirt-manche
CHEMISE,25.13 TND  35.90 TND,No description available,https://images.zen.com.tn/medias/folder_04_09_2024/8_U2_A7018_861725e1f2.webp,2 Couleurs,/fr/produit/2823-chemise
VESTE,46.13 TND  65.90 TND,No description available,https://images.zen.com.tn/medias/fx_folder_10_06_2024/8_U2_A5853_476b2269b1.webp,2 Couleurs,/fr/produit/3162-veste
PANTALON,48.93 TND,No description available,https://images.zen.com.tn/medias/folder_11_06_2024/8_U2_A8279_ed46af578e.webp,2 Couleurs,/fr/produit/3292-pantalon
VESTE,48.93 TND  69.90 TND,No description available,https://images.zen.com.tn/medias/folder_30_03_2024/8_U2_A4885_a79e77ccb3.webp,2 Couleurs,/fr/produit/2772-veste
JOGGER,25.13 TND  35.90 TND,No description available,https://images.zen.com.tn/medias/folder_24_08_2024/8_U2_A8886_be35377051.webp,3 Couleurs,/fr/produit/3619-jogger
POLO,27.93 TND,No description available,https://images.zen.com.tn/medias/folder_19_04_2024/8_U2_A3224_c1736a7373.webp,3 Couleurs,/fr/produit/2880-polo
JOGGER,25.13 TND  35.90 TND,No description available,https://images.zen.com.tn/medias/folder_24_08_2024/8_U2_A8896_e81719f09c.webp,1 Couleurs,/fr/produit/3611-jogger
VESTE,53.13 TND  75.90 TND,No description available,https://images.zen.com.tn/medias/folder_25_03_2024/8_U2_A2341_67dc7fa502.webp,2 Couleurs,/fr/produit/2708-veste
POLO,25.13 TND,No description available,https://images.zen.com.tn/medias/folder_25_03_2024/8_U2_A2359_f8dbe079a2.webp,3 Couleurs,/fr/produit/2706-polo
VESTE,55.93 TND  79.90 TND,No description available,https://images.zen.com.tn/medias/folder_08_05_2024/8_U2_A1346_4ad78cae4a.webp,3 Couleurs,/fr/produit/3005-veste
LEGGING,32.13 TND  45.90 TND,No description available,https://images.zen.com.tn/medias/folder_11_09_2024/8_U2_A6780_75f93af1fd.webp,3 Couleurs,/fr/produit/3666-legging
ROBE,41.93 TND,No description available,https://images.zen.com.tn/medias/folder_02_07_2024/8_U2_A5749_3a002ca6e9.webp,1 Couleurs,/fr/produit/3363-robe
CHEMISE,25.13 TND  35.90 TND,No description available,https://images.zen.com.tn/medias/folder_10_08_2024/8_U2_A4321_260280cb93.webp,2 Couleurs,/fr/produit/3562-chemise
T SHIRT MANCHE,20.93 TND  29.90 TND,No description available,https://images.zen.com.tn/medias/folder_06_08_2024/8_U2_A3574_6223880bdb.webp,2 Couleurs,/fr/produit/3558-t-shirt-manche
PULL,20.93 TND,No description available,https://images.zen.com.tn/medias/folder_24_08_2024/8_U2_A8824_cdb4994f6c.webp,3 Couleurs,/fr/produit/3618-pull
BRASSIERE,25.90 TND,No description available,https://images.zen.com.tn/medias/folder_16_08_2024/8_U2_A5532_314fe4f71a.webp,3 Couleurs,/fr/produit/3595-brassiere
BRASSIERE,25.90 TND,No description available,https://images.zen.com.tn/medias/folder_16_08_2024/8_U2_A5544_a7b991b24e.webp,3 Couleurs,/fr/produit/3594-brassiere
LEGGING,35.90 TND,No description available,https://images.zen.com.tn/medias/folder_24_08_2024/8_U2_A8859_206d1fe3b8.webp,3 Couleurs,/fr/produit/3610-legging
PANTALON,46.13 TND  65.90 TND,No description available,https://images.zen.com.tn/medias/folder_21_08_2024/8_U2_A5577_27e4b0b48b.webp,2 Couleurs,/fr/produit/3602-pantalon
PANTALON,41.93 TND  59.90 TND,No description available,https://images.zen.com.tn/medias/folder_16_08_2024/8_U2_A5556_317a213d72.webp,2 Couleurs,/fr/produit/3597-pantalon
T-SHIRT,20.93 TND,No description available,https://images.zen.com.tn/medias/folder_16_08_2024/8_U2_A5492_8c0d9d492a.webp,3 Couleurs,/fr/produit/3588-t-shirt
POLO,20.93 TND  29.90 TND,No description available,https://images.zen.com.tn/medias/folder_06_08_2024/8_U2_A3590_8176a44ee1.webp,2 Couleurs,/fr/produit/3559-polo
PANTALON,48.93 TND  69.90 TND,No description available,https://images.zen.com.tn/medias/fx_folder_03_05_2024/8_U2_A4760_7306fb90e2.webp,3 Couleurs,/fr/produit/2881-pantalon
PANTALON,48.93 TND,No description available,https://images.zen.com.tn/medias/folder_07_02_2024/8_U2_A0659_3023aa1e4c.webp,2 Couleurs,/fr/produit/2359-pantalon
T SHIRT,35.90 TND,No description available,https://images.zen.com.tn/medias/folder_02_07_2024/8_U2_A5697_ffe1d30c28.webp,1 Couleurs,/fr/produit/3434-t-shirt
T SHIRT,29.90 TND,No description available,https://images.zen.com.tn/medias/folder_16_05_2024/8_U2_A5191_4d967db456.webp,1 Couleurs,/fr/produit/3112-t-shirt
T SHIRT,29.50 TND,No description available,https://images.zen.com.tn/medias/fx_folder_10_06_2024/8_U2_A8039_668141d0f9.webp,1 Couleurs,/fr/produit/3283-t-shirt
CHEMISE,27.93 TND  39.90 TND,No description available,https://images.zen.com.tn/medias/folder_09_03_2024/1_S9_A8442_f97ba2934d.webp,2 Couleurs,/fr/produit/2645-chemise
PANTALON,41.93 TND  59.90 TND,No description available,https://images.zen.com.tn/medias/folder_11_06_2024/8_U2_A8263_e4ddf76378.webp,2 Couleurs,/fr/produit/3289-pantalon
PANTALON,41.93 TND,No description available,https://images.zen.com.tn/medias/folder_25_06_2024/8_U2_A0158_6ab1cb0562.webp,2 Couleurs,/fr/produit/3270-pantalon
T-SHIRT,20.93 TND  29.90 TND,No description available,https://images.zen.com.tn/medias/folder_16_08_2024/8_U2_A5476_439b3f47e4.webp,3 Couleurs,/fr/produit/3587-t-shirt
T SHIRT,20.93 TND  29.90 TND,No description available,https://images.zen.com.tn/medias/folder_02_07_2024/8_U2_A5683_ab8f052552.webp,1 Couleurs,/fr/produit/3433-t-shirt
T SHIRT,20.93 TND,No description available,https://images.zen.com.tn/medias/folder_12_06_2024/8_U2_A9351_d7e3e86702.webp,2 Couleurs,/fr/produit/3311-t-shirt
PANTALON,34.93 TND  49.90 TND,No description available,https://images.zen.com.tn/medias/folder_01_06_2024/8_U2_A2208_7789af37f5.webp,2 Couleurs,/fr/produit/3161-pantalon
T SHIRT,25.90 TND,No description available,https://images.zen.com.tn/medias/folder_16_05_2024/8_U2_A5111_eff4f5a2ce.webp,2 Couleurs,/fr/produit/3083-t-shirt
BASKET,54.95 TND,No description available,https://images.zen.com.tn/medias/folder_07_03_2024/8_U2_A6347_df0628108d.webp,2 Couleurs,/fr/produit/2635-basket
PANTALON,41.93 TND  59.90 TND,No description available,https://images.zen.com.tn/medias/folder_29_07_2024/8_U2_A1525_89b79a6da5.webp,3 Couleurs,/fr/produit/3525-pantalon
T-SHIRT,29.90 TND,No description available,https://images.zen.com.tn/medias/fx_folder_10_06_2024/8_U2_A8030_a1f6fc7f76.webp,2 Couleurs,/fr/produit/3314-t-shirt
T SHIRT,29.90 TND,No description available,https://images.zen.com.tn/medias/fx_folder_10_06_2024/8_U2_A8044_719b68f00c.webp,1 Couleurs,/fr/produit/3264-t-shirt
T SHIRT,25.90 TND,No description available,https://images.zen.com.tn/medias/fx_folder_10_06_2024/8_U2_A5817_e051c20e1c.webp,3 Couleurs,/fr/produit/3215-t-shirt
BLOUSE,29.90 TND,No description available,https://images.zen.com.tn/medias/folder_15_07_2024/8_U2_A8302_928181f1d8.webp,1 Couleurs,/fr/produit/3483-blouse
SHORT,49.90 TND,No description available,https://images.zen.com.tn/medias/folder_30_07_2024/8_U2_A1454_a4bf4fb684.webp,2 Couleurs,/fr/produit/3456-short
PANTALON,48.93 TND  69.90 TND,No description available,https://images.zen.com.tn/medias/folder_29_07_2024/8_U2_A1546_2f3dfd68f6.webp,2 Couleurs,/fr/produit/3373-pantalon
PANTALON FLARE,41.93 TND  59.90 TND,No description available,https://images.zen.com.tn/medias/folder_03_06_2024/8_U2_A2235_30fcb6ff95.webp,2 Couleurs,/fr/produit/3185-pantalon-flare
T-SHIRT,20.93 TND,No description available,https://images.zen.com.tn/medias/folder_30_07_2024/8_U2_A1418_583b6b1aba.webp,3 Couleurs,/fr/produit/3545-t-shirt
PANTALON,48.93 TND  69.90 TND,No description available,https://images.zen.com.tn/medias/folder_29_07_2024/8_U2_A1579_c8ad8871c5.webp,1 Couleurs,/fr/produit/3527-pantalon
PANTALON,48.93 TND  69.90 TND,No description available,https://images.zen.com.tn/medias/folder_31_07_2024/8_U2_A1952_05d427b338.webp,2 Couleurs,/fr/produit/3523-pantalon
CALSON,11.13 TND,No description available,https://images.zen.com.tn/medias/folder_31_07_2024/8_U2_A1935_f99e1b57ab.webp,2 Couleurs,/fr/produit/3548-calson
T SHIRT,29.90 TND,No description available,https://images.zen.com.tn/medias/fx_folder_31_08_2024/8_U2_A1438_6aaa69ddfb.webp,2 Couleurs,/fr/produit/3503-t-shirt
T SHIRT,25.90 TND,No description available,https://images.zen.com.tn/medias/fx_folder_10_06_2024/8_U2_A5908_2006426e14.webp,3 Couleurs,/fr/produit/3179-t-shirt
PANTALON,41.93 TND,No description available,https://images.zen.com.tn/medias/folder_29_07_2024/8_U2_A1514_d883e9fee9.webp,2 Couleurs,/fr/produit/3526-pantalon
PANTALON,41.93 TND  59.90 TND,No description available,https://images.zen.com.tn/medias/folder_31_07_2024/8_U2_A1946_f0aef741ab.webp,2 Couleurs,/fr/produit/3537-pantalon
PANTALON,48.93 TND  69.90 TND,No description available,https://images.zen.com.tn/medias/folder_26_02_2024/8_U2_A5858_6a8abbc6e5.webp,2 Couleurs,/fr/produit/2470-pantalon
PARFUM,35.90 TND,No description available,https://images.zen.com.tn/medias/folder_31_07_2024/8_U2_A1889ddd_DDDD_Ddddddd_2375342125.webp,1 Couleurs,/fr/produit/3418-parfum
PARFUM,35.90 TND,No description available,https://images.zen.com.tn/medias/folder_31_07_2024/8_U2_A1889ddd_DDDDD_dc56d320e5.webp,1 Couleurs,/fr/produit/3419-parfum
PANTALON,48.93 TND  69.90 TND,No description available,https://images.zen.com.tn/medias/folder_29_07_2024/8_U2_A1563_ebf76728f9.webp,2 Couleurs,/fr/produit/3381-pantalon
PANTALON,41.93 TND,No description available,https://images.zen.com.tn/medias/folder_29_07_2024/8_U2_A1537_9ef64d5324.webp,2 Couleurs,/fr/produit/3382-pantalon
CHEMISE,45.90 TND,No description available,https://images.zen.com.tn/medias/folder_02_07_2024/8_U2_A5703_bd2be83e08.webp,1 Couleurs,/fr/produit/3391-chemise
ENSEMBLE,59.90 TND,No description available,https://images.zen.com.tn/medias/folder_09_07_2024/8_U2_A6821_59e2a88901.webp,1 Couleurs,/fr/produit/3393-ensemble
PANTALON,34.93 TND,No description available,https://images.zen.com.tn/medias/fx_folder_03_05_2024/8_U2_A4746_934840bd87.webp,2 Couleurs,/fr/produit/2889-pantalon
PANTALON,41.93 TND  59.90 TND,No description available,https://images.zen.com.tn/medias/folder_11_06_2024/8_U2_A8302_eedbc69de8.webp,2 Couleurs,/fr/produit/3291-pantalon
JEAN WIDE,41.93 TND  59.90 TND,No description available,https://images.zen.com.tn/medias/folder_25_06_2024/8_U2_A0140_27ccd133bc.webp,2 Couleurs,/fr/produit/3267-jean-wide
PANTALON,41.93 TND,No description available,https://images.zen.com.tn/medias/folder_03_04_2024/8_U2_A7117_14b77463dc.webp,2 Couleurs,/fr/produit/2805-pantalon
POLO,27.93 TND  39.90 TND,No description available,https://images.zen.com.tn/medias/folder_02_07_2024/8_U2_A5718_9ca66be8f0.webp,1 Couleurs,/fr/produit/3426-polo
T SHIRT,35.90 TND,No description available,https://images.zen.com.tn/medias/folder_20_07_2024/8_U2_A8706_d01f9deaf1.webp,1 Couleurs,/fr/produit/3477-t-shirt
T SHIRT,35.90 TND,No description available,https://images.zen.com.tn/medias/folder_16_05_2024/8_U2_A5019_452b2c1a49.webp,3 Couleurs,/fr/produit/3086-t-shirt
T SHIRT,25.90 TND,No description available,https://images.zen.com.tn/medias/folder_02_07_2024/8_U2_A5690_48c64dee71.webp,1 Couleurs,/fr/produit/3435-t-shirt
SHORT,45.90 TND,No description available,https://images.zen.com.tn/medias/folder_08_07_2024/8_U2_A6645_cbc3a3f1e9.webp,3 Couleurs,/fr/produit/3409-short
JUPE,49.90 TND,No description available,https://images.zen.com.tn/medias/folder_08_07_2024/8_U2_A6618_f8e4eb364f.webp,2 Couleurs,/fr/produit/3364-jupe
CHOU CHOU,5.90 TND,No description available,https://images.zen.com.tn/medias/folder_01_06_2024/8_U2_A1536_33d5cc2aec.webp,2 Couleurs,/fr/produit/3227-chou-chou
CALCON,19.90 TND,No description available,https://images.zen.com.tn/medias/folder_11_06_2024/8_U2_A8378_a9cbc60d26.webp,2 Couleurs,/fr/produit/3308-calcon
ENSEMBLE,45.90 TND,No description available,https://images.zen.com.tn/medias/folder_09_07_2024/8_U2_A6873_2e334e6aa6.webp,2 Couleurs,/fr/produit/3376-ensemble
DEBARDEUR,19.90 TND,No description available,https://images.zen.com.tn/medias/folder_08_07_2024/8_U2_A6773_b7e705b21b.webp,2 Couleurs,/fr/produit/3410-debardeur
SHORT,25.90 TND,No description available,https://images.zen.com.tn/medias/folder_11_06_2024/8_U2_A8241_25847ed2ca.webp,2 Couleurs,/fr/produit/3320-short
CHEMISE,55.90 TND,No description available,https://images.zen.com.tn/medias/folder_25_06_2024/8_U2_A0582_4990516012.webp,1 Couleurs,/fr/produit/3358-chemise
T SHIRT,29.90 TND,No description available,https://images.zen.com.tn/medias/folder_02_07_2024/8_U2_A5737_c1f91f23f9.webp,2 Couleurs,/fr/produit/3412-t-shirt
ENSEMBLE,49.90 TND,No description available,https://images.zen.com.tn/medias/folder_25_06_2024/8_U2_A0273_08d1838a7e.webp,1 Couleurs,/fr/produit/3350-ensemble
ROBE,25.90 TND,No description available,https://images.zen.com.tn/medias/folder_12_06_2024/8_U2_A9130_b52a93ac5d.webp,3 Couleurs,/fr/produit/3312-robe
BERMUDA,55.90 TND,No description available,https://images.zen.com.tn/medias/folder_11_06_2024/8_U2_A9215_cebee58a4f.webp,3 Couleurs,/fr/produit/3339-bermuda
SHORT,49.90 TND,No description available,https://images.zen.com.tn/medias/folder_12_06_2024/8_U2_A9198_402561adae.webp,3 Couleurs,/fr/produit/3336-short
ENSEMBLE,55.90 TND,No description available,https://images.zen.com.tn/medias/folder_25_06_2024/8_U2_A0193_67be4b4155.webp,2 Couleurs,/fr/produit/3361-ensemble
POLO,29.90 TND,No description available,https://images.zen.com.tn/medias/fx_folder_10_06_2024/8_U2_A8049_2f1c92f1f2.webp,3 Couleurs,/fr/produit/3307-polo
ROBE,45.90 TND,No description available,https://images.zen.com.tn/medias/fx_folder_10_06_2024/8_U2_A8111_daa7f342e7.webp,3 Couleurs,/fr/produit/3324-robe
ROBE,55.90 TND,No description available,https://images.zen.com.tn/medias/folder_11_06_2024/8_U2_A8343_46db0df101.webp,2 Couleurs,/fr/produit/3287-robe
CHEMISE,39.90 TND,No description available,https://images.zen.com.tn/medias/fx_folder_10_06_2024/8_U2_A8019_79689df281.webp,1 Couleurs,/fr/produit/3286-chemise
T SHIRT,29.90 TND,No description available,https://images.zen.com.tn/medias/fx_folder_10_06_2024/8_U2_A8086_87e5a26513.webp,1 Couleurs,/fr/produit/3272-t-shirt
BLOUSE,29.90 TND,No description available,https://images.zen.com.tn/medias/fx_folder_10_06_2024/8_U2_A8126_432d5f5e86.webp,2 Couleurs,/fr/produit/3297-blouse
COMBISHORT,45.90 TND,No description available,https://images.zen.com.tn/medias/folder_11_06_2024/8_U2_A8286_70f6807cff.webp,1 Couleurs,/fr/produit/3296-combishort
ENSEMBLE,35.90 TND,No description available,https://images.zen.com.tn/medias/fx_folder_10_06_2024/8_U2_A2286_961162a0fb.webp,1 Couleurs,/fr/produit/3166-ensemble
ENSEMBLE,59.90 TND,No description available,https://images.zen.com.tn/medias/folder_11_06_2024/8_U2_A8390_bd68668b93.webp,1 Couleurs,/fr/produit/3298-ensemble
POLO,35.90 TND,No description available,https://images.zen.com.tn/medias/fx_folder_10_06_2024/8_U2_A5846_15c73f2852.webp,3 Couleurs,/fr/produit/3258-polo
T SHIRT,29.90 TND,No description available,https://images.zen.com.tn/medias/fx_folder_10_06_2024/8_U2_A5882_9ba0c5c855.webp,1 Couleurs,/fr/produit/3180-t-shirt
SAC À BANDOULIÈRE,49.90 TND,No description available,https://images.zen.com.tn/medias/folder_23_01_2024/8_U2_A0020_19490bcdce.webp,2 Couleurs,/fr/produit/2263-sac-a-bandouliere
T SHIRT,25.90 TND,No description available,https://images.zen.com.tn/medias/folder_07_05_2024/8_U2_A1968_d83a7bf411.webp,1 Couleurs,/fr/produit/3051-t-shirt
T-SHIRT,25.90 TND,No description available,https://images.zen.com.tn/medias/folder_07_05_2024/8_U2_A1945_8ae84f5ce0.webp,3 Couleurs,/fr/produit/3053-t-shirt
CHEMISE,32.13 TND,No description available,https://images.zen.com.tn/medias/folder_29_01_2024/8_U2_A3320_90775462a4.webp,1 Couleurs,/fr/produit/2292-chemise
MAILLOT DE BAIN,45.90 TND,No description available,https://images.zen.com.tn/medias/folder_05_06_2024/8_U2_A2057_d1015c3448.webp,1 Couleurs,/fr/produit/3220-maillot-de-bain
PANTALON,39.13 TND  55.90 TND,No description available,https://images.zen.com.tn/medias/folder_28_02_2024/8_U2_A8349_f6258f73c1.webp,1 Couleurs,/fr/produit/2513-pantalon
ROBE,39.13 TND,No description available,https://images.zen.com.tn/medias/folder_05_02_2024/8_U2_A0347_50c6e8d539.webp,1 Couleurs,/fr/produit/2367-robe
SHORT,39.90 TND,No description available,https://images.zen.com.tn/medias/folder_03_06_2024/8_U2_A2201_cf2439c008.webp,1 Couleurs,/fr/produit/3199-short
BALLERINE,34.93 TND  49.90 TND,No description available,https://images.zen.com.tn/medias/folder_13_01_2024/8_U2_A8240_e80c63784e.webp,6 Couleurs,/fr/produit/2208-ballerine
ROBE,59.90 TND,No description available,https://images.zen.com.tn/medias/fx_folder_03_05_2024/8_U2_A7473_26a71315e1.webp,3 Couleurs,/fr/produit/2958-robe
ROBE,25.90 TND,No description available,https://images.zen.com.tn/medias/folder_11_06_2024/8_U2_A1932_d634d1a35c.webp,3 Couleurs,/fr/produit/3218-robe
ROBE,49.90 TND,No description available,https://images.zen.com.tn/medias/folder_12_06_2024/8_U2_A1918_696e9f2d15.webp,2 Couleurs,/fr/produit/3165-robe
BLOUSE,29.90 TND,No description available,https://images.zen.com.tn/medias/folder_18_06_2024/8_U2_A1968_66ac10c3fe.webp,1 Couleurs,/fr/produit/3232-blouse
MAILLOT DE BAIN 'TRIKINI',49.90 TND,No description available,https://images.zen.com.tn/medias/folder_11_06_2024/8_U2_A6755_324403a6ef.webp,2 Couleurs,/fr/produit/3225-maillot-de-bain-'trikini'
MAILLOT DE BAIN,45.90 TND,No description available,https://images.zen.com.tn/medias/folder_11_06_2024/8_U2_A6597_5b8af9e86a.webp,1 Couleurs,/fr/produit/3221-maillot-de-bain
T SHIRT,29.90 TND,No description available,https://images.zen.com.tn/medias/fx_folder_10_06_2024/8_U2_A5893_392453502b.webp,2 Couleurs,/fr/produit/3197-t-shirt
T SHIRT,19.90 TND,No description available,https://images.zen.com.tn/medias/fx_folder_10_06_2024/8_U2_A8080_9f84966796.webp,1 Couleurs,/fr/produit/3118-t-shirt
ROBE,39.90 TND,No description available,https://images.zen.com.tn/medias/folder_03_06_2024/8_U2_A2219_ecabc6d166.webp,1 Couleurs,/fr/produit/3190-robe
TOP,19.90 TND,No description available,https://images.zen.com.tn/medias/folder_05_06_2024/8_U2_A1985_8172e8e30b.webp,2 Couleurs,/fr/produit/3237-top
MAILLOT DE BAIN,45.90 TND,No description available,https://images.zen.com.tn/medias/folder_05_06_2024/8_U2_A2065_4d7bd70ecf.webp,2 Couleurs,/fr/produit/3222-maillot-de-bain
MAILLOT DE BAIN,45.90 TND,No description available,https://images.zen.com.tn/medias/folder_05_06_2024/8_U2_A2030_9687f0b305.webp,2 Couleurs,/fr/produit/3262-maillot-de-bain
SHORT,45.90 TND,No description available,https://images.zen.com.tn/medias/folder_05_06_2024/8_U2_A2147_d846e80caf.webp,3 Couleurs,/fr/produit/3196-short
BIKINI,49.90 TND,No description available,https://images.zen.com.tn/medias/folder_05_06_2024/8_U2_A2101_065443cfdb.webp,1 Couleurs,/fr/produit/3226-bikini
BIKINI,49.90 TND,No description available,https://images.zen.com.tn/medias/folder_05_06_2024/8_U2_A2139_f9a87e3e27.webp,1 Couleurs,/fr/produit/3223-bikini
CASQUETTE,29.90 TND,No description available,https://images.zen.com.tn/medias/folder_07_05_2024/8_U2_A2143_7f5f7bd8b6.webp,1 Couleurs,/fr/produit/3048-casquette
ENSEMBLE,45.90 TND,No description available,https://images.zen.com.tn/medias/folder_14_05_2024/1_S9_A9372_4_d3f097283f.webp,2 Couleurs,/fr/produit/3085-ensemble
T SHIRT,25.90 TND,No description available,https://images.zen.com.tn/medias/folder_16_05_2024/8_U2_A4983_47171e1a9d.webp,2 Couleurs,/fr/produit/3061-t-shirt
ENSEMBLE,59.90 TND,No description available,https://images.zen.com.tn/medias/folder_03_05_2024/8_U2_A1218_5a602be063.webp,1 Couleurs,/fr/produit/2955-ensemble
SHORT,49.90 TND,No description available,https://images.zen.com.tn/medias/folder_10_05_2024/8_U2_A2796_f9ebf956a7.webp,3 Couleurs,/fr/produit/3063-short
DEBARDEUR,19.90 TND,No description available,https://images.zen.com.tn/medias/folder_27_04_2024/8_U2_A7437_3d636c0c7e.webp,1 Couleurs,/fr/produit/2899-debardeur
DEBARDEUR,15.90 TND,No description available,https://images.zen.com.tn/medias/folder_13_04_2024/8_U2_A0095_cd1a1dd784.webp,3 Couleurs,/fr/produit/2844-debardeur
BEBARDEUR,19.90 TND,No description available,https://images.zen.com.tn/medias/folder_27_05_2024/8_U2_A7455_9d58652986.webp,3 Couleurs,/fr/produit/3116-bebardeur
DEBARDEUR,25.90 TND,No description available,https://images.zen.com.tn/medias/folder_12_03_2024/8_U2_A9756_b70b1657a8.webp,2 Couleurs,/fr/produit/2662-debardeur
BERMUDA,35.90 TND,No description available,https://images.zen.com.tn/medias/folder_16_05_2024/8_U2_A5382_33f1e96496.webp,1 Couleurs,/fr/produit/3111-bermuda
SHORT,45.90 TND,No description available,https://images.zen.com.tn/medias/folder_25_05_2024/8_U2_A7531_901361be05.webp,2 Couleurs,/fr/produit/3131-short
T SHIRT,29.90 TND,No description available,https://images.zen.com.tn/medias/folder_16_05_2024/8_U2_A4992_912025c062.webp,1 Couleurs,/fr/produit/3065-t-shirt
ROBE,39.90 TND,No description available,https://images.zen.com.tn/medias/folder_10_05_2024/8_U2_A2875_02dc0b216b.webp,2 Couleurs,/fr/produit/3081-robe
T SHIRT,25.90 TND,No description available,https://images.zen.com.tn/medias/folder_04_04_2024/8_U2_A6779_673b5566d0.webp,3 Couleurs,/fr/produit/2802-t-shirt
CEINTURE,29.90 TND,No description available,https://images.zen.com.tn/medias/folder_09_03_2024/1_S9_A8131_84fce1e5c8.webp,1 Couleurs,/fr/produit/2633-ceinture
PANTALON,48.93 TND,No description available,https://images.zen.com.tn/medias/folder_19_03_2024/8_U2_A1424_06b5c33ac3.webp,2 Couleurs,/fr/produit/2700-pantalon
JEAN,48.93 TND  69.90 TND,No description available,https://images.zen.com.tn/medias/folder_29_05_2024/bleach_2_831a1486aa.webp,2 Couleurs,/fr/produit/2443-jean
PANTALON,48.93 TND  69.90 TND,No description available,https://images.zen.com.tn/medias/folder_02_04_2024/8_U2_A7070_4735b12064.webp,1 Couleurs,/fr/produit/2828-pantalon
PANTALON,41.93 TND,No description available,https://images.zen.com.tn/medias/folder_06_05_2024/8_U2_A1138_90de4da409.webp,2 Couleurs,/fr/produit/2992-pantalon
T SHIRT,25.90 TND,No description available,https://images.zen.com.tn/medias/folder_05_02_2024/8_U2_A0378_b12ed2f842.webp,1 Couleurs,/fr/produit/2370-t-shirt
CHEMISE,49.90 TND,No description available,https://images.zen.com.tn/medias/folder_30_03_2024/8_U2_A4827_daaf02f2b0.webp,2 Couleurs,/fr/produit/2762-chemise
PANTALON,48.93 TND,No description available,https://images.zen.com.tn/medias/folder_29_02_2024/8_U2_A8472_3c1dc17136.webp,2 Couleurs,/fr/produit/2531-pantalon
PANTALON,48.93 TND  69.90 TND,No description available,https://images.zen.com.tn/medias/folder_31_01_2024/8_U2_A3620_02c0122b1b.webp,2 Couleurs,/fr/produit/2304-pantalon
CASQUETTE,25.90 TND,No description available,https://images.zen.com.tn/medias/folder_23_04_2024/8_U2_A4507_3dbbb4db04.webp,2 Couleurs,/fr/produit/2875-casquette
CHEMISE,55.90 TND,No description available,https://images.zen.com.tn/medias/folder_19_04_2024/8_U2_A3213_d7140c5029.webp,1 Couleurs,/fr/produit/2864-chemise
T-SHIRT,29.90 TND,No description available,https://images.zen.com.tn/medias/folder_27_05_2024/8_U2_A7169_2cda3ef64f.webp,3 Couleurs,/fr/produit/3142-t-shirt
T SHIRT,35.90 TND,No description available,https://images.zen.com.tn/medias/folder_27_05_2024/8_U2_A7198_c7abcf7c75.webp,3 Couleurs,/fr/produit/3121-t-shirt
T SHIRT,25.90 TND,No description available,https://images.zen.com.tn/medias/folder_27_05_2024/8_U2_A7162_075aaac6a2.webp,1 Couleurs,/fr/produit/3132-t-shirt
T SHIRT,35.90 TND,No description available,https://images.zen.com.tn/medias/folder_07_05_2024/8_U2_A1962_63956aab4b.webp,1 Couleurs,/fr/produit/3047-t-shirt
T-SHIRT,25.90 TND,No description available,https://images.zen.com.tn/medias/folder_07_05_2024/8_U2_A1984_3790002f33.webp,3 Couleurs,/fr/produit/3054-t-shirt
VESTE,55.93 TND,No description available,https://images.zen.com.tn/medias/folder_10_02_2024/8_U2_A2638_4c62e68d48.webp,2 Couleurs,/fr/produit/2426-veste
DEBARDEUR,25.90 TND,No description available,https://images.zen.com.tn/medias/folder_07_05_2024/8_U2_A2074_95ab4031ed.webp,1 Couleurs,/fr/produit/3052-debardeur
CALEÇON,15.90 TND,No description available,https://images.zen.com.tn/medias/folder_07_05_2024/8_U2_A1090_074fff0205.webp,1 Couleurs,/fr/produit/3033-calecon
T SHIRT,29.90 TND,No description available,https://images.zen.com.tn/medias/folder_16_05_2024/8_U2_A5208_a0484258e2.webp,3 Couleurs,/fr/produit/3087-t-shirt
ENSEMBLE,49.90 TND,No description available,https://images.zen.com.tn/medias/folder_27_04_2024/8_U2_A7544_ef2b80b392.webp,2 Couleurs,/fr/produit/2950-ensemble
T-SHIRT,25.90 TND,No description available,https://images.zen.com.tn/medias/folder_16_05_2024/8_U2_A5130_f2fc17fe6e.webp,2 Couleurs,/fr/produit/3069-t-shirt
T SHIRT,25.90 TND,No description available,https://images.zen.com.tn/medias/folder_03_05_2024/8_U2_A1559_bd99d0dbf0.webp,2 Couleurs,/fr/produit/2964-t-shirt
SHORT,49.90 TND,No description available,https://images.zen.com.tn/medias/folder_07_05_2024/8_U2_A2082_94b6a2e6c9.webp,2 Couleurs,/fr/produit/3045-short
T SHIRT,35.90 TND,No description available,https://images.zen.com.tn/medias/folder_19_04_2024/8_U2_A3268_85518009cb.webp,2 Couleurs,/fr/produit/2873-t-shirt
T-SHIRT,25.90 TND,No description available,https://images.zen.com.tn/medias/folder_16_05_2024/8_U2_A5157_9fab3fda6e.webp,3 Couleurs,/fr/produit/3070-t-shirt
T SHIRT,29.90 TND,No description available,https://images.zen.com.tn/medias/folder_16_05_2024/8_U2_A5052_5b16aa0045.webp,2 Couleurs,/fr/produit/3064-t-shirt
SHORT,49.90 TND,No description available,https://images.zen.com.tn/medias/folder_07_05_2024/8_U2_A2091_36af62b0ce.webp,2 Couleurs,/fr/produit/3044-short
POLO,35.90 TND,No description available,https://images.zen.com.tn/medias/folder_07_05_2024/8_U2_A2013_a38727f38a.webp,3 Couleurs,/fr/produit/3039-polo
CHEMISE,39.90 TND,No description available,https://images.zen.com.tn/medias/folder_07_05_2024/8_U2_A1911_61f0b0dd68.webp,3 Couleurs,/fr/produit/3038-chemise
DEBARDEUR,19.90 TND,No description available,https://images.zen.com.tn/medias/fx_folder_03_05_2024/8_U2_A7415_51336b40cf.webp,4 Couleurs,/fr/produit/2949-debardeur
ROBE,39.90 TND,No description available,https://images.zen.com.tn/medias/folder_10_05_2024/8_U2_A2836_5339aa9c1c.webp,2 Couleurs,/fr/produit/3058-robe
ROBE,59.90 TND,No description available,https://images.zen.com.tn/medias/folder_07_05_2024/8_U2_A1996_7af406d540.webp,1 Couleurs,/fr/produit/2862-robe
ROBE,45.90 TND,No description available,https://images.zen.com.tn/medias/folder_07_05_2024/8_U2_A2058_7d23448452.webp,2 Couleurs,/fr/produit/3022-robe
CHEMISE,29.90 TND,No description available,https://images.zen.com.tn/medias/folder_13_04_2024/8_U2_A0057_a0d15e9359.webp,2 Couleurs,/fr/produit/2854-chemise
BLOUSE,35.90 TND,No description available,https://images.zen.com.tn/medias/folder_03_05_2024/8_U2_A1171_be1ce85d7d.webp,2 Couleurs,/fr/produit/2985-blouse
ROBE,29.90 TND,No description available,https://images.zen.com.tn/medias/fx_folder_03_05_2024/8_U2_A4637_86690f5057.webp,3 Couleurs,/fr/produit/2863-robe
SHORT,49.90 TND,No description available,https://images.zen.com.tn/medias/folder_28_02_2024/8_U2_A8381_0c40c3e458.webp,2 Couleurs,/fr/produit/2530-short
TONGS,39.90 TND,No description available,https://images.zen.com.tn/medias/folder_07_05_2024/8_U2_A0343_ed3eb9a2e2.webp,2 Couleurs,/fr/produit/2969-tongs
ROBE,55.90 TND,No description available,https://images.zen.com.tn/medias/folder_27_04_2024/8_U2_A7198_a9f5ed8db2.webp,1 Couleurs,/fr/produit/2902-robe
SHORT,49.90 TND,No description available,https://images.zen.com.tn/medias/folder_03_05_2024/8_U2_A1104_fcb01e67e2.webp,4 Couleurs,/fr/produit/2990-short
T SHIRT,25.90 TND,No description available,https://images.zen.com.tn/medias/folder_03_05_2024/8_U2_A1328_c2bfaaba33.webp,2 Couleurs,/fr/produit/3009-t-shirt
ROBE,49.90 TND,No description available,https://images.zen.com.tn/medias/folder_14_10_2023/8_U2_A5208_2200a30a5f.webp,2 Couleurs,/fr/produit/1559-robe
ROBE À CARREAUX BÉBÉ FILLE,49.90 TND,No description available,https://images.zen.com.tn/medias/folder_08_11_2023/8_U2_A0783_f387946e33.webp,2 Couleurs,/fr/produit/1755-robe-a-carreaux-bebe-fille
ENSEMBLE,69.90 TND,No description available,https://images.zen.com.tn/medias/folder_27_04_2024/8_U2_A7320_dc37a59569.webp,1 Couleurs,/fr/produit/2942-ensemble
SANDALE,79.90 TND,No description available,https://images.zen.com.tn/medias/folder_07_05_2024/8_U2_A0697_55d2796fd1.webp,2 Couleurs,/fr/produit/2930-sandale
SANDALE,79.90 TND,No description available,https://images.zen.com.tn/medias/fx_folder_03_05_2024/8_U2_A7914_d7f3e021ef.webp,1 Couleurs,/fr/produit/2929-sandale
SANDALE,69.90 TND,No description available,https://images.zen.com.tn/medias/folder_15_05_2024/bleu_3_7cf39cc63d.webp,1 Couleurs,/fr/produit/2927-sandale
SANDALE,69.90 TND,No description available,https://images.zen.com.tn/medias/folder_07_05_2024/8_U2_A0657_e7ca34b3b7.webp,1 Couleurs,/fr/produit/2932-sandale
CLAQUETTES,35.90 TND,No description available,https://images.zen.com.tn/medias/fx_folder_03_05_2024/8_U2_A7870_3bbf8071cb.webp,2 Couleurs,/fr/produit/2935-claquettes
TONGS,35.90 TND,No description available,https://images.zen.com.tn/medias/fx_folder_03_05_2024/8_U2_A7832_007b53ad47.webp,2 Couleurs,/fr/produit/2934-tongs
ROBE,49.90 TND,No description available,https://images.zen.com.tn/medias/folder_21_03_2024/8_U2_A1389_9e7d8332f6.webp,2 Couleurs,/fr/produit/2694-robe
SHORT,45.90 TND,No description available,https://images.zen.com.tn/medias/folder_13_04_2024/8_U2_A0034_707a32d890.webp,5 Couleurs,/fr/produit/2850-short
ENSEMBLE,49.90 TND,No description available,https://images.zen.com.tn/medias/folder_18_08_2023/8_U2_A9749_b2983a1f7d.webp,2 Couleurs,/fr/produit/1271-ensemble
SHORT,45.90 TND,No description available,https://images.zen.com.tn/medias/folder_21_06_2023/8_U2_A2605_2cbb82cbe5.JPG,2 Couleurs,/fr/produit/1027-short
DEBARDEUR,19.90 TND,No description available,https://images.zen.com.tn/medias/fx_folder_14_07_2023/8_U2_A2272_a3fddf39ae.webp,3 Couleurs,/fr/produit/1147-debardeur
SHORT,25.13 TND  35.90 TND,No description available,https://images.zen.com.tn/medias/folder_31_08_2023/8_U2_A0295_54ee63b9a9.webp,2 Couleurs,/fr/produit/1394-short
SHORT,39.90 TND,No description available,https://images.zen.com.tn/medias/folder_07_08_2023/8_U2_A4522_127242951c.webp,2 Couleurs,/fr/produit/1243-short
JUPE,45.90 TND,No description available,https://images.zen.com.tn/medias/fx_folder_03_05_2024/8_U2_A1162_d292d86a16.webp,1 Couleurs,/fr/produit/2999-jupe
T SHIRT,29.90 TND,No description available,https://images.zen.com.tn/medias/folder_27_04_2024/8_U2_A7152_d7c265bc5e.webp,2 Couleurs,/fr/produit/2911-t-shirt
T-SHIRT,29.90 TND,No description available,https://images.zen.com.tn/medias/folder_03_05_2024/8_U2_A1443_9dd8193dac.webp,3 Couleurs,/fr/produit/2998-t-shirt
T-SHIRT,29.90 TND,No description available,https://images.zen.com.tn/medias/folder_03_05_2024/8_U2_A1460_d07f63a6f3.webp,3 Couleurs,/fr/produit/2997-t-shirt
T SHIRT ' BRATZ',29.90 TND,No description available,https://images.zen.com.tn/medias/folder_03_05_2024/8_U2_A1493_87becbd655.webp,1 Couleurs,/fr/produit/2965-t-shirt-'-bratz'
T SHIRT,29.90 TND,No description available,https://images.zen.com.tn/medias/folder_03_05_2024/8_U2_A1399_5099747a72.webp,3 Couleurs,/fr/produit/2986-t-shirt
SHORT,45.90 TND,No description available,https://images.zen.com.tn/medias/folder_31_01_2024/8_U2_A3591_842aa665f3.webp,5 Couleurs,/fr/produit/2267-short
T-SHIRT,29.90 TND,No description available,https://images.zen.com.tn/medias/folder_19_04_2024/8_U2_A3167_cf490e3f89.webp,3 Couleurs,/fr/produit/2897-t-shirt
ENSEMBLE,49.90 TND,No description available,https://images.zen.com.tn/medias/folder_17_08_2023/8_U2_A9707_ee578aabd3.webp,3 Couleurs,/fr/produit/1290-ensemble
T-SHIRT,29.90 TND,No description available,https://images.zen.com.tn/medias/folder_19_04_2024/8_U2_A3190_0a1892fbcb.webp,3 Couleurs,/fr/produit/2895-t-shirt
T SHIRT,19.90 TND,No description available,https://images.zen.com.tn/medias/folder_25_03_2024/8_U2_A2402_04628efc78.webp,2 Couleurs,/fr/produit/2711-t-shirt
JUPE,59.90 TND,No description available,https://images.zen.com.tn/medias/folder_06_04_2024/8_U2_A5723_99f5d570ed.webp,3 Couleurs,/fr/produit/2788-jupe
TOP,19.90 TND,No description available,https://images.zen.com.tn/medias/folder_12_03_2024/1_S9_A7809_a137afcb58.webp,3 Couleurs,/fr/produit/2646-top
T SHIRT,25.90 TND,No description available,https://images.zen.com.tn/medias/folder_05_04_2024/8_U2_A7042_8736eff125.webp,4 Couleurs,/fr/produit/2817-t-shirt
T-SHIRT,25.90 TND,No description available,https://images.zen.com.tn/medias/folder_27_03_2024/8_U2_A4373_6dc5505685.webp,3 Couleurs,/fr/produit/2756-t-shirt
SHORT,25.90 TND,No description available,https://images.zen.com.tn/medias/folder_12_03_2024/1_S9_A8009_a1852a970e.webp,1 Couleurs,/fr/produit/2628-short
T SHIRT,25.90 TND,No description available,https://images.zen.com.tn/medias/folder_15_01_2024/8_U2_A0282_8b3bdf9cfd.webp,2 Couleurs,/fr/produit/2211-t-shirt
SHORT,29.90 TND,No description available,https://images.zen.com.tn/medias/folder_12_03_2024/1_S9_A7894_f7e98c503a.webp,7 Couleurs,/fr/produit/2629-short
T SHIRT,25.90 TND,No description available,https://images.zen.com.tn/medias/folder_19_04_2024/8_U2_A3300_aed8ddee2f.webp,1 Couleurs,/fr/produit/2867-t-shirt
DEBARDEUR,19.90 TND,No description available,https://images.zen.com.tn/medias/folder_12_03_2024/8_U2_A9766_6d22d3d7e1.webp,4 Couleurs,/fr/produit/2661-debardeur
BLOUSE,35.90 TND,No description available,https://images.zen.com.tn/medias/folder_03_10_2023/8_U2_A2246_11ceea43ff.webp,1 Couleurs,/fr/produit/1550-blouse
T-SHIRT,25.90 TND,No description available,https://images.zen.com.tn/medias/folder_19_04_2024/8_U2_A3125_3708ff88ca.webp,3 Couleurs,/fr/produit/2896-t-shirt
ENSEMBLE,49.90 TND,No description available,https://images.zen.com.tn/medias/fx_folder_03_05_2024/8_U2_A4650_68a7140028.webp,2 Couleurs,/fr/produit/2861-ensemble
CALCON,15.90 TND,No description available,https://images.zen.com.tn/medias/folder_03_05_2024/8_U2_A1020_e7c6945633.webp,1 Couleurs,/fr/produit/2988-calcon
ENSEMBLE,79.90 TND,No description available,https://images.zen.com.tn/medias/fx_folder_03_05_2024/8_U2_A7518_568449cb8b.webp,1 Couleurs,/fr/produit/2956-ensemble
SHORT,49.90 TND,No description available,https://images.zen.com.tn/medias/folder_08_02_2024/8_U2_A0805_255b25b6d5.webp,2 Couleurs,/fr/produit/2369-short
SHORT,39.90 TND,No description available,https://images.zen.com.tn/medias/folder_31_01_2024/8_U2_A3636_de817c59ec.webp,2 Couleurs,/fr/produit/2229-short
ENSEMBLE,35.90 TND,No description available,https://images.zen.com.tn/medias/folder_03_08_2023/8_U2_A4022_828fb4ce41.webp,3 Couleurs,/fr/produit/1169-ensemble
T SHIRT,25.90 TND,No description available,https://images.zen.com.tn/medias/folder_16_08_2023/8_U2_A9660_6f5576a78d.webp,3 Couleurs,/fr/produit/1270-t-shirt
T SHIRT,25.90 TND,No description available,https://images.zen.com.tn/medias/folder_23_01_2024/8_U2_A9688_2846c0f331.webp,2 Couleurs,/fr/produit/2241-t-shirt
ENSEMBLE,45.90 TND,No description available,https://images.zen.com.tn/medias/folder_08_08_2023/8_U2_A4537_a9d97d7c0b.webp,2 Couleurs,/fr/produit/1213-ensemble
COMBINAISON,75.90 TND,No description available,https://images.zen.com.tn/medias/folder_18_08_2023/8_U2_A9733_bb9f684fe5.webp,1 Couleurs,/fr/produit/1302-combinaison
DEBARDEUR,19.90 TND,No description available,https://images.zen.com.tn/medias/folder_21_11_2023/8_U2_A0866_cd8ca71197.webp,4 Couleurs,/fr/produit/1709-debardeur
ENSEMBLE,49.90 TND,No description available,https://images.zen.com.tn/medias/folder_08_08_2023/8_U2_A4646_e7c1e7ca02.webp,3 Couleurs,/fr/produit/1197-ensemble
T SHIRT,25.90 TND,No description available,https://images.zen.com.tn/medias/folder_07_08_2023/8_U2_A4549_931f887a38.webp,3 Couleurs,/fr/produit/1240-t-shirt
DEBARDEUR,19.90 TND,No description available,https://images.zen.com.tn/medias/folder_10_01_2024/8_U2_A4578_aa5ab595a0.webp,3 Couleurs,/fr/produit/1344-debardeur
SHORT,45.90 TND,No description available,https://images.zen.com.tn/medias/folder_07_08_2023/8_U2_A4519_a9e0ec446e.webp,1 Couleurs,/fr/produit/1278-short
BLOUSE,29.90 TND,No description available,https://images.zen.com.tn/medias/folder_08_08_2023/8_U2_A4623_34569aa22c.webp,1 Couleurs,/fr/produit/1249-blouse
BLOUSE,35.90 TND,No description available,https://images.zen.com.tn/medias/folder_07_08_2023/8_U2_A4553_6b7b8009ad.webp,1 Couleurs,/fr/produit/1237-blouse
SHORT,49.90 TND,No description available,https://images.zen.com.tn/medias/folder_10_01_2024/8_U2_A4513_564a54b8ce.webp,2 Couleurs,/fr/produit/1255-short
ROBE,59.90 TND,No description available,https://images.zen.com.tn/medias/folder_21_11_2023/8_U2_A2283_6c1972be49.webp,1 Couleurs,/fr/produit/1564-robe
T SHIRT,29.90 TND,No description available,https://images.zen.com.tn/medias/folder_05_04_2024/8_U2_A6985_72ff1f13e4.webp,3 Couleurs,/fr/produit/2822-t-shirt
VESTE,39.13 TND,No description available,https://images.zen.com.tn/medias/folder_18_03_2024/8_U2_A0466_80672db8ab.webp,3 Couleurs,/fr/produit/2679-veste
CHEMISE,39.13 TND  55.90 TND,No description available,https://images.zen.com.tn/medias/folder_06_03_2024/1_S9_A0381_06ec413436.webp,1 Couleurs,/fr/produit/2599-chemise
T SHIRT,25.90 TND,No description available,https://images.zen.com.tn/medias/folder_07_02_2024/8_U2_A1060_38cc6b7687.webp,2 Couleurs,/fr/produit/2381-t-shirt
BERMUDA,49.90 TND,No description available,https://images.zen.com.tn/medias/folder_07_08_2023/8_U2_A4528_7f03e8ef26.webp,2 Couleurs,/fr/produit/1212-bermuda
SHORT,35.90 TND,No description available,https://images.zen.com.tn/medias/folder_10_01_2024/8_U2_A4913_db988db909.webp,3 Couleurs,/fr/produit/1275-short
CHEMISE,39.90 TND,No description available,https://images.zen.com.tn/medias/fx_folder_01_08_2023/8_U2_A2448_65e0449b8f.webp,2 Couleurs,/fr/produit/1163-chemise
PANTALON,41.93 TND,No description available,https://images.zen.com.tn/medias/folder_28_02_2024/8_U2_A8429_9b87ebbc43.webp,2 Couleurs,/fr/produit/2524-pantalon
CHEMISE,34.93 TND  49.90 TND,No description available,https://images.zen.com.tn/medias/folder_27_02_2024/8_U2_A7991_1c31c63fae.webp,3 Couleurs,/fr/produit/2484-chemise
PANTALON,46.13 TND  65.90 TND,No description available,https://images.zen.com.tn/medias/folder_30_03_2024/8_U2_A5506_67f8325388.webp,2 Couleurs,/fr/produit/2778-pantalon
PANTALON,48.93 TND,No description available,https://images.zen.com.tn/medias/folder_30_03_2024/8_U2_A5576_a8fcd16a13.webp,1 Couleurs,/fr/produit/2777-pantalon
VESTE,48.93 TND  69.90 TND,No description available,https://images.zen.com.tn/medias/folder_30_03_2024/8_U2_A4996_4504aca430.webp,2 Couleurs,/fr/produit/2776-veste
PANTALON,41.93 TND  59.90 TND,No description available,https://images.zen.com.tn/medias/folder_04_03_2024/8_U2_A2262_39d3e4c98a.webp,2 Couleurs,/fr/produit/2570-pantalon
PANTALON,46.13 TND,No description available,https://images.zen.com.tn/medias/folder_28_03_2024/8_U2_A4453_0e1fddf806.webp,4 Couleurs,/fr/produit/2743-pantalon
VESTE,48.93 TND  69.90 TND,No description available,https://images.zen.com.tn/medias/folder_18_03_2024/8_U2_A0304_90197dff2b.webp,3 Couleurs,/fr/produit/2686-veste
VESTE,53.13 TND  75.90 TND,No description available,https://images.zen.com.tn/medias/folder_27_03_2024/8_U2_A4185_60bdf0e84e.webp,3 Couleurs,/fr/produit/2745-veste
CHEMISE,34.93 TND,No description available,https://images.zen.com.tn/medias/folder_05_03_2024/1_S9_A0252_e8345a7f2f.webp,2 Couleurs,/fr/produit/2592-chemise
CHEMISE,32.13 TND  45.90 TND,No description available,https://images.zen.com.tn/medias/folder_28_02_2024/8_U2_A8267_3a1efbb4e4.webp,1 Couleurs,/fr/produit/2483-chemise
CHEMISE,39.13 TND  55.90 TND,No description available,https://images.zen.com.tn/medias/folder_30_01_2024/8_U2_A3424_78285e2abd.webp,2 Couleurs,/fr/produit/2295-chemise
CHEMISE,34.93 TND,No description available,https://images.zen.com.tn/medias/folder_05_03_2024/1_S9_A0281_93869362eb.webp,1 Couleurs,/fr/produit/2600-chemise
CHEMISE,34.93 TND  49.90 TND,No description available,https://images.zen.com.tn/medias/folder_12_03_2024/8_U2_A9624_3ad3735618.webp,1 Couleurs,/fr/produit/2663-chemise
PANTALON,41.93 TND  59.90 TND,No description available,https://images.zen.com.tn/medias/folder_04_03_2024/8_U2_A2206_4a007b9280.webp,2 Couleurs,/fr/produit/2559-pantalon
BASKET,65.94 TND,No description available,https://images.zen.com.tn/medias/folder_22_03_2024/8_U2_A2752_f599235533.webp,2 Couleurs,/fr/produit/2747-basket
CHEMISE,41.93 TND  59.90 TND,No description available,https://images.zen.com.tn/medias/folder_28_12_2023/8_U2_A3969_0ad8da6c42.webp,1 Couleurs,/fr/produit/2073-chemise
CHEMISE,41.93 TND  59.90 TND,No description available,https://images.zen.com.tn/medias/folder_07_03_2024/8_U2_A7657_54b0b53868.webp,2 Couleurs,/fr/produit/2603-chemise
BLOUSON,48.93 TND,No description available,https://images.zen.com.tn/medias/folder_09_03_2024/1_S9_A8403_789eec4cc9.webp,1 Couleurs,/fr/produit/2625-blouson
GILET,34.93 TND  49.90 TND,No description available,https://images.zen.com.tn/medias/folder_14_03_2024/8_U2_A9833_657537ea20.webp,1 Couleurs,/fr/produit/2594-gilet
JUPE,34.93 TND  49.90 TND,No description available,https://images.zen.com.tn/medias/folder_08_02_2024/8_U2_A0775_51005a8b03.webp,4 Couleurs,/fr/produit/2373-jupe
PANTALON,41.93 TND,No description available,https://images.zen.com.tn/medias/folder_18_03_2024/8_U2_A0551_76b0fa5bcc.webp,3 Couleurs,/fr/produit/2676-pantalon
BLOUSE,39.13 TND  55.90 TND,No description available,https://images.zen.com.tn/medias/folder_28_02_2024/8_U2_A8189_6d6fd9c77b.webp,1 Couleurs,/fr/produit/2523-blouse
CHEMISE,32.13 TND  45.90 TND,No description available,https://images.zen.com.tn/medias/folder_06_03_2024/1_S9_A0337_46b22c9e09.webp,1 Couleurs,/fr/produit/2587-chemise
CHEMISE,41.93 TND,No description available,https://images.zen.com.tn/medias/folder_06_03_2024/1_S9_A0367_16c3fffa15.webp,1 Couleurs,/fr/produit/2591-chemise
CHEMISE,34.93 TND  49.90 TND,No description available,https://images.zen.com.tn/medias/folder_12_03_2024/8_U2_A9664_cceab90979.webp,2 Couleurs,/fr/produit/2660-chemise
CHEMISE,39.13 TND  55.90 TND,No description available,https://images.zen.com.tn/medias/folder_09_03_2024/1_S9_A8290_481ece3c0b.webp,1 Couleurs,/fr/produit/2644-chemise
VESTE,46.13 TND,No description available,https://images.zen.com.tn/medias/folder_09_03_2024/1_S9_A8424_02f4b83997.webp,2 Couleurs,/fr/produit/2612-veste
PANTALON,39.13 TND  55.90 TND,No description available,https://images.zen.com.tn/medias/folder_07_03_2024/8_U2_A7774_e52b79f65e.webp,1 Couleurs,/fr/produit/2611-pantalon
PANTALON,39.13 TND  55.90 TND,No description available,https://images.zen.com.tn/medias/folder_18_03_2024/8_U2_A0523_33149407f6.webp,2 Couleurs,/fr/produit/2672-pantalon
ROBE,39.13 TND,No description available,https://images.zen.com.tn/medias/folder_12_03_2024/8_U2_A9693_add4719da7.webp,1 Couleurs,/fr/produit/2659-robe
ROBE,39.13 TND  55.90 TND,No description available,https://images.zen.com.tn/medias/folder_25_03_2024/8_U2_A2268_2a8a982cbd.webp,2 Couleurs,/fr/produit/2702-robe
ROBE,41.93 TND  59.90 TND,No description available,https://images.zen.com.tn/medias/folder_06_03_2024/1_S9_A0351_949b1f4f44.webp,1 Couleurs,/fr/produit/2586-robe
ROBE,41.93 TND,No description available,https://images.zen.com.tn/medias/folder_07_03_2024/8_U2_A7702_d1a3be70e9.webp,1 Couleurs,/fr/produit/2508-robe
ROBE,41.93 TND  59.90 TND,No description available,https://images.zen.com.tn/medias/folder_25_03_2024/8_U2_A2226_ce1579228e.webp,1 Couleurs,/fr/produit/2699-robe
SALOPETTE,32.13 TND  45.90 TND,No description available,https://images.zen.com.tn/medias/folder_12_03_2024/1_S9_A7882_cc53863188.webp,1 Couleurs,/fr/produit/2613-salopette
SALOPETTE,27.93 TND,No description available,https://images.zen.com.tn/medias/folder_05_03_2024/8_U2_A6192_e3c368bf09.webp,2 Couleurs,/fr/produit/2579-salopette
T  SHIRT,29.90 TND,No description available,https://images.zen.com.tn/medias/folder_07_03_2024/8_U2_A7678_146740a829.webp,2 Couleurs,/fr/produit/2605-t--shirt
T SHIRT,29.90 TND,No description available,https://images.zen.com.tn/medias/folder_30_01_2024/8_U2_A3251_75da625d46.webp,3 Couleurs,/fr/produit/2335-t-shirt
T SHIRT,18.13 TND,No description available,https://images.zen.com.tn/medias/folder_12_03_2024/8_U2_A9634_093e402c23.webp,2 Couleurs,/fr/produit/2647-t-shirt
T SHIRT MANCHE,20.93 TND  29.90 TND,No description available,https://images.zen.com.tn/medias/folder_04_03_2024/8_U2_A1993_a5373466f7.webp,3 Couleurs,/fr/produit/2571-t-shirt-manche
VESTE,41.93 TND  59.90 TND,No description available,https://images.zen.com.tn/medias/folder_12_03_2024/8_U2_A9728_4ccbb298cb.webp,3 Couleurs,/fr/produit/2648-veste
VESTE,46.13 TND,No description available,https://images.zen.com.tn/medias/folder_25_03_2024/8_U2_A2187_c2805b50b5.webp,2 Couleurs,/fr/produit/2724-veste
CARDIGAN,32.13 TND  45.90 TND,No description available,https://images.zen.com.tn/medias/folder_08_01_2024/8_U2_A8169_d537061a98.webp,1 Couleurs,/fr/produit/2153-cardigan
CARDIGAN,32.13 TND  45.90 TND,No description available,https://images.zen.com.tn/medias/folder_08_01_2024/8_U2_A8136_d40895e7cc.webp,2 Couleurs,/fr/produit/2154-cardigan
SAC À BANDOULIÈRE,49.90 TND,No description available,https://images.zen.com.tn/medias/folder_29_03_2024/8_U2_A0124_189f1b8182.webp,1 Couleurs,/fr/produit/2262-sac-a-bandouliere
PULL,25.13 TND  35.90 TND,No description available,https://images.zen.com.tn/medias/folder_13_02_2024/8_U2_A2856_61b3805493.webp,1 Couleurs,/fr/produit/2433-pull
CARDIGAN,27.93 TND  39.90 TND,No description available,https://images.zen.com.tn/medias/folder_08_01_2024/3_1_7962337a97.webp,2 Couleurs,/fr/produit/2151-cardigan
ROBE,39.13 TND,No description available,https://images.zen.com.tn/medias/folder_13_02_2024/8_U2_A2901_964912ed41.webp,1 Couleurs,/fr/produit/2432-robe
ROBE,41.93 TND  59.90 TND,No description available,https://images.zen.com.tn/medias/folder_13_02_2024/8_U2_A2866_9d143e7ee9.webp,1 Couleurs,/fr/produit/2431-robe
DEBARDEUR,32.13 TND  45.90 TND,No description available,https://images.zen.com.tn/medias/folder_05_03_2024/8_U2_A6159_366d324765.webp,3 Couleurs,/fr/produit/2583-debardeur
CHEMISE,39.13 TND,No description available,https://images.zen.com.tn/medias/folder_05_03_2024/1_S9_A0196_a263343559.webp,1 Couleurs,/fr/produit/2585-chemise
CHEMISE,27.93 TND  39.90 TND,No description available,https://images.zen.com.tn/medias/folder_28_02_2024/8_U2_A8064_e7a3b62f2b.webp,1 Couleurs,/fr/produit/2504-chemise
BLOUSE,34.93 TND  49.90 TND,No description available,https://images.zen.com.tn/medias/folder_13_02_2024/8_U2_A2874_42240cb3b5.webp,1 Couleurs,/fr/produit/2430-blouse
JEAN,48.93 TND,No description available,https://images.zen.com.tn/medias/folder_04_03_2024/8_U2_A2317_0037081e5c.webp,2 Couleurs,/fr/produit/2575-jean
PANTALON,41.93 TND  59.90 TND,No description available,https://images.zen.com.tn/medias/folder_27_02_2024/8_U2_A8280_ab1ea841ac.webp,4 Couleurs,/fr/produit/2525-pantalon
SAC À BANDOULIÈRE,45.90 TND,No description available,https://images.zen.com.tn/medias/folder_23_01_2024/8_U2_A9971_727eb7ff2e.webp,3 Couleurs,/fr/produit/2260-sac-a-bandouliere
CARDIGAN,34.93 TND,No description available,https://images.zen.com.tn/medias/folder_08_01_2024/8_U2_A8169_747b330fea.webp,1 Couleurs,/fr/produit/2159-cardigan
ROBE,32.13 TND  45.90 TND,No description available,https://images.zen.com.tn/medias/folder_13_02_2024/8_U2_A2839_ad2bb31cea.webp,2 Couleurs,/fr/produit/2441-robe
JACKET,32.13 TND  45.90 TND,No description available,https://images.zen.com.tn/medias/folder_28_02_2024/8_U2_A8413_119e0c3052.webp,1 Couleurs,/fr/produit/2487-jacket
DEBARDEUR,27.93 TND,No description available,https://images.zen.com.tn/medias/folder_05_03_2024/8_U2_A6177_cf6b8dfd02.webp,3 Couleurs,/fr/produit/2584-debardeur
CHEMISE,34.93 TND  49.90 TND,No description available,https://images.zen.com.tn/medias/folder_05_03_2024/1_S9_A0298_8ec0ef940b.webp,1 Couleurs,/fr/produit/2602-chemise
ENSEMBLE,39.13 TND  55.90 TND,No description available,https://images.zen.com.tn/medias/folder_05_03_2024/bebe_13_cd775fab98.webp,2 Couleurs,/fr/produit/2555-ensemble
T SHIRT MANCHE,20.93 TND,No description available,https://images.zen.com.tn/medias/folder_28_02_2024/8_U2_A8132_517135aa20.webp,3 Couleurs,/fr/produit/2526-t-shirt-manche
GILET,41.93 TND  59.90 TND,No description available,https://images.zen.com.tn/medias/folder_07_02_2024/8_U2_A1034_7ed6694c7a.webp,2 Couleurs,/fr/produit/2379-gilet
VESTE,55.93 TND  79.90 TND,No description available,https://images.zen.com.tn/medias/folder_03_02_2024/8_U2_A0244_6135d64c9a.webp,2 Couleurs,/fr/produit/2343-veste
CHEMISE,34.93 TND,No description available,https://images.zen.com.tn/medias/folder_10_02_2024/8_U2_A2709_ce5f304ef4.webp,1 Couleurs,/fr/produit/2400-chemise
PANTALON,48.93 TND  69.90 TND,No description available,https://images.zen.com.tn/medias/folder_07_02_2024/8_U2_A0821_12107d3ddb.webp,1 Couleurs,/fr/produit/2397-pantalon
PULL,25.13 TND  35.90 TND,No description available,https://images.zen.com.tn/medias/folder_13_02_2024/8_U2_A2643_8292f4e97a.webp,3 Couleurs,/fr/produit/2423-pull
CARDIGAN,32.13 TND,No description available,https://images.zen.com.tn/medias/folder_08_01_2024/8_U2_A8163_a7a57099ad.webp,3 Couleurs,/fr/produit/2158-cardigan
CARDIGAN,32.13 TND  45.90 TND,No description available,https://images.zen.com.tn/medias/folder_08_01_2024/5_1_bc3fe45dc5.webp,3 Couleurs,/fr/produit/2152-cardigan
CARDIGAN ' GILET ',27.93 TND  39.90 TND,No description available,https://images.zen.com.tn/medias/folder_08_01_2024/7_1_4214aec7ad.webp,3 Couleurs,/fr/produit/2150-cardigan-'-gilet-'
CHEMISE,32.13 TND,No description available,https://images.zen.com.tn/medias/folder_30_01_2024/8_U2_A3443_74dc81c137.webp,1 Couleurs,/fr/produit/2324-chemise
T SHIRT MANCHE,25.13 TND  35.90 TND,No description available,https://images.zen.com.tn/medias/folder_29_01_2024/8_U2_A3122_d164060fba.webp,2 Couleurs,/fr/produit/2316-t-shirt-manche
ROBE,27.93 TND  39.90 TND,No description available,https://images.zen.com.tn/medias/folder_30_01_2024/8_U2_A3270_8675c194c7.webp,1 Couleurs,/fr/produit/2315-robe
JEAN,41.93 TND,No description available,https://images.zen.com.tn/medias/folder_31_01_2024/8_U2_A3576_68ab9a38e7.webp,2 Couleurs,/fr/produit/2277-jean
LOT DE 3 CHAUSSETTES,12.90 TND,No description available,https://images.zen.com.tn/medias/folder_13_02_2024/8_U2_A3241_efee1dba99.webp,1 Couleurs,/fr/produit/2415-lot-de-3-chaussettes
CHAUSSETTES LOT DE 3,12.90 TND,No description available,https://images.zen.com.tn/medias/folder_13_02_2024/8_U2_A3234_f1222c8840.webp,1 Couleurs,/fr/produit/2414-chaussettes-lot-de-3
LOT DE 3 CHAUSSETTES,12.90 TND,No description available,https://images.zen.com.tn/medias/folder_13_02_2024/8_U2_A3247_111f3e840b.webp,1 Couleurs,/fr/produit/2413-lot-de-3-chaussettes
POLO,35.90 TND,No description available,https://images.zen.com.tn/medias/folder_16_08_2023/8_U2_A9642_1b4d958e6e.webp,2 Couleurs,/fr/produit/1306-polo
POLO,35.90 TND,No description available,https://images.zen.com.tn/medias/folder_29_08_2023/8_U2_A0551_38c38f6505.webp,1 Couleurs,/fr/produit/1329-polo
SAC A MAIN,34.93 TND,No description available,https://images.zen.com.tn/medias/folder_23_01_2024/8_U2_A0009_847508d05e.webp,1 Couleurs,/fr/produit/2257-sac-a-main
T SHIRT MANCHE,20.93 TND  29.90 TND,No description available,https://images.zen.com.tn/medias/folder_30_01_2024/8_U2_A3403_0483984001.webp,1 Couleurs,/fr/produit/2337-t-shirt-manche
T SHIRT MANCHE,20.93 TND  29.90 TND,No description available,https://images.zen.com.tn/medias/folder_30_01_2024/8_U2_A3390_811646bb37.webp,3 Couleurs,/fr/produit/2338-t-shirt-manche
PULL,25.13 TND,No description available,https://images.zen.com.tn/medias/folder_31_01_2024/8_U2_A3163_14ed3f807b.webp,3 Couleurs,/fr/produit/2285-pull
PULL,25.13 TND  35.90 TND,No description available,https://images.zen.com.tn/medias/folder_29_01_2024/8_U2_A3139_64d11886a0.webp,2 Couleurs,/fr/produit/2286-pull
T SHIRT,29.90 TND,No description available,https://images.zen.com.tn/medias/folder_31_01_2024/8_U2_A3184_1fbf225689.webp,2 Couleurs,/fr/produit/2272-t-shirt
POLO,35.90 TND,No description available,https://images.zen.com.tn/medias/fx_folder_01_08_2023/8_U2_A2735_23f7843643.webp,1 Couleurs,/fr/produit/1143-polo
PANTALON,41.93 TND  59.90 TND,No description available,https://images.zen.com.tn/medias/folder_02_12_2023/8_U2_A9124_ab5625f308.webp,1 Couleurs,/fr/produit/1922-pantalon
PANTALON,34.93 TND  49.90 TND,No description available,https://images.zen.com.tn/medias/folder_02_12_2023/8_U2_A9142_2cf9633abe.webp,2 Couleurs,/fr/produit/1914-pantalon
CHEMISE,39.13 TND,No description available,https://images.zen.com.tn/medias/folder_23_02_2024/8_U2_A1371_3c89c50d19.webp,2 Couleurs,/fr/produit/2010-chemise
CHEMISE,34.93 TND  49.90 TND,No description available,https://images.zen.com.tn/medias/folder_21_12_2023/8_U2_A0029_2f2e98cdab.webp,1 Couleurs,/fr/produit/2028-chemise
JUPE EN DENIM,45.90 TND,No description available,https://images.zen.com.tn/medias/folder_18_10_2023/8_U2_A6880_e860e4f367.webp,2 Couleurs,/fr/produit/1612-jupe-en-denim
SWEAT SHIRT,32.13 TND,No description available,https://images.zen.com.tn/medias/folder_18_01_2024/8_U2_A8444_398dbefb0d.webp,2 Couleurs,/fr/produit/2131-sweat-shirt
CHEMISE,34.93 TND  49.90 TND,No description available,https://images.zen.com.tn/medias/folder_07_11_2023/8_U2_A7975_681b8392ef.webp,1 Couleurs,/fr/produit/1728-chemise
CHEMISE,41.93 TND  59.90 TND,No description available,https://images.zen.com.tn/medias/folder_26_12_2023/8_U2_A2972_7d4f56fd6c.webp,2 Couleurs,/fr/produit/2065-chemise
ROBE,32.13 TND,No description available,https://images.zen.com.tn/medias/folder_26_12_2023/8_U2_A2950_8d9f795fd8.webp,1 Couleurs,/fr/produit/2049-robe
ROBE,32.13 TND  45.90 TND,No description available,https://images.zen.com.tn/medias/folder_26_02_2024/8_U2_A2942_67c9f0986f.webp,1 Couleurs,/fr/produit/2048-robe
JUPE,27.93 TND  39.90 TND,No description available,https://images.zen.com.tn/medias/folder_15_01_2024/8_U2_A0523_e1ecf1bff0.webp,1 Couleurs,/fr/produit/2160-jupe
CHEMISE,34.93 TND,No description available,https://images.zen.com.tn/medias/folder_09_01_2024/8_U2_A6707_f0b045505a.webp,1 Couleurs,/fr/produit/2105-chemise
CHEMISE,32.13 TND  45.90 TND,No description available,https://images.zen.com.tn/medias/folder_29_08_2023/8_U2_A0555_a3c64d1865.webp,1 Couleurs,/fr/produit/1327-chemise
DEBARDEUR,27.93 TND  39.90 TND,No description available,https://images.zen.com.tn/medias/folder_05_12_2023/8_U2_A9972_a6a68c9b72.webp,1 Couleurs,/fr/produit/1936-debardeur
BLOUSE,45.90 TND,No description available,https://images.zen.com.tn/medias/folder_15_01_2024/8_U2_A0389_c509ddf5b0.webp,1 Couleurs,/fr/produit/2164-blouse
PANTALON MOM FIT,34.93 TND  49.90 TND,No description available,https://images.zen.com.tn/medias/folder_05_12_2023/8_U2_A0001_f490381823.webp,1 Couleurs,/fr/produit/1913-pantalon-mom-fit
JEAN,53.13 TND  75.90 TND,No description available,https://images.zen.com.tn/medias/folder_07_02_2024/8_U2_A0699_dc7931746d.webp,1 Couleurs,/fr/produit/2103-jean
JEAN,48.93 TND,No description available,https://images.zen.com.tn/medias/folder_07_02_2024/8_U2_A0686_814ceabdfd.webp,1 Couleurs,/fr/produit/2056-jean
BLOUSE,45.90 TND,No description available,https://images.zen.com.tn/medias/folder_06_01_2024/8_U2_A6006_7cad4a8bcc.webp,1 Couleurs,/fr/produit/2110-blouse
JEAN,46.13 TND  65.90 TND,No description available,https://images.zen.com.tn/medias/folder_31_01_2024/8_U2_A3713_91d8aebe99.webp,2 Couleurs,/fr/produit/2217-jean
JEAN WIDE LEG POUR FILLETTE,48.93 TND,No description available,https://images.zen.com.tn/medias/folder_04_11_2023/8_U2_A6964_67868deecd.webp,2 Couleurs,/fr/produit/1704-jean-wide-leg-pour-fillette
SAC A MAIN,49.90 TND,No description available,https://images.zen.com.tn/medias/folder_13_12_2023/8_U2_A9500_d172baa18a.webp,1 Couleurs,/fr/produit/1969-sac-a-main
SAC A MAIN,49.90 TND,No description available,https://images.zen.com.tn/medias/folder_13_12_2023/8_U2_A9510_fcdf85b7b1.webp,1 Couleurs,/fr/produit/1968-sac-a-main
CHEMISE,41.93 TND,No description available,https://images.zen.com.tn/medias/folder_09_12_2023/8_U2_A1742_843bc647bc.webp,1 Couleurs,/fr/produit/1941-chemise
CHEMISE,34.93 TND  49.90 TND,No description available,https://images.zen.com.tn/medias/folder_29_08_2023/8_U2_A0560_0bbfc44306.webp,1 Couleurs,/fr/produit/1326-chemise
JEAN,48.93 TND  69.90 TND,No description available,https://images.zen.com.tn/medias/folder_11_12_2023/8_U2_A1937_d87e758c9b.webp,2 Couleurs,/fr/produit/1932-jean
SALOPETTE,27.93 TND,No description available,https://images.zen.com.tn/medias/folder_09_12_2023/8_U2_A1788_32754075c4.webp,2 Couleurs,/fr/produit/1945-salopette
ROBE,34.93 TND  49.90 TND,No description available,https://images.zen.com.tn/medias/folder_24_01_2024/8_U2_A9646_a25d9c8708.webp,1 Couleurs,/fr/produit/2218-robe
T SHIRT MANCHE,25.13 TND  35.90 TND,No description available,https://images.zen.com.tn/medias/folder_09_01_2024/8_U2_A6673_3993c758b8.webp,3 Couleurs,/fr/produit/2122-t-shirt-manche
CHEMISE,27.93 TND,No description available,https://images.zen.com.tn/medias/folder_15_01_2024/8_U2_A0435_34494132d6.webp,1 Couleurs,/fr/produit/2172-chemise
SWEAT SHIRT,27.93 TND  39.90 TND,No description available,https://images.zen.com.tn/medias/folder_15_01_2024/8_U2_A0259_7b6416a38d.webp,2 Couleurs,/fr/produit/2193-sweat-shirt
CHEMISE,39.13 TND  55.90 TND,No description available,https://images.zen.com.tn/medias/folder_15_01_2024/8_U2_A0339_40b3fddf9b.webp,2 Couleurs,/fr/produit/2174-chemise
SWEAT SHIRT,34.93 TND,No description available,https://images.zen.com.tn/medias/folder_28_12_2023/8_U2_A3987_940df5c77a.webp,2 Couleurs,/fr/produit/2079-sweat-shirt
PULL OVER,34.93 TND  49.90 TND,No description available,https://images.zen.com.tn/medias/folder_23_01_2024/8_U2_A9600_7ae782a0d9.webp,1 Couleurs,/fr/produit/2236-pull-over
JEAN,48.93 TND  69.90 TND,No description available,https://images.zen.com.tn/medias/folder_31_01_2024/8_U2_A3694_ca515c5b55.webp,2 Couleurs,/fr/produit/2253-jean
PANTALON,41.93 TND,No description available,https://images.zen.com.tn/medias/folder_31_01_2024/8_U2_A3688_5c95965707.webp,2 Couleurs,/fr/produit/2220-pantalon
T SHIRT MANCHE,20.93 TND  29.90 TND,No description available,https://images.zen.com.tn/medias/folder_23_01_2024/8_U2_A9718_d3eb035354.webp,2 Couleurs,/fr/produit/2238-t-shirt-manche
CARDIGAN ' GILET ',27.93 TND  39.90 TND,No description available,https://images.zen.com.tn/medias/folder_08_01_2024/8_1_710705688c.webp,3 Couleurs,/fr/produit/2147-cardigan-'-gilet-'
T SHIRT MANCHE,20.93 TND,No description available,https://images.zen.com.tn/medias/folder_23_01_2024/8_U2_A9157_e33a3dbbce.webp,2 Couleurs,/fr/produit/2168-t-shirt-manche
T SHIRT,20.93 TND  29.90 TND,No description available,https://images.zen.com.tn/medias/folder_02_01_2024/8_U2_A4764_939677f887.webp,3 Couleurs,/fr/produit/2091-t-shirt
TENNIS À LACETS,44.95 TND  89.90 TND,No description available,https://images.zen.com.tn/medias/folder_14_10_2023/8_U2_A5375_06b450cc26.webp,2 Couleurs,/fr/produit/1557-tennis-a-lacets
PANTALON,48.93 TND,No description available,https://images.zen.com.tn/medias/folder_01_12_2023/8_U2_A8547_0ed5e123c6.webp,2 Couleurs,/fr/produit/1873-pantalon
CHEMISE,34.93 TND  49.90 TND,No description available,https://images.zen.com.tn/medias/folder_20_06_2023/8_U2_A2619_aa3ed37c07.JPG,2 Couleurs,/fr/produit/855-chemise
ROBE,34.93 TND  49.90 TND,No description available,https://images.zen.com.tn/medias/folder_09_01_2024/8_U2_A6737_c7bc93b5eb.webp,1 Couleurs,/fr/produit/2116-robe
ROBE,41.93 TND,No description available,https://images.zen.com.tn/medias/folder_26_12_2023/8_U2_A2965_00b1a3050e.webp,1 Couleurs,/fr/produit/2050-robe
CARDIGAN,32.13 TND  45.90 TND,No description available,https://images.zen.com.tn/medias/folder_29_01_2024/8_U2_A8563_5a04e502b8.webp,3 Couleurs,/fr/produit/2145-cardigan
JEAN,48.93 TND  69.90 TND,No description available,https://images.zen.com.tn/medias/folder_01_12_2023/8_U2_A8612_e5babb5a68.webp,2 Couleurs,/fr/produit/1880-jean
PANTALON,48.93 TND,No description available,https://images.zen.com.tn/medias/folder_28_12_2023/8_U2_A4004_13b4236a2c.webp,1 Couleurs,/fr/produit/2076-pantalon
SWEAT SHIRT,39.13 TND  55.90 TND,No description available,https://images.zen.com.tn/medias/folder_22_12_2023/8_U2_A9978_57703c77fd.webp,2 Couleurs,/fr/produit/2036-sweat-shirt
VESTE DENIM,55.93 TND  79.90 TND,No description available,https://images.zen.com.tn/medias/folder_22_11_2023/8_U2_A5316_a9fcf3370b.webp,2 Couleurs,/fr/produit/1832-veste-denim
SWEAT,48.93 TND,No description available,https://images.zen.com.tn/medias/folder_13_01_2024/8_U2_A0197_f64eb21e13.webp,3 Couleurs,/fr/produit/2191-sweat
CHEMISE,41.93 TND  59.90 TND,No description available,https://images.zen.com.tn/medias/folder_15_01_2024/8_U2_A0399_08965b21c1.webp,2 Couleurs,/fr/produit/2173-chemise
CHEMISE,34.93 TND  49.90 TND,No description available,https://images.zen.com.tn/medias/folder_13_01_2024/8_U2_A0186_af51150cee.webp,1 Couleurs,/fr/produit/2165-chemise
PANTALON,41.93 TND,No description available,https://images.zen.com.tn/medias/folder_04_12_2023/8_U2_A9115_fbd6ac7164.webp,2 Couleurs,/fr/produit/1908-pantalon
ROBE,34.93 TND  49.90 TND,No description available,https://images.zen.com.tn/medias/folder_06_01_2024/8_U2_A6000_4823060e06.webp,2 Couleurs,/fr/produit/2107-robe
T SHIRT MANCHE,25.13 TND  35.90 TND,No description available,https://images.zen.com.tn/medias/folder_21_12_2023/8_U2_A0078_a181629cfb.webp,2 Couleurs,/fr/produit/2017-t-shirt-manche
T SHIRT MANCHE,25.13 TND,No description available,https://images.zen.com.tn/medias/folder_09_01_2024/8_U2_A6656_2e97cdd734.webp,2 Couleurs,/fr/produit/2114-t-shirt-manche
PULL OVER,34.93 TND  49.90 TND,No description available,https://images.zen.com.tn/medias/folder_18_01_2024/8_U2_A8535_42904dd840.webp,1 Couleurs,/fr/produit/2201-pull-over
BLOUSE,25.13 TND  35.90 TND,No description available,https://images.zen.com.tn/medias/folder_09_01_2024/8_U2_A6680_31795e3f85.webp,2 Couleurs,/fr/produit/2106-blouse
JUPE,25.13 TND,No description available,https://images.zen.com.tn/medias/folder_22_12_2023/8_U2_A0099_48e7a6d0a1.webp,1 Couleurs,/fr/produit/2032-jupe
CHEMISE,39.13 TND  55.90 TND,No description available,https://images.zen.com.tn/medias/folder_02_01_2024/8_U2_A4789_f3ba4d50ee.webp,2 Couleurs,/fr/produit/2093-chemise
PANTALON,48.93 TND  69.90 TND,No description available,https://images.zen.com.tn/medias/folder_06_10_2023/JEANS_2_b4a04f0602.webp,1 Couleurs,/fr/produit/1581-pantalon
JUPE,27.93 TND,No description available,https://images.zen.com.tn/medias/folder_22_12_2023/8_U2_A0091_54b307905d.webp,1 Couleurs,/fr/produit/1994-jupe
JACKET,55.93 TND  79.90 TND,No description available,https://images.zen.com.tn/medias/folder_22_01_2024/8_U2_A4855_5e8aa582f9.webp,2 Couleurs,/fr/produit/2094-jacket
CHEMISE,41.93 TND  59.90 TND,No description available,https://images.zen.com.tn/medias/folder_19_12_2023/8_U2_A9718_fd8b1c2c12.webp,2 Couleurs,/fr/produit/2004-chemise
JEAN,48.93 TND,No description available,https://images.zen.com.tn/medias/folder_22_12_2023/8_U2_A0111_d06b1b648f.webp,2 Couleurs,/fr/produit/1999-jean
T SHIRT,20.93 TND  29.90 TND,No description available,https://images.zen.com.tn/medias/folder_02_01_2024/8_U2_A4749_e03c0ebb2f.webp,3 Couleurs,/fr/produit/2092-t-shirt
JEAN WIDE LEG,48.93 TND  69.90 TND,No description available,https://images.zen.com.tn/medias/folder_01_12_2023/8_U2_A8558_b114e3f75e.webp,2 Couleurs,/fr/produit/1879-jean-wide-leg
JEAN,48.93 TND,No description available,https://images.zen.com.tn/medias/folder_16_12_2023/8_U2_A9518_6852f3d8e9.webp,2 Couleurs,/fr/produit/1985-jean
PANTALON,41.93 TND  59.90 TND,No description available,https://images.zen.com.tn/medias/folder_27_12_2023/8_U2_A2994_5c452e4c19.webp,1 Couleurs,/fr/produit/2062-pantalon
PANTALON,41.93 TND  59.90 TND,No description available,https://images.zen.com.tn/medias/folder_02_11_2023/8_U2_A6992_155919fbe1.webp,2 Couleurs,/fr/produit/1724-pantalon
JEAN WIDE LEG,48.93 TND,No description available,https://images.zen.com.tn/medias/folder_01_12_2023/8_U2_A8572_a4aaf3ba27.webp,2 Couleurs,/fr/produit/1876-jean-wide-leg
VESTE,39.13 TND  55.90 TND,No description available,https://images.zen.com.tn/medias/folder_02_01_2024/8_U2_A4784_d5a74d96bc.webp,1 Couleurs,/fr/produit/2099-veste
JEAN BOYFRIEND,41.93 TND  59.90 TND,No description available,https://images.zen.com.tn/medias/folder_23_10_2023/8_U2_A0015_e10fb2c82b.webp,1 Couleurs,/fr/produit/1655-jean-boyfriend
CHAUSSETTES LOT DE 5,19.90 TND,No description available,https://images.zen.com.tn/medias/folder_03_01_2024/8_U2_A5002_29b786f819.webp,1 Couleurs,/fr/produit/2061-chaussettes-lot-de-5
CHAUSSETTES LOT DE 5,19.90 TND,No description available,https://images.zen.com.tn/medias/folder_03_01_2024/8_U2_A4993_8882674f95.webp,1 Couleurs,/fr/produit/2077-chaussettes-lot-de-5
CHAUSSETTES LOT DE 5,19.90 TND,No description available,https://images.zen.com.tn/medias/folder_03_01_2024/8_U2_A4977_32571bc424.webp,1 Couleurs,/fr/produit/2060-chaussettes-lot-de-5
TRICOT DE CORPS,9.90 TND,No description available,https://images.zen.com.tn/medias/folder_02_01_2024/8_U2_A4879_94467bd73f.webp,1 Couleurs,/fr/produit/2113-tricot-de-corps
SWEAT SHIRT,32.13 TND  45.90 TND,No description available,https://images.zen.com.tn/medias/folder_26_12_2023/8_U2_A2929_3b81993eb8.webp,2 Couleurs,/fr/produit/2053-sweat-shirt
ROBE,48.93 TND  69.90 TND,No description available,https://images.zen.com.tn/medias/folder_04_12_2023/8_U2_A9265_9a862d438e.webp,2 Couleurs,/fr/produit/1897-robe
JUPE,20.93 TND,No description available,https://images.zen.com.tn/medias/folder_16_12_2023/8_U2_A9631_13f6cd37fb.webp,1 Couleurs,/fr/produit/1977-jupe
PANTALON,41.93 TND  59.90 TND,No description available,https://images.zen.com.tn/medias/folder_16_12_2023/8_U2_A9535_9d369e2133.webp,3 Couleurs,/fr/produit/1973-pantalon
VESTE,55.93 TND  79.90 TND,No description available,https://images.zen.com.tn/medias/folder_05_12_2023/8_U2_A9944_9fbbefb021.webp,1 Couleurs,/fr/produit/1924-veste
CHEMISE,32.13 TND,No description available,https://images.zen.com.tn/medias/folder_04_12_2023/8_U2_A9196_37b41919d1.webp,1 Couleurs,/fr/produit/1917-chemise
CHEMISE,34.93 TND  49.90 TND,No description available,https://images.zen.com.tn/medias/folder_09_12_2023/8_U2_A1756_8b13b102f9.webp,2 Couleurs,/fr/produit/1942-chemise
JUPE,20.93 TND  29.90 TND,No description available,https://images.zen.com.tn/medias/folder_05_12_2023/8_U2_A9992_763cc87029.webp,1 Couleurs,/fr/produit/1804-jupe
JOGGER,25.13 TND,No description available,https://images.zen.com.tn/medias/folder_01_12_2023/8_U2_A8579_e189691c36.webp,2 Couleurs,/fr/produit/1867-jogger
PANTALON,27.93 TND  39.90 TND,No description available,https://images.zen.com.tn/medias/folder_01_12_2023/8_U2_A8565_8d63efb49b.webp,2 Couleurs,/fr/produit/1888-pantalon
VESTE,41.93 TND  59.90 TND,No description available,https://images.zen.com.tn/medias/folder_30_11_2023/8_U2_A8304_60105b9767.webp,1 Couleurs,/fr/produit/1858-veste
CHEMISE,32.13 TND,No description available,https://images.zen.com.tn/medias/folder_30_11_2023/8_U2_A8321_0e8305a3f3.webp,1 Couleurs,/fr/produit/1855-chemise
PANTALON,41.93 TND  59.90 TND,No description available,https://images.zen.com.tn/medias/folder_27_11_2023/8_U2_A7339_8205049eae.webp,2 Couleurs,/fr/produit/1842-pantalon
PANTALON,48.93 TND  69.90 TND,No description available,https://images.zen.com.tn/medias/folder_21_11_2023/8_U2_A4557_793f7c2ba1.webp,3 Couleurs,/fr/produit/1827-pantalon
CHEMISE,41.93 TND,No description available,https://images.zen.com.tn/medias/folder_18_11_2023/8_U2_A3489_e866c883fc.webp,1 Couleurs,/fr/produit/1792-chemise
VESTE,46.13 TND  65.90 TND,No description available,https://images.zen.com.tn/medias/folder_02_11_2023/8_U2_A6932_3331ef2c9e.webp,3 Couleurs,/fr/produit/1676-veste
DOUDOUNE BÉBÉ FILLE,83.93 TND  119.90 TND,No description available,https://images.zen.com.tn/medias/folder_21_10_2023/8_U2_A0006_4fbfd38f8f.webp,2 Couleurs,/fr/produit/1656-doudoune-bebe-fille
PANTALON,41.93 TND,No description available,https://images.zen.com.tn/medias/folder_23_09_2023/8_U2_A6416_7363c16767.webp,3 Couleurs,/fr/produit/1505-pantalon
CREEKS,44.95 TND  89.90 TND,No description available,https://images.zen.com.tn/medias/folder_18_10_2023/8_U2_A5273_0e95ae1ff1.webp,1 Couleurs,/fr/produit/1558-creeks
GILET MAILLE BÉBÉ FILLE,32.13 TND  45.90 TND,No description available,https://images.zen.com.tn/medias/folder_14_10_2023/8_U2_A5184_b4e895ff86.webp,1 Couleurs,/fr/produit/1607-gilet-maille-bebe-fille
CHEMISE,48.93 TND,No description available,https://images.zen.com.tn/medias/folder_13_10_2023/8_U2_A5718_8f6176b08c.webp,2 Couleurs,/fr/produit/1608-chemise
PANTALON,48.93 TND  69.90 TND,No description available,https://images.zen.com.tn/medias/folder_06_10_2023/8_U2_A2307_84355223cd.webp,2 Couleurs,/fr/produit/1573-pantalon
PULL FILLETTE,29.90 TND,No description available,https://images.zen.com.tn/medias/folder_28_09_2023/8_U2_A9971_5daea57bb9.webp,1 Couleurs,/fr/produit/1530-pull-fillette
JEAN POUR FILLE,41.93 TND,No description available,https://images.zen.com.tn/medias/folder_22_09_2023/8_U2_A6718_c0c314b764.webp,2 Couleurs,/fr/produit/1510-jean-pour-fille
T SHIRT,25.13 TND  35.90 TND,No description available,https://images.zen.com.tn/medias/folder_22_09_2023/8_U2_A6664_3436b3a87a.webp,2 Couleurs,/fr/produit/1417-t-shirt
PANTALON,48.93 TND  69.90 TND,No description available,https://images.zen.com.tn/medias/folder_29_08_2023/JEANS_2_56a4936181.webp,1 Couleurs,/fr/produit/1371-pantalon
PANTALON,41.93 TND,No description available,https://images.zen.com.tn/medias/folder_29_08_2023/JEANS_2_53429a5064.webp,1 Couleurs,/fr/produit/1367-pantalon
PANTALON,48.93 TND  69.90 TND,No description available,https://images.zen.com.tn/medias/folder_28_08_2023/8_U2_A0628_7e8b1a0dad.webp,2 Couleurs,/fr/produit/1375-pantalon
PANTALON,39.13 TND  55.90 TND,No description available,https://images.zen.com.tn/medias/folder_12_08_2023/JEANS_GRIS_2_4d2ecf0ed0.webp,1 Couleurs,/fr/produit/1315-pantalon
POLO,25.13 TND,No description available,https://images.zen.com.tn/medias/folder_19_04_2023/8_U2_A4588_664bc28f2a.JPG,3 Couleurs,/fr/produit/750-polo
CRAVATE,4.13 TND  5.90 TND,No description available,https://images.zen.com.tn/medias/folder_14_04_2023/76_256a91ced2.jpg,4 Couleurs,/fr/produit/103-cravate
PANTALON CHINO,41.93 TND  59.90 TND,No description available,https://images.zen.com.tn/medias/folder_06_04_2023/8_U2_A8439_ed72dcaae2.JPG,2 Couleurs,/fr/produit/598-pantalon-chino
T SHIRT,18.13 TND,No description available,https://images.zen.com.tn/medias/folder_27_03_2023/BM_1_705ae1ec1b.JPG,2 Couleurs,/fr/produit/509-t-shirt
ENSEMBLE,48.93 TND  69.90 TND,No description available,https://images.zen.com.tn/medias/folder_27_03_2023/8_U2_A6132d_8a673cdf9b.jpg,2 Couleurs,/fr/produit/435-ensemble
PACK BOXERS,25.90 TND,No description available,https://images.zen.com.tn/medias/3_folder_27_03_2023/8_U2_A1029_d4344e225b.JPG,3 Couleurs,/fr/produit/525-pack-boxers
PULL AVEC MOTIF IMPRIMÉ,18.13 TND,No description available,https://images.zen.com.tn/medias/folder_308/8_U2_A2903_98b5897ac3.jpg,1 Couleurs,/fr/produit/292-pull-avec-motif-imprime
SOUS PULL,20.93 TND  29.90 TND,No description available,https://images.zen.com.tn/medias/folder_315/8_U2_A3089_61e643e143.jpg,1 Couleurs,/fr/produit/254-sous-pull
N/A,N/A,No description available,No image available,N/A,N/A
N/A,N/A,No description available,No image available,N/A,N/A
